int_subpath_id,prod_subpath_id,int_sog_mean,int_sog_min,int_sog_max,int_sog_std,int_cog_mean,int_cog_min,int_cog_max,int_cog_std,int_num_messages,int_last_timestamp,int_avg_time_gap_seconds,prod_sog_mean,prod_sog_min,prod_sog_max,prod_sog_std,prod_cog_mean,prod_cog_min,prod_cog_max,prod_cog_std,prod_num_messages,prod_last_timestamp,prod_avg_time_gap_seconds,timestamp_diff_seconds,num_overlapping_timestamps,overlap_percentage_of_int,overlap_percentage_of_prod,overlap_percentage_of_union,int_pre_postprocessing_class,int_post_postprocessing_class,prod_pre_postprocessing_class,prod_post_postprocessing_class,int_confidence,prod_confidence,post_outputs_different,pre_outputs_different,transition,diff_sog_mean,diff_sog_min,diff_sog_max,diff_sog_std,diff_cog_mean,diff_cog_std,diff_num_messages,diff_avg_time_gap_seconds
6938b9bf-fd90-4d31-8cab-ca52bc5bae18,,1.4846806150748946,0.0,10.300000190734863,2.6439543982455938,217.99337248231467,0.800000011920929,358.5,91.11841931877,1769,2025-12-09 04:37:50+00:00,2445.241515837104,,,,,,,,,,,,,,,,,transiting,unknown,missing,missing,0.6416037678718567,,True,True,unknown -> missing,,,,,,,,
3345cf42-c49e-4206-a994-0779197b292e,acd46f44-4fb9-4a4a-b2c9-ad6c13758e57,3.092324564707253,0.0,8.199999809265137,2.495164654631923,179.85394745163228,0.6000000238418579,358.3999938964844,100.58835164996758,912,2025-12-06 15:20:15+00:00,2259.293084522503,2.039411772726213,0.0,7.800000190734863,1.9349703795696185,169.2108379033766,1.5,358.0,91.2171448091898,850.0,2025-12-06 19:49:32+00:00,1763.208480565371,-16157.0,36.0,3.95,4.24,2.09,fishing,fishing,fishing,moored,0.9639249444007874,0.8279126286506653,True,False,fishing -> moored,1.05291279198104,0.0,0.39999961853027344,0.5601942750623043,10.643109548255666,9.371206840777774,62.0,496.0846039571318
dbbc7fc6-dfbb-47c2-9c59-0aab1423cb2d,8b397258-82ab-40fc-866e-938a45ca8ac6,10.229057103390684,0.0,19.100000381469727,4.547906020446554,185.41475513851097,0.0,359.0,95.61988558056731,1559,2025-12-09 23:14:16+00:00,450.1258023106547,9.122413906190271,0.0,17.700000762939453,5.571376491668768,196.9747259064557,0.1000000014901161,359.0,82.2096095632764,2088.0,2025-12-09 22:15:03+00:00,216.43219932918063,3553.0,47.0,3.01,2.25,1.31,fishing,fishing,transiting,transiting,0.9584668278694152,0.8850665092468262,True,True,fishing -> transiting,1.1066431972004125,0.0,1.3999996185302734,-1.0234704712222138,-11.55997076794472,13.410276017290911,-529.0,233.69360298147407
f8af8d4a-f7f7-410d-ae66-de8d349e3b8a,c9c1add1-dba7-45a9-b3e8-90a069ff3909,1.5205967727102188,0.0,10.800000190734863,2.533986759503743,121.61770595248451,0.0,359.0,130.725289516726,2413,2025-12-08 20:59:49+00:00,1391.3880597014925,1.549790654050684,0.0,11.0,2.587308597926838,108.70741794769312,0.0,358.8999938964844,128.8295997842403,2866.0,2025-12-08 16:37:02+00:00,927.0275741710296,15767.0,93.0,3.85,3.24,1.79,transiting,transiting,fishing,fishing,0.5826850533485413,0.824230432510376,True,True,transiting -> fishing,-0.0291938813404653,0.0,-0.19999980926513672,-0.0533218384230949,12.910288004791397,1.895689732485721,-453.0,464.3604855304628
e65b29b7-7fb5-4e28-8a1a-05f3ee215bb9,28c7b527-5e26-4b4e-9795-3f37d4143faf,2.0271143243128424,0.0,10.800000190734863,2.419305691078369,187.15422216873543,0.0,359.0,113.50113138671998,2353,2025-12-06 20:51:26+00:00,878.718537414966,2.318603774088985,0.0,11.100000381469728,2.1813315138162115,175.72084995327566,0.0,358.8999938964844,114.30549473925632,2607.0,2025-12-06 22:39:08+00:00,243.40099769762088,-6462.0,55.0,2.34,2.11,1.12,fishing,fishing,transiting,transiting,0.5003198981285095,0.9187288284301758,True,True,fishing -> transiting,-0.29148944977614244,0.0,-0.30000019073486506,0.2379741772621573,11.43337221545977,-0.8043633525363418,-254.0,635.3175397173452
6ec61892-bfca-4b5a-9173-1021def4249c,ccf972a7-d91f-4afa-96c6-e67cbab54637,5.169230767325852,0.0,12.800000190734863,4.404620921481417,175.62984685123374,0.0,359.0,100.83579920658973,2353,2025-12-08 09:08:54+00:00,103.1764455782313,4.060813328695385,0.0,12.800000190734863,4.407383444935642,180.05203740883758,0.0,358.79998779296875,96.39008585782456,2164.0,2025-12-08 19:04:33+00:00,761.7471104946833,-35739.0,14.0,0.59,0.65,0.31,fishing,fishing,fishing,moored,0.9109222888946532,0.9088781476020812,True,False,fishing -> moored,1.1084174386304673,0.0,0.0,-0.0027625234542254518,-4.422190557603841,4.445713348765167,189.0,-658.570664916452
298cd9ca-0ae5-4f2f-9afb-772d63a1f66e,06c034bd-bd91-4e98-ac6e-dd3fe6774751,4.0697002770506066,0.0,11.100000381469728,3.80026080713006,169.45398889607418,0.0,359.0,90.47458733840352,1835,2025-12-09 22:48:53+00:00,742.1962922573609,2.62458546379099,0.0,11.600000381469728,3.0676819253471352,177.0122669726223,0.6000000238418579,358.70001220703125,95.47660374429891,1387.0,2025-12-09 22:03:26+00:00,1438.0007215007215,2727.0,5.0,0.27,0.36,0.16,fishing,fishing,fishing,moored,0.8256563544273376,0.6135194301605225,True,False,fishing -> moored,1.4451148132596168,0.0,-0.5,0.7325788817829246,-7.5582780765481345,-5.0020164058953895,448.0,-695.8044292433606
49ac9326-33ec-40a1-ac64-d2fc171706b5,32e6398a-6fa5-4b21-8761-b000c17b48a2,5.9211447165630435,0.0,102.3000030517578,11.483832781271294,207.82686344144255,0.0,358.8999938964844,94.69250050490972,2516,2025-12-10 00:25:04+00:00,991.4445328031808,5.1492464958478745,0.0,102.3000030517578,6.557665180114266,201.6908942508743,0.0,359.0,94.52369326954047,2256.0,2025-12-10 00:38:01+00:00,1053.4678492239468,-777.0,355.0,14.11,15.74,8.04,,,transiting,transiting,,0.5290108323097229,True,True,nan -> transiting,0.771898220715169,0.0,0.0,4.926167601157029,6.135969190568261,0.16880723536924336,260.0,-62.02331642076604
8dba3c6d-97ab-4cc4-b2ef-3a7ebdde9c12,e43a43e2-d194-47b9-868d-09e238357e2e,4.300068678280625,0.0,12.5,3.976374748224691,181.83530625616345,0.0,358.79998779296875,95.75735860431656,2912,2025-12-09 01:05:35+00:00,243.3215389900378,2.975983799867045,0.0,11.899999618530272,3.483705048286049,173.24920768591022,0.0,359.0,107.2481931712438,2465.0,2025-12-10 00:59:03+00:00,620.4561688311688,-86008.0,21.0,0.72,0.85,0.39,fishing,fishing,moored,moored,0.6224360466003418,0.9628339409828186,True,True,fishing -> moored,1.3240848784135801,0.0,0.6000003814697283,0.49266969993864196,8.586098570253228,-11.490834566927234,447.0,-377.1346298411311
c9eb3523-04ab-4c6f-b0fe-5b97be64edf1,d31fd6d7-32cb-405a-a6c3-874a7ad366fd,3.234563861016753,0.0,11.100000381469728,2.4722990046857363,199.6372891995779,0.0,359.0,106.93230294607936,3359,2025-12-08 23:35:41+00:00,689.5297796307326,3.638161392214772,0.0,10.600000381469728,2.9051106846591135,192.39975840962768,0.0,359.0,105.97644498799664,3024.0,2025-12-09 06:25:47+00:00,549.5987429705591,-24606.0,110.0,3.27,3.64,1.75,fishing,fishing,fishing,transiting,0.936253547668457,0.6720858812332153,True,False,fishing -> transiting,-0.4035975311980189,0.0,0.5,-0.4328116799733772,7.2375307899502275,0.9558579580827171,335.0,139.9310366601735
e03417e2-5021-4d1b-aeef-d89b38b29bd7,b95b8fc4-6449-477d-a06f-947f895f64e1,2.889566997327152,0.0,12.199999809265137,3.8023311151206447,180.44478158138455,0.5,359.0,86.74033311563606,2933,2025-12-08 14:54:42+00:00,122.2731923601637,1.247191406652104,0.0,102.3000030517578,2.7107632210998123,201.27585846295256,2.299999952316284,356.3999938964844,61.34284614553918,2884.0,2025-12-08 18:31:33+00:00,31.244536940686785,-13011.0,45.0,1.53,1.56,0.78,fishing,fishing,fishing,moored,0.8774866461753845,0.9004986882209778,True,False,fishing -> moored,1.642375590675048,0.0,-90.10000324249266,1.0915678940208324,-20.83107688156801,25.397486970096885,49.0,91.02865541947692
04557d7b-32e1-4997-83a7-8f1402d6c2dd,6075233e-84b7-4c89-9eb3-0704c77ec9ac,3.5704545601113855,0.0,10.199999809265137,2.113696084562516,173.5078437162283,0.0,358.79998779296875,116.09450844727084,616,2025-12-09 10:21:36+00:00,5158.2,2.91411890390857,0.0,10.899999618530272,2.4213013304696376,148.29639464198533,0.0,359.0,120.63332328066694,1884.0,2025-12-09 14:40:07+00:00,862.2193308550186,-15511.0,3.0,0.49,0.16,0.12,fishing,fishing,transiting,transiting,0.7848565578460693,0.8587931394577026,True,True,fishing -> transiting,0.6563356562028155,0.0,-0.6999998092651349,-0.30760524590712146,25.211449074242978,-4.538814833396103,-1268.0,4295.980669144981
57250bd6-6f18-49a2-b576-02aa906405ce,51d65031-2ebd-42a9-b204-c4f59f999759,4.339668661112534,0.0,12.600000381469728,3.0799342148482123,151.35688611269958,0.2000000029802322,357.8999938964844,91.02199670700762,2173,2025-12-07 20:03:45+00:00,653.1247697974218,3.984324700616827,0.1000000014901161,12.800000190734863,2.6876477418406437,203.27964960883148,0.2000000029802322,358.79998779296875,94.67794803450496,2858.0,2025-12-07 20:54:50+00:00,84.70668533426671,-3065.0,9.0,0.41,0.31,0.18,transiting,transiting,fishing,fishing,0.8650299310684204,0.8827921748161316,True,True,transiting -> fishing,0.35534396049570693,-0.1000000014901161,-0.19999980926513494,0.3922864730075686,-51.92276349613189,-3.6559513274973483,-685.0,568.4180844631551
7e85deb7-6fac-49d0-b8bf-ce8fdd227ced,a67d4412-c4b7-4502-ac14-a82e069d9a49,4.51367202343271,0.4000000059604645,10.399999618530272,2.6184438138048653,182.12823017228015,0.0,359.0,84.50694731093552,2677,2025-12-07 19:02:18+00:00,500.4674887892377,5.770173654787224,0.4000000059604645,10.399999618530272,2.6311542240373345,164.946698333678,0.0,359.0,102.19858032688782,2937.0,2025-12-08 05:14:36+00:00,161.53303814713897,-36738.0,25.0,0.93,0.85,0.45,fishing,transiting,fishing,fishing,0.8867956399917603,0.862496018409729,True,False,transiting -> fishing,-1.2565016313545145,0.0,0.0,-0.012710410232469105,17.181531838602154,-17.691633015952306,-260.0,338.9344506420987
314e599d-5a45-47b9-8e5a-d7b41561e789,bea392b2-e568-44d9-bb48-dbaa125fff6b,4.078593272453784,0.0,11.0,2.553513886742185,182.90722143092063,0.0,359.0,112.83137862512343,2289,2025-12-09 23:23:08+00:00,869.1608391608391,3.850000012533578,0.0,10.0,2.3908268599863938,185.49777024186184,0.0,359.0,113.02750738183488,2926.0,2025-12-09 23:46:36+00:00,559.0023931623932,-1408.0,75.0,3.28,2.56,1.46,fishing,fishing,transiting,transiting,0.9292716979980468,0.6642444133758545,True,True,fishing -> transiting,0.22859325992020585,0.0,1.0,0.1626870267557914,-2.5905488109412147,-0.19612875671144536,-637.0,310.1584459984459
706c5eed-8419-42da-9468-69ba821d385b,,2.043713602103081,0.0,12.800000190734863,3.20171636330972,172.12067894084925,0.1000000014901161,359.0,101.7344410306241,2919,2025-12-09 14:31:52+00:00,265.54112405757365,,,,,,,,,,,,,,,,,transiting,transiting,missing,missing,0.937324285507202,,True,True,transiting -> missing,,,,,,,,
109936a9-a8aa-4488-b1f5-7bcee4204586,40375a15-11fa-4fec-b4cd-7add76a4b404,3.2176883423724463,0.0,11.300000190734863,3.383751053027337,173.38754694851437,0.0,358.8999938964844,105.05060053330077,2137,2025-12-09 21:40:19+00:00,576.8558052434457,3.5045591640728775,0.0,11.300000190734863,3.363353695743928,172.3063699692985,0.1000000014901161,358.79998779296875,103.53797441735074,2325.0,2025-12-09 18:11:52+00:00,447.6755593803787,12507.0,83.0,3.88,3.57,1.9,moored,unknown,fishing,fishing,0.9463704824447632,0.8654831647872925,True,True,unknown -> fishing,-0.2868708217004312,0.0,0.0,0.02039735728340908,1.0811769792158827,1.5126261159500274,-188.0,129.18024586306706
207ea026-2302-4f89-979b-a4479d045a5a,7c27e993-37bc-4b2f-a11e-4aa5a8c6d2d3,5.52787049507874,0.0,13.100000381469728,4.357098587166837,168.82953176399735,0.0,358.5,97.29968152647872,2996,2025-12-07 02:54:24+00:00,141.2888146911519,6.355795742954861,0.0,13.5,4.278924153018384,171.1326996250297,0.0,358.29998779296875,94.52312915713696,1527.0,2025-12-07 08:14:34+00:00,1446.2686762778503,-19210.0,17.0,0.57,1.11,0.38,fishing,fishing,fishing,transiting,0.8312633633613586,0.5595541000366211,True,False,fishing -> transiting,-0.827925247876121,0.0,-0.39999961853027166,0.07817443414845293,-2.3031678610323354,2.7765523693417578,1469.0,-1304.9798615866985
dd5b0f96-5cc4-4be4-83e7-688a8fb19b3b,1431fd48-0158-4afd-a39a-918a7f4a431d,1.1872708764374864,0.0,9.899999618530272,2.2785090835904858,186.63621320768573,0.2000000029802322,359.0,114.90973436053235,2946,2025-12-07 10:12:57+00:00,285.2706281833616,2.305273712929761,0.0,9.800000190734863,2.6766695657031545,141.90839875204446,0.0,359.0,125.30876782991582,2996.0,2025-12-07 06:10:40+00:00,268.83439065108513,14537.0,44.0,1.49,1.47,0.75,transiting,transiting,fishing,fishing,0.5251574516296387,0.8942411541938782,True,True,transiting -> fishing,-1.1180028364922747,0.0,0.09999942779540838,-0.39816048211266875,44.727814455641266,-10.399033469383468,-50.0,16.436237532276493
85458422-9a36-4662-b664-098cdd1f7c55,,7.000000002700451,0.0,11.899999618530272,3.5395280485114147,166.5771507695471,0.0,359.0,109.55951680890976,1454,2025-12-09 12:21:25+00:00,1970.0633172746043,,,,,,,,,,,,,,,,,fishing,fishing,missing,missing,0.8945354223251343,,True,True,fishing -> missing,,,,,,,,
5b486709-af9e-4b97-85af-50fccaacf100,,5.5558874032447685,0.0,12.600000381469728,4.0026708761305425,158.85263340253633,0.3000000119209289,358.8999938964844,103.1256297927879,2913,2025-12-08 05:34:57+00:00,489.4296016483517,,,,,,,,,,,,,,,,,fishing,fishing,missing,missing,0.9820047616958618,,True,True,fishing -> missing,,,,,,,,
7c7c6ee8-d29b-41d1-b3ab-92bdd252b279,248b2315-b7eb-4dbb-9ce1-83e13da83cb6,2.9780942738642326,0.0,11.399999618530272,3.2106296571591284,187.14307082765583,0.1000000014901161,359.0,100.46994678333454,2949,2025-12-08 04:46:25+00:00,70.62279511533242,2.249903382472514,0.0,10.199999809265137,2.900033748954441,180.38410640246627,0.0,359.0,103.63377253039025,2070.0,2025-12-09 04:23:14+00:00,1160.9207346544224,-85009.0,11.0,0.37,0.53,0.22,fishing,fishing,transiting,transiting,0.5784693360328674,0.8528122305870056,True,True,fishing -> transiting,0.7281908913917188,0.0,1.199999809265135,0.3105959082046872,6.758964425189561,-3.1638257470557107,879.0,-1090.29793953909
b161a768-73eb-495c-86bf-1685c2618ac9,53628f9e-cc06-47c3-ac48-38122fb0b753,2.1142328468503613,0.0,10.300000190734863,3.0569776094522187,158.04639005051692,0.0,358.8999938964844,92.6659963773846,2972,2025-12-06 23:49:04+00:00,201.791652642208,2.835812914059526,0.0,11.600000381469728,3.0000918200648656,175.4929470542847,0.1000000014901161,359.0,118.72835632617576,1304.0,2025-12-06 22:38:51+00:00,1578.0353031465847,4213.0,5.0,0.17,0.38,0.12,fishing,fishing,fishing,moored,0.8965011835098267,0.7360693216323853,True,False,fishing -> moored,-0.7215800672091648,0.0,-1.300000190734865,0.056885789387353114,-17.446557003767794,-26.062359948791155,1668.0,-1376.2436505043768
e6156331-5bbd-4d4f-a8b0-ee4ac4ac71a9,5525ef95-5b3e-44c5-8652-1fed912ab1a6,1.46535067500082,0.0,11.5,2.606539813328258,234.7960002688197,0.3000000119209289,357.79998779296875,85.77886072868836,2153,2025-12-07 11:06:22+00:00,580.8136617100372,2.2547571891244975,0.0,9.0,2.8411017031412396,238.42908857362593,5.5,356.79998779296875,86.7746255801469,2018.0,2025-12-07 11:05:10+00:00,334.79127416955873,72.0,24.0,1.11,1.19,0.58,fishing,unknown,fishing,fishing,0.6952369213104248,0.9881569743156432,True,False,unknown -> fishing,-0.7894065141236775,0.0,2.5,-0.23456188981298176,-3.633088304806222,-0.9957648514585458,135.0,246.02238754047846
971d0478-adad-4825-a4ef-482a947851ca,273117e8-cfa3-45b2-bb01-17985b40d893,3.4266446285430066,0.0,10.899999618530272,3.139528258417963,181.03557685074404,0.0,359.0,103.35436583806116,3025,2025-12-06 23:14:30+00:00,252.09821428571428,2.442320110390381,0.0,9.600000381469728,3.009739170374788,185.66943082511744,0.0,358.70001220703125,98.99089943832416,931.0,2025-12-07 02:35:50+00:00,2992.1731182795697,-12080.0,0.0,0.0,0.0,0.0,fishing,fishing,transiting,transiting,0.7622071504592896,0.8911930918693542,True,True,fishing -> transiting,0.9843245181526257,0.0,1.2999992370605433,0.12978908804317468,-4.633853974373409,4.363466399736993,2094.0,-2740.0749039938555
14088a77-8c50-4177-9b5e-587140ae158b,5c2667f1-178b-4d17-b94d-d0dc7da91e27,3.095270499863382,0.0,11.300000190734863,2.681205816986357,168.9855974470733,0.0,359.0,96.65970790331949,2939,2025-12-07 04:19:01+00:00,39.040844111640574,2.5136543231139337,0.0,10.800000190734863,2.6622772816935494,171.43727211361633,0.0,359.0,104.31171396227188,1267.0,2025-12-07 04:47:06+00:00,2127.635860979463,-1685.0,1.0,0.03,0.08,0.02,fishing,fishing,fishing,transiting,0.73786860704422,0.6552044153213501,True,False,fishing -> transiting,0.5816161767494483,0.0,0.5,0.01892853529280769,-2.4516746665430276,-7.652006058952395,1672.0,-2088.5950168678223
027e99a4-2070-42fa-871f-e6c602dbcd2c,1b97b167-b5ae-4e48-b8fd-f9335dea62fd,4.269083788349224,0.0,11.699999809265137,4.087588770610709,173.1823845617473,0.0,358.70001220703125,104.70627456413702,2041,2025-12-09 02:43:27+00:00,158.20343137254903,3.3719940563695836,0.0,12.100000381469728,4.146551163671483,169.24460357470045,0.0,358.6000061035156,100.13215793485575,1339.0,2025-12-09 09:09:29+00:00,3132.2675635276532,-23162.0,9.0,0.44,0.67,0.27,fishing,fishing,moored,moored,0.930609166622162,0.927778422832489,True,True,fishing -> moored,0.8970897319796407,0.0,-0.4000005722045916,-0.05896239306077433,3.937780987046864,4.574116629281264,702.0,-2974.0641321551043
a12d97b5-4410-46cd-87c3-c895991cf10f,a4daad0a-9582-46d3-9a91-338b48d7f8f4,6.53563662849939,0.0,12.600000381469728,3.218850148528695,173.50698703085857,0.0,357.6000061035156,96.06641883293769,2851,2025-12-09 09:19:57+00:00,583.4901754385965,5.260493886470795,0.0,12.300000190734863,3.4607453762415674,167.89950769878303,0.0,358.79998779296875,91.75538301596282,1620.0,2025-12-09 07:30:37+00:00,1176.5663990117357,6560.0,26.0,0.91,1.6,0.58,fishing,fishing,anchored,unknown,0.9572591185569764,0.7546834349632263,True,True,fishing -> unknown,1.2751427420285948,0.0,0.30000019073486506,-0.24189522771287253,5.607479332075542,4.311035816974865,1231.0,-593.0762235731393
6e1f9d31-2fb9-4428-a316-74065c2dfb73,,5.338961044028079,0.0,11.699999809265137,3.651180569235744,150.38331524891305,0.0,358.79998779296875,105.56347718920917,2772,2025-12-09 15:21:23+00:00,483.6225189462288,,,,,,,,,,,,,,,,,transiting,transiting,missing,missing,0.5476305484771729,,True,True,transiting -> missing,,,,,,,,
ca5e430d-18c5-4672-bde1-6ad40a46c9ea,247a6546-68e1-4934-9bf3-883c9dd8eb0d,2.598601933467292,0.0,58.5,3.061397709012933,181.286075283736,0.0,358.3999938964844,107.41653612890956,1359,2025-12-09 19:45:01+00:00,2248.5670103092784,2.6583892846496084,0.0,9.300000190734863,1.9291764799878663,164.0608075820661,0.0,358.20001220703125,108.24140153652654,1043.0,2025-12-09 17:49:47+00:00,2439.7840690978887,6914.0,420.0,30.91,40.27,21.19,fishing,fishing,moored,moored,0.6370335221290588,0.5242515206336975,True,True,fishing -> moored,-0.059787351182316595,0.0,49.19999980926514,1.1322212290250668,17.225267701669907,-0.8248654076169828,316.0,-191.2170587886103
c03b452e-da0d-42ab-b371-96fa8468025c,a2fb9a04-4cb9-4355-92d2-8f170b605642,3.212192306252053,0.0,9.300000190734863,1.707034929000664,209.8538611110608,0.4000000059604645,358.6000061035156,98.690374292125,2600,2025-12-08 14:37:31+00:00,824.7964601769911,2.9888889026353715,0.1000000014901161,9.300000190734863,1.5006455752018022,193.9286089049164,0.2000000029802322,358.70001220703125,105.38801577711315,2772.0,2025-12-08 12:49:15+00:00,120.0122699386503,6496.0,28.0,1.08,1.01,0.52,transiting,transiting,fishing,fishing,0.7728577256202698,0.8379985094070435,True,True,transiting -> fishing,0.22330340361668144,-0.1000000014901161,0.0,0.2063893537988617,15.925252206144421,-6.697641484988154,-172.0,704.7841902383408
8a531330-525f-4c35-8563-5a2e30e1e05a,d9636d8a-b457-4ef4-b0ad-511dd07d3461,5.254513401052112,0.0,14.0,5.094907101652028,158.8604306010125,0.0,358.6000061035156,101.37172190485404,2836,2025-12-09 23:42:47+00:00,182.2063492063492,5.800099251961838,0.0,14.5,5.198169264652418,162.3502000175357,0.0,358.79998779296875,97.3450972883422,1008.0,2025-12-09 14:49:28+00:00,2817.542204568024,31999.0,13.0,0.46,1.29,0.34,fishing,fishing,transiting,transiting,0.8498064875602722,0.9360308051109314,True,True,fishing -> transiting,-0.5455858509097267,0.0,-0.5,-0.10326216300039004,-3.4897694165232167,4.026624616511839,1828.0,-2635.3358553616745
88744a76-8268-4283-9844-81c29676ede5,91477a5e-3aad-45ee-804b-ea4ad001defa,1.7857142866839713,0.0,7.599999904632568,1.5691197861157522,172.4088236985105,0.2000000029802322,358.70001220703125,100.35021720583605,2282,2025-12-09 06:43:22+00:00,1296.9386234107849,1.7467819410702796,0.0,7.300000190734863,1.447177143203142,170.06389453331582,0.2000000029802322,358.8999938964844,99.67317633228058,2082.0,2025-12-09 13:31:53+00:00,1410.774627582893,-24511.0,1241.0,54.38,59.61,39.74,fishing,fishing,fishing,moored,0.7466621994972229,0.9446672201156616,True,False,fishing -> moored,0.03893234561369163,0.0,0.2999997138977051,0.12194264291261026,2.344929165194685,0.6770408735554696,200.0,-113.836004172108
0d4b9541-5cdb-461c-bb59-f7721a098375,,3.8041595082516193,0.0,11.0,1.8296070827080055,193.2635492119871,0.0,359.0,106.84384695481718,2909,2025-12-08 08:44:02+00:00,1614.587689133425,,,,,,,,,,,,,,,,,transiting,transiting,missing,missing,0.5268808603286743,,True,True,transiting -> missing,,,,,,,,
5d649b1f-491c-44ed-9401-5f0226664cbe,,2.389208643724003,0.0,7.900000095367432,1.5373216309910096,203.02097372768375,2.200000047683716,359.0,94.61492633868366,1112,2025-12-09 23:32:00+00:00,2715.1188118811883,,,,,,,,,,,,,,,,,fishing,fishing,missing,missing,0.9413992166519164,,True,True,fishing -> missing,,,,,,,,
c44cab02-84e2-4f9b-ae09-5c766854c5b0,59157c62-a5cc-41c4-b138-ffb208978ccf,3.9444007205382015,0.0,12.0,3.826075621077782,162.85226137984253,0.0,358.70001220703125,95.79293799653132,2795,2025-12-09 14:14:36+00:00,219.46313528990697,2.6067243835550253,0.0,14.100000381469728,3.507540398022273,169.07671833433972,0.0,358.79998779296875,100.68398512198216,1502.0,2025-12-09 11:14:33+00:00,1763.549633577615,10803.0,2.0,0.07,0.13,0.05,fishing,fishing,fishing,moored,0.7824368476867676,0.6997530460357666,True,False,fishing -> moored,1.3376763369831761,0.0,-2.1000003814697283,0.31853522305550896,-6.224456954497185,-4.891047125450839,1293.0,-1544.0864982877079
e1f124b9-197a-415a-bb82-d283d715c424,27f4e85b-7a44-41a3-af08-9cfe63603a9b,3.803657256845334,0.0,10.399999618530272,2.603069188725466,225.9836185275936,0.1000000014901161,359.0,103.6510311137554,2871,2025-12-08 23:57:27+00:00,417.9254355400697,3.157924052959731,0.0,10.100000381469728,3.1347958925440604,278.46328993074565,0.0,359.0,97.62661363315408,3054.0,2025-12-08 18:56:54+00:00,166.6075990828693,18033.0,209.0,7.28,6.84,3.66,moored,unknown,fishing,fishing,0.9152688384056092,0.8400152921676636,True,True,unknown -> fishing,0.645733203885603,0.0,0.2999992370605433,-0.5317267038185944,-52.479671403152054,6.024417480601315,-183.0,251.3178364572004
117255fe-b9c7-4041-b984-d68c6c0371b4,9c60b196-1bfa-495c-8773-c9ed8af77785,3.835594642027538,0.0,10.0,2.5523615054554845,191.69093971419457,0.800000011920929,358.20001220703125,101.01580602161596,1194,2025-12-09 11:31:16+00:00,888.7367979882649,3.4974433905598104,0.0,9.5,2.667138259733365,192.57297341313304,0.0,358.5,101.62336365861698,1369.0,2025-12-09 08:13:07+00:00,583.7675438596491,11889.0,132.0,11.06,9.64,5.43,fishing,fishing,transiting,transiting,0.5315036177635193,0.911355197429657,True,True,fishing -> transiting,0.33815125146772784,0.0,0.5,-0.11477675427788059,-0.8820336989384714,-0.6075576370010225,-175.0,304.96925412861583
7dbf7010-1a1b-4661-b42f-341084d6b869,68092820-b4d6-4362-97ac-5adf8af7c74f,3.540094339670965,0.0,10.899999618530272,2.2891579224825493,190.48854793343415,0.2000000029802322,359.0,103.47782582965296,1696,2025-12-09 23:20:18+00:00,1492.5669616519174,3.6219295300887415,0.0,12.300000190734863,2.18149962317972,179.6610905873038,0.0,358.6000061035156,106.8046820390344,2923.0,2025-12-10 02:25:01+00:00,436.34496919917865,-11083.0,93.0,5.48,3.18,2.05,fishing,fishing,anchored,moored,0.9644322991371156,0.5389732122421265,True,True,fishing -> moored,-0.08183519041777654,0.0,-1.4000005722045916,0.10765829930282944,10.827457346130359,-3.3268562093814467,-1227.0,1056.2219924527387
f1273c7d-1b51-48ec-96e2-47d010a6eaea,,3.533996567590159,0.0,10.300000190734863,1.799592046028356,198.09849092506423,0.0,359.0,99.3067254474067,2915,2025-12-08 08:20:35+00:00,1202.9673987645847,,,,,,,,,,,,,,,,,fishing,fishing,missing,missing,0.8310095071792603,,True,True,fishing -> missing,,,,,,,,
6d97eeea-181c-4c89-aa5b-0249a57336f2,,1.8942189517088448,0.0,9.899999618530272,3.247744957545463,187.17499168092968,0.0,358.70001220703125,98.28533348343612,3252,2025-12-09 15:53:42+00:00,133.96124269455552,,,,,,,,,,,,,,,,,fishing,fishing,missing,missing,0.6498116254806519,,True,True,fishing -> missing,,,,,,,,
fce2b160-295f-4376-b128-c872c7c207fd,a1921ffc-f6dd-4256-842b-9a834e1e9f4f,0.0289956625273794,0.0,7.0,0.3269545725966004,197.99508836023284,0.0,359.0,102.66815217826546,2997,2025-12-09 12:14:22+00:00,821.1355140186915,0.0551020410838441,0.0,7.300000190734863,0.4787005178191893,204.43232147661652,0.0,358.8999938964844,93.0963284191417,3136.0,2025-12-09 13:30:38+00:00,283.62583732057413,-4576.0,48.0,1.6,1.53,0.79,fishing,unknown,fishing,moored,0.5963631272315979,0.6878983974456787,True,False,unknown -> moored,-0.026106378556464704,0.0,-0.3000001907348633,-0.15174594522258894,-6.4372331163836805,9.57182375912376,-139.0,537.5096766981173
f2afa53f-77f7-424b-81b8-050c21e589fa,fe814402-631f-48af-acca-e6b06f7885bf,3.928614765518657,0.1000000014901161,10.100000381469728,2.4583082705360093,186.9711679871766,0.0,358.79998779296875,108.82398383656286,989,2025-12-09 10:03:23+00:00,2899.7074898785427,3.46752138553404,0.0,10.0,2.49806183866109,174.0628051832269,0.0,358.79998779296875,97.86861056148388,1521.0,2025-12-09 08:48:44+00:00,812.9217105263158,4479.0,7.0,0.71,0.46,0.28,fishing,fishing,transiting,transiting,0.8206174969673157,0.5920422077178955,True,True,fishing -> transiting,0.4610933799846171,0.1000000014901161,0.10000038146972834,-0.03975356812508091,12.9083628039497,10.955373275078983,-532.0,2086.785779352227
1229701b-0ae5-4310-8fe0-cfa9969a5271,23e67fd5-2bc2-4b73-a24e-302147c88fa2,5.928354193669551,0.5,9.5,3.2074157351383215,200.4734828969348,0.0,359.0,105.25144555810506,2959,2025-12-07 19:00:29+00:00,195.4945909398242,8.819725293011345,3.799999952316284,9.399999618530272,0.3085437401731207,90.5859250352618,0.0,359.0,37.22850303217783,2839.0,2025-12-07 18:00:25+00:00,57.710711768851304,3604.0,77.0,2.6,2.71,1.35,fishing,fishing,fishing,transiting,0.8933387398719788,0.8658153414726257,True,False,fishing -> transiting,-2.891371099341794,-3.299999952316284,0.10000038146972834,2.8988719949652006,109.887557861673,68.02294252592723,120.0,137.7838791709729
898338ab-35ec-4414-b1fd-1680849a3799,4285beda-955b-4f2a-9870-76c35b1afc16,2.229694918320846,0.0,11.300000190734863,2.5366823052271044,180.64840145111592,0.0,358.8999938964844,114.8063117633546,2950,2025-12-09 14:56:23+00:00,820.116988809766,1.5165721966315802,0.0,8.600000381469727,1.3668629517823525,189.06840775913523,0.0,358.8999938964844,110.05310356042384,2999.0,2025-12-10 01:23:18+00:00,191.5903935957305,-37615.0,167.0,5.66,5.57,2.89,fishing,fishing,transiting,transiting,0.9832968711853028,0.7134025692939758,True,True,fishing -> transiting,0.7131227216892657,0.0,2.6999998092651367,1.1698193534447519,-8.42000630801931,4.7532082029307645,-49.0,628.5265952140355
a11fca85-b874-44af-9274-2a07f2fdce74,cfe70000-5c9e-4ee7-96ca-6ce47e205a81,1.9940332616987584,0.0,10.399999618530272,2.8776973102959404,163.42804336188487,0.0,358.79998779296875,101.05548277839324,3067,2025-12-08 08:48:39+00:00,154.1917808219178,3.6764439143467698,0.0,10.100000381469728,3.6609412186647554,157.96588782003226,0.0,359.0,105.49990385202172,1541.0,2025-12-08 15:00:51+00:00,1210.075974025974,-22332.0,6.0,0.2,0.39,0.13,fishing,fishing,anchored,transiting,0.7587926387786865,0.7957316040992737,True,True,fishing -> transiting,-1.6824106526480114,0.0,0.2999992370605433,-0.783243908368815,5.46215554185261,-4.444421073628476,1526.0,-1055.8841932040561
1fd86614-4d07-40f2-a443-c16d23881d00,3d9ebb06-8e94-43e1-a439-70270f17a234,3.012559615498064,0.0,9.0,2.081001817763409,186.8234821617271,0.1000000014901161,359.0,104.65359644576384,1887,2025-12-08 11:50:34+00:00,820.6055143160128,2.9735624143830273,0.0,9.0,2.134221720254154,180.9850527662589,0.0,359.0,104.61877326315016,2852.0,2025-12-08 22:31:28+00:00,604.0929498421607,-38454.0,155.0,8.21,5.43,3.38,fishing,fishing,moored,moored,0.6275295615196228,0.8861530423164368,True,True,fishing -> moored,0.038997201115036795,0.0,0.0,-0.05321990249074471,5.838429395468211,0.03482318261367823,-965.0,216.51256447385208
4bb2789a-e816-435c-bf9a-2ce640d2f67c,05873dab-b50e-47dc-9508-946c5a4921a4,2.430549115196089,0.0,12.5,3.3760130170158176,166.86539955890922,0.0,359.0,109.24875495360806,1293,2025-12-09 09:44:32+00:00,2048.1323529411766,3.258563573930145,0.0,12.300000190734863,3.9998837546773296,138.00484564025922,0.0,358.0,119.05894163515237,1448.0,2025-12-09 09:56:09+00:00,767.4132688320664,-697.0,6.0,0.46,0.41,0.22,transiting,transiting,fishing,fishing,0.7564727663993835,0.8086774945259094,True,True,transiting -> fishing,-0.8280144587340557,0.0,0.19999980926513672,-0.623870737661512,28.860553918649998,-9.810186681544309,-155.0,1280.71908410911
d88a7f91-0a7d-4084-a1e9-14661851d0da,bcf86c1d-a091-4d9c-b6b9-6432daa771ca,7.442085129134481,0.0,13.300000190734863,4.926229793652074,218.08429127435247,0.1000000014901161,358.79998779296875,105.5982743273226,2091,2025-12-09 14:35:12+00:00,1081.4244019138755,6.9511348115820875,0.0,13.600000381469728,4.977078747510506,214.9324820377871,0.0,359.0,105.09837787930022,2908.0,2025-12-09 21:29:44+00:00,499.05985552115584,-24872.0,18.0,0.86,0.62,0.36,fishing,fishing,fishing,transiting,0.8577837944030762,0.6247746348381042,True,False,fishing -> transiting,0.49095031755239393,0.0,-0.30000019073486506,-0.05084895385843158,3.151809236565356,0.4998964480223833,-817.0,582.3645463927196
28a0929c-9c43-473b-a68c-4ad18e124880,7d14de96-4e6e-46a8-b568-3c698708682a,5.189728131287048,0.0,12.800000190734863,3.6865212721746774,166.1345812541379,0.0,358.79998779296875,92.90378323937462,993,2025-12-09 16:21:46+00:00,2795.701612903226,4.37638789091637,0.0,11.800000190734863,3.07189133396607,169.595060964299,0.4000000059604645,358.8999938964844,97.91200361126884,1351.0,2025-12-09 11:37:38+00:00,1345.494074074074,17048.0,9.0,0.91,0.67,0.39,fishing,fishing,transiting,transiting,0.7322906255722046,0.7288737297058105,True,True,fishing -> transiting,0.8133402403706773,0.0,1.0,0.6146299382086076,-3.4604797101610814,-5.008220371894225,-358.0,1450.2075388291519
f153d546-9c1f-4949-9f3a-f308ca886322,e13035d5-8976-4de9-a7f9-e8d66fc21de0,5.4058629536408125,0.0,14.800000190734863,4.765311260188406,188.8606238187344,0.0,358.3999938964844,90.90349217734516,2729,2025-12-08 22:00:12+00:00,477.3610703812317,3.143949088530176,0.0,13.100000381469728,4.111080982781703,196.01234160431667,0.0,358.6000061035156,113.7111040735132,1570.0,2025-12-09 01:51:02+00:00,911.2689611217336,-13850.0,12.0,0.44,0.76,0.28,transiting,transiting,anchored,unknown,0.5088862776756287,0.5474519729614258,True,True,transiting -> unknown,2.2619138651106363,0.0,1.699999809265135,0.6542302774067021,-7.151717785582264,-22.80761189616804,1159.0,-433.9078907405019
e4e2c878-e1b0-4414-9dd4-18bbe9c14813,51740c4f-8efb-4c95-ab2c-dfc2709750ac,2.267268997424682,0.1000000014901161,10.600000381469728,3.3400105130216433,234.48880657626032,0.4000000059604645,358.70001220703125,93.0184610518675,2435,2025-12-09 01:01:41+00:00,705.4264585045194,2.6791666672788255,0.0,10.699999809265137,3.699170356063395,227.28674033255888,0.0,358.8999938964844,104.65607038382112,2904.0,2025-12-08 05:24:14+00:00,366.6000688942474,70647.0,32.0,1.31,1.1,0.6,fishing,moored,fishing,fishing,0.7993450164794922,0.8399426341056824,True,False,moored -> fishing,-0.41189766985414344,0.1000000014901161,-0.09999942779540838,-0.3591598430417515,7.202066243701438,-11.637609331953612,-469.0,338.826389610272
3598d43f-60e5-40b9-a69b-5680db3f8e27,3ca371d5-bd8f-4b42-bedb-8460fc2d15cf,2.3629107936423894,0.0,28.899999618530273,2.2433569567389866,169.65086078196063,0.3000000119209289,358.5,103.0639419081469,639,2025-12-09 20:05:48+00:00,3143.888714733542,1.923894394550583,0.0,8.800000190734863,1.9056571330205487,177.49418485531015,0.5,358.0,99.2071084530565,1515.0,2025-12-09 21:53:57+00:00,909.0601056803172,-6489.0,9.0,1.41,0.59,0.42,fishing,fishing,transiting,transiting,0.8505499362945557,0.7984071373939514,True,True,fishing -> transiting,0.43901639909180634,0.0,20.09999942779541,0.3376998237184379,-7.843324073349521,3.8568334550903955,-876.0,2234.828609053225
c222f29a-23b8-4118-94b1-721ee7180cf9,d14520e5-15ea-43ef-ab17-29e705751bc1,2.650696758188273,0.0,9.899999618530272,3.2104156398318215,184.16310701593113,0.0,358.70001220703125,102.60457328047434,3014,2025-12-09 16:11:44+00:00,114.92399601725856,3.102535012406069,0.0,12.300000190734863,3.6901897783154767,162.75626785234334,0.0,358.1000061035156,102.05394785707114,1144.0,2025-12-09 19:25:33+00:00,2551.268591426072,-11629.0,10.0,0.33,0.87,0.24,,,anchored,moored,,0.696583092212677,True,True,nan -> moored,-0.4518382542177961,0.0,-2.4000005722045916,-0.47977413848365513,21.40683916358779,0.5506254234032042,1870.0,-2436.3445954088133
f0e286bd-181b-4800-8188-26c0db1ce799,dc96dce8-7b16-442b-b6ed-b76f13575348,4.630715539662678,0.0,12.199999809265137,2.9900137661968067,197.4568553226353,0.0,359.0,108.68687767706078,2292,2025-12-06 22:04:37+00:00,515.0327367961589,4.554789029179068,0.0,12.199999809265137,2.8773974322372613,185.10097427863585,0.0,358.79998779296875,112.33650067429076,2986.0,2025-12-07 08:55:17+00:00,332.85762144053604,-39040.0,56.0,2.44,1.88,1.07,fishing,fishing,fishing,transiting,0.9357324242591858,0.6924453973770142,True,False,fishing -> transiting,0.07592651048360999,0.0,0.0,0.1126163339595454,12.35588104399946,-3.649622997229983,-694.0,182.1751153556229
f0c20a14-27c5-4b0f-a5de-567bc11b1cc2,e87e8bc1-1dd1-40ff-b7d7-81ed4e428835,1.7085063619650176,0.0,8.600000381469727,1.9067177297866529,196.1943271264744,0.0,358.79998779296875,106.45042801453852,2986,2025-12-07 17:59:17+00:00,383.3303182579564,2.4551759559142536,0.0,8.100000381469727,1.5900247142766268,183.9973492795411,0.800000011920929,357.20001220703125,104.9187994588625,1961.0,2025-12-07 15:56:47+00:00,495.1260204081632,7350.0,17.0,0.57,0.87,0.34,fishing,fishing,transiting,transiting,0.8603737354278564,0.499553233385086,True,True,fishing -> transiting,-0.746669593949236,0.0,0.5,0.31669301551002604,12.196977846933294,1.531628555676022,1025.0,-111.79570215020681
66321c42-8cec-42fc-aeb7-7856db6ecf85,,5.459505508852033,0.0,12.0,3.2134198033657735,173.09002999648797,0.0,358.8999938964844,107.64513875102536,2993,2025-12-09 20:51:27+00:00,325.91945187165777,,,,,,,,,,,,,,,,,anchored,unknown,missing,missing,0.6804824471473694,,True,True,unknown -> missing,,,,,,,,
d349e5c5-dcbf-4779-a118-b9b4df71312c,9ebf3b02-a708-47bd-9435-5b3792249fe7,3.8321088446899743,0.0,9.600000381469728,1.6337509577406266,199.57424307248755,0.0,359.0,103.42862885917128,2940,2025-12-08 07:47:17+00:00,994.1177271180674,3.751871080300248,0.0,9.300000190734863,1.5765447744233616,205.1615496555571,0.0,358.6000061035156,106.89330919797357,1737.0,2025-12-08 12:26:15+00:00,2065.490207373272,-16738.0,290.0,9.86,16.7,6.61,fishing,fishing,transiting,transiting,0.934678316116333,0.5593226552009583,True,True,fishing -> transiting,0.08023776438972607,0.0,0.30000019073486506,0.057206183317265014,-5.587306583069562,-3.4646803388022818,1203.0,-1071.3724802552047
4566f0a0-12ec-4e97-bd83-34034c2b1e7f,f2be1b3a-1126-4f55-8d63-aab04b9a6a51,2.8504208113083243,0.0,9.100000381469728,1.5362459094787135,179.7595715889476,0.0,358.79998779296875,103.3631982446304,1307,2025-12-09 10:10:49+00:00,2094.2848392036753,2.834839928600579,0.0,9.100000381469728,1.5211518370348205,178.90160372943248,0.0,358.79998779296875,108.21463860401926,1062.0,2025-12-08 19:27:37+00:00,2007.2082940622056,52992.0,136.0,10.41,12.81,6.09,fishing,fishing,transiting,transiting,0.7386884689331055,0.6036132574081421,True,True,fishing -> transiting,0.015580882707745047,0.0,0.0,0.015094072443893047,0.8579678595151279,-4.85144035938886,245.0,87.07654514146975
fe86cf72-6e97-44d7-8975-ecc47c2fc054,169af168-583f-459d-bfd1-b05ba3569d86,2.3326012395225164,0.0,14.199999809265137,3.195775995609135,179.26088000745114,0.0,358.79998779296875,111.35207139181456,2914,2025-12-07 10:11:56+00:00,849.5187092344662,2.614685924110242,0.0,12.600000381469728,3.3874071940497883,175.03130669685842,0.0,358.79998779296875,107.3049691043195,2356.0,2025-12-07 01:00:39+00:00,358.3915074309979,33077.0,25.0,0.86,1.06,0.48,fishing,fishing,fishing,transiting,0.9249426126480104,0.7460538148880005,True,False,fishing -> transiting,-0.2820846845877254,0.0,1.5999994277954084,-0.19163119844065335,4.229573310592713,4.047102287495065,558.0,491.1272018034683
47eb6563-3343-4f1b-8cc2-6225d6e40864,0fcee100-ef20-4a43-a1ce-774ff4ce9012,3.5310117688239115,0.0,10.800000190734863,2.8691942238771757,211.74495467340876,0.0,358.8999938964844,93.42144861226888,2886,2025-12-06 18:41:13+00:00,493.6409012131715,3.6133400447446338,0.0,10.800000190734863,2.9065998896001246,218.86688100102077,0.0,358.8999938964844,95.6919022954387,2976.0,2025-12-07 00:32:21+00:00,285.7653781512605,-21068.0,33.0,1.14,1.11,0.57,moored,unknown,fishing,fishing,0.9468940496444702,0.8602177500724792,True,True,unknown -> fishing,-0.08232827592072223,0.0,0.0,-0.0374056657229489,-7.121926327612016,-2.270453683169819,-90.0,207.875523061911
838a4128-891a-4a04-847e-555bdb077d90,d65a0919-25cc-484d-ae5f-616dc14cfa45,2.6689155504464925,0.0,102.3000030517578,3.2798221948337427,173.67710442862125,0.0,358.8999938964844,107.91664274733616,2001,2025-12-09 17:06:18+00:00,1354.7075,2.1963350858405812,0.0,8.300000190734863,2.0550498655205724,136.5085178163472,0.0,357.79998779296875,113.30743937392786,2483.0,2025-12-09 20:52:26+00:00,270.8327961321515,-13568.0,43.0,2.15,1.73,0.97,fishing,fishing,transiting,transiting,0.6679490804672241,0.9226426482200624,True,True,fishing -> transiting,0.4725804646059113,0.0,94.00000286102294,1.2247723293131703,37.168586612274055,-5.390796626591708,-482.0,1083.8747038678484
0171d16d-56e9-4c1a-9ed5-1ede7f7d1b78,7726c86d-aebf-446d-8cfb-f40a9b918aa6,4.7190947721359695,0.0,13.300000190734863,3.7951419221693423,165.15258001886974,0.2000000029802322,359.0,118.65406779300872,2121,2025-12-09 14:49:05+00:00,1122.2400943396226,5.638307402583853,0.0,13.300000190734863,2.4886946135105164,178.03671238062816,0.1000000014901161,359.0,113.75260445389806,2694.0,2025-12-09 06:01:39+00:00,389.67879688080205,31646.0,20.0,0.94,0.74,0.42,transiting,transiting,fishing,fishing,0.8876344561576843,0.8670446872711182,True,True,transiting -> fishing,-0.9192126304478831,0.0,0.0,1.306447308658826,-12.884132361758418,4.901463339110663,-573.0,732.5612974588205
dd690316-934b-4c4c-84e3-e1bc2a0aef5a,c2241eea-1794-4d7c-a3c1-f38986f395ab,5.209771660536207,0.0,10.399999618530272,3.0322931976948073,181.86816308742888,0.0,359.0,108.87302495370426,2978,2025-12-08 20:42:54+00:00,103.02620087336244,4.366411859603003,0.0,10.5,3.0368694285315714,172.65310767270896,0.1000000014901161,357.5,101.24082788489882,2093.0,2025-12-09 21:36:57+00:00,710.7686424474188,-89643.0,10.0,0.34,0.48,0.2,fishing,fishing,transiting,transiting,0.7351229190826416,0.7634565830230713,True,True,fishing -> transiting,0.8433598009332037,0.0,-0.10000038146972834,-0.004576230836764061,9.215055414719927,7.632197068805439,885.0,-607.7424415740563
6746ef8e-6333-4694-bef7-720f5210edcf,11055745-ab64-49d1-8498-d7b3924b72d5,5.502915252346104,0.0,10.300000190734863,1.1071816126721117,232.25809295078557,0.0,359.0,95.79538806965192,2950,2025-12-08 08:14:07+00:00,1997.086469989827,5.530891273325423,0.5,10.300000190734863,0.9124041566505118,217.62878506088924,0.0,359.0,88.02882532668706,2143.0,2025-12-08 07:58:45+00:00,4692.86741363212,922.0,1013.0,34.34,47.27,24.83,fishing,fishing,moored,unknown,0.6207232475280762,0.7019398212432861,True,True,fishing -> unknown,-0.027976020979319394,-0.5,0.0,0.1947774560215999,14.629307889896324,7.766562742964865,807.0,-2695.7809436422926
6361af1a-0c0b-4725-9ae1-72caa0084d04,1cc58f94-bbfa-49e1-a4ed-c257807f1231,2.115604394955404,0.0,9.800000190734863,1.9188764761163244,180.21303903445957,0.1000000014901161,358.29998779296875,98.42204498442425,2730,2025-12-08 06:45:53+00:00,912.739831440088,2.9153873077740933,0.0,9.100000381469728,1.7214713864335494,184.5378925090937,0.4000000059604645,358.29998779296875,98.47231907000004,2879.0,2025-12-08 12:29:16+00:00,262.7612925642807,-20603.0,88.0,3.22,3.06,1.59,transiting,transiting,fishing,fishing,0.8826045989990234,0.98782080411911,True,True,transiting -> fishing,-0.7997829128186891,0.0,0.6999998092651349,0.19740508968277504,-4.324853474634125,-0.05027408557579349,-149.0,649.9785388758073
f3b765a8-5d1d-4e0c-8449-5cb3af6fa629,a53510eb-425b-4bec-bf58-ed8f5b7150bd,2.89344263076122,0.0,11.0,3.3427851230535035,186.73939642282377,0.0,358.6000061035156,97.61709113873758,2257,2025-12-09 23:39:02+00:00,909.6875,2.7913747991479267,0.0,11.0,3.193550527863162,183.1483142905221,0.0,359.0,100.5280469292418,2284.0,2025-12-09 04:39:43+00:00,569.9754708716601,68359.0,6.0,0.27,0.26,0.13,fishing,fishing,transiting,transiting,0.750972330570221,0.5475091338157654,True,True,fishing -> transiting,0.10206783161329325,0.0,0.0,0.14923459519034132,3.591082132301665,-2.910955790504218,-27.0,339.71202912833985
b7596fd3-744e-4454-93b0-4ccc630aafad,95c8bd1f-d7c9-451b-91ee-0923f146535f,4.8039933350774,0.0,10.100000381469728,2.101803691622327,177.7276870560944,0.0,358.79998779296875,98.71974761181792,2404,2025-12-08 04:28:29+00:00,908.812734082397,5.082801245800049,0.0,9.699999809265137,2.2394616357585866,179.56955636480828,0.0,359.0,97.3214705716262,2913.0,2025-12-08 14:20:46+00:00,536.3482142857143,-35537.0,147.0,6.11,5.05,2.84,fishing,fishing,moored,moored,0.9148255586624146,0.8005123138427734,True,True,fishing -> moored,-0.2788079107226489,0.0,0.4000005722045916,-0.13765794413625976,-1.841869308713882,1.3982770401917293,-509.0,372.4645197966827
1d05f66d-70a2-4381-9cd1-0ee16e35afbc,,4.111744384865223,0.0,10.199999809265137,2.6821024480272393,177.42357517874098,0.0,358.0,95.33358646933928,1158,2025-12-09 03:18:36+00:00,6781.2731201382885,,,,,,,,,,,,,,,,,fishing,fishing,missing,missing,0.9863063097000122,,True,True,fishing -> missing,,,,,,,,
d0d0807b-d7db-43f8-bad4-efbd8da0679a,f29e4828-f4b9-46d2-956c-03a387a6bbad,2.9050154606502967,0.0,9.899999618530272,2.762666351110494,169.7345979702931,4.199999809265137,358.8999938964844,94.6029963720488,2911,2025-12-10 00:54:48+00:00,568.0549828178695,3.240006866277715,0.0,9.0,1.486528578213144,173.40257251093007,0.800000011920929,358.20001220703125,91.48217304425124,2917.0,2025-12-10 01:28:58+00:00,96.27229080932784,-2050.0,62.0,2.13,2.13,1.08,transiting,transiting,fishing,fishing,0.8671892881393433,0.7811874747276306,True,True,transiting -> fishing,-0.33499140562741836,0.0,0.8999996185302717,1.2761377728973498,-3.667974540636976,3.1208233277975665,-6.0,471.78269200854163
c818a2b7-55c4-406f-aa4e-19908c00bd6c,61466347-b3f1-4644-a5c1-7e909d3939b4,5.300562338158139,0.0,11.100000381469728,3.0197908349323805,185.13872257480048,0.0,358.79998779296875,98.8070590527924,1067,2025-12-07 12:02:43+00:00,2835.541275797373,6.3846905727352015,0.0,11.0,3.2925482261394894,210.09926708306153,0.0,356.8999938964844,91.77554876209608,1228.0,2025-12-07 09:41:32+00:00,2166.679706601467,8471.0,438.0,41.05,35.67,23.59,fishing,fishing,transiting,transiting,0.6374995112419128,0.6886759996414185,True,True,fishing -> transiting,-1.0841282345770624,0.0,0.10000038146972834,-0.27275739120710885,-24.96054450826105,7.031510290696318,-161.0,668.8615691959062
a03dbf95-e399-4ae3-9cd8-8460754493a0,,5.817241387004996,0.1000000014901161,9.600000381469728,2.5249797299608265,164.1721453551448,0.0,358.8999938964844,86.30062592662894,580,2025-12-09 06:11:49+00:00,2434.854922279793,,,,,,,,,,,,,,,,,fishing,fishing,missing,missing,0.8558348417282104,,True,True,fishing -> missing,,,,,,,,
cc7bf1ff-a963-423e-82e2-9c9f419dff9e,26329acb-4dc7-4291-8cde-0b66a5fda4e6,3.862953376517163,0.0,12.199999809265137,2.199192299202303,175.4464156730137,0.0,359.0,102.71073809604772,772,2025-12-09 19:54:55+00:00,3263.7950713359273,2.833414646668163,0.0,10.399999618530272,2.7910231486088204,146.41670818387635,0.0,358.8999938964844,118.10792290437128,1230.0,2025-12-09 13:27:37+00:00,1635.3563873067535,23238.0,1.0,0.13,0.08,0.05,fishing,fishing,transiting,transiting,0.8859187960624695,0.9349332451820374,True,True,fishing -> transiting,1.029538729849,0.0,1.800000190734865,-0.5918308494065174,29.029707489137337,-15.397184808323559,-458.0,1628.4386840291738
25ec17d2-be5b-4dad-bf56-407732403026,,2.248046866065124,0.0,6.199999809265137,1.0581507734440607,204.785937292967,0.0,359.0,100.1066469658689,512,2025-12-09 07:15:37+00:00,4098.0469667318985,,,,,,,,,,,,,,,,,fishing,fishing,missing,missing,0.7752665281295776,,True,True,fishing -> missing,,,,,,,,
002a34e7-4a5d-4ca7-a543-44413873c67f,dfb5344a-afbc-4567-accb-e3057f02055a,4.020212402627888,0.0,11.600000381469728,3.695162325074465,184.70632088402425,0.4000000059604645,358.79998779296875,70.38737178210702,2919,2025-12-08 21:57:40+00:00,216.01405071967105,4.11376114719798,0.0,11.199999809265137,3.6428407171818806,191.68787985807833,2.299999952316284,356.1000061035156,59.917569741707496,2805.0,2025-12-08 19:34:23+00:00,40.43188302425107,8597.0,57.0,1.95,2.03,1.01,fishing,moored,fishing,fishing,0.8739439845085144,0.8671799302101135,True,False,moored -> fishing,-0.09354874457009199,0.0,0.4000005722045916,0.05232160789258433,-6.9815589740540815,10.469802040399529,114.0,175.58216769541997
8d5381d2-5d26-4e19-a294-6bba8c6ae981,cd86163c-9b1a-49e0-aaf0-8fb5cbe97358,3.5771482556150755,0.0,12.100000381469728,3.706420146638809,170.3260911210834,0.0,358.3999938964844,100.36361384799484,2118,2025-12-08 04:48:43+00:00,123.87293339631556,5.4209836697725,0.0,12.600000381469728,4.382604060585679,158.73326137988,0.0,358.6000061035156,100.02400619985367,915.0,2025-12-08 11:59:31+00:00,4123.78227571116,-25848.0,1.0,0.05,0.11,0.03,fishing,fishing,transiting,moored,0.8231928944587708,0.5010291337966919,True,True,fishing -> moored,-1.8438354141574247,0.0,-0.5,-0.6761839139468702,11.592829741203417,0.3396076481411683,1203.0,-3999.9093423148443
1efcf083-1cb8-4ec6-a4d9-039e2b615867,f64b95bb-8c44-4da5-acaf-ac6edf7bf0bd,1.9285861089040015,0.0,11.800000190734863,3.1064175287610465,176.46619758446872,0.0,359.0,101.57744404515888,2921,2025-12-09 13:07:31+00:00,94.07945205479452,0.6238884126480081,0.0,11.300000190734863,1.9692568624370264,258.60235841715314,2.0,359.0,91.53371281663426,2294.0,2025-12-09 19:30:33+00:00,1082.2660270388135,-22982.0,15.0,0.51,0.65,0.29,fishing,fishing,moored,moored,0.97599595785141,0.7354230880737305,True,True,fishing -> moored,1.3046976962559933,0.0,0.5,1.1371606663240201,-82.13616083268442,10.04373122852462,627.0,-988.186574984019
412e7685-3f04-4ffc-b64a-5c2d29ef05a3,a85b9df6-56aa-485a-b2cc-6833fc2c0fbe,3.8836031737196786,0.0,10.600000381469728,1.9039912051624783,218.5264646754947,0.0,359.0,104.86274361246434,2903,2025-12-09 21:19:23+00:00,2087.8232253618194,3.6454273096021863,0.0,10.300000190734863,2.1962682032042924,205.24504697929183,0.0,358.70001220703125,118.02048736381322,667.0,2025-12-09 21:20:19+00:00,5419.195195195195,-56.0,243.0,8.37,36.43,7.3,fishing,fishing,moored,moored,0.7201411724090576,0.7560141682624817,True,True,fishing -> moored,0.23817586411749225,0.0,0.30000019073486506,-0.29227699804181406,13.28141769620288,-13.157743751348875,2236.0,-3331.3719698333757
6e543afb-2f94-4f6a-afce-dc0995a480fb,0cfc28e5-e890-40a8-a89e-d380b5d62138,2.719652173642231,0.0,8.699999809265137,1.016542536524749,179.88318028820166,0.1000000014901161,359.0,99.21457909848613,2300,2025-12-09 12:01:33+00:00,634.734667246629,2.719912106243036,0.0,8.0,1.110660548968489,187.4272328790208,0.2000000029802322,359.0,101.83674319233668,2958.0,2025-12-08 16:55:35+00:00,376.5018599932364,68758.0,308.0,13.39,10.41,6.22,transiting,transiting,fishing,fishing,0.9339377284049988,0.622742772102356,True,True,transiting -> fishing,-0.00025993260080481306,0.0,0.6999998092651367,-0.09411801244374018,-7.544052590819149,-2.6221640938505573,-658.0,258.2328072533926
c095b7d3-c7bf-4b29-af6c-aa65f524d47d,53305144-9594-4822-9cb5-3a0e6dfb4d5c,2.1594018604889405,0.0,12.100000381469728,3.283414374477224,171.25518432344768,0.0,358.8999938964844,104.75317798840288,2909,2025-12-09 19:41:25+00:00,487.4494497936726,1.7781893302383738,0.0,12.100000381469728,3.1091156373266977,190.7063611205652,0.0,358.79998779296875,101.09926800422244,1215.0,2025-12-10 01:43:46+00:00,1764.2207578253706,-21741.0,6.0,0.21,0.49,0.15,fishing,fishing,anchored,moored,0.651656985282898,0.6138007044792175,True,True,fishing -> moored,0.3812125302505667,0.0,0.0,0.17429873715052624,-19.451176797117512,3.6539099841804443,1694.0,-1276.771308031698
9860cb6d-cb56-4db0-a121-c68948701ea9,590777b5-7810-4409-9699-7b73fefb96c3,3.978929304933928,0.0,102.3000030517578,3.1618177463259984,225.65510127717215,0.0,359.0,103.24390162153092,2914,2025-12-08 03:11:41+00:00,981.4970820460009,4.625521823530575,0.1000000014901161,102.3000030517578,4.9278849421758535,252.80247337709255,0.3000000119209289,358.29998779296875,106.96762351392664,1054.0,2025-12-08 00:31:07+00:00,2822.274453941121,9634.0,260.0,8.92,24.67,7.01,fishing,fishing,transiting,transiting,0.6333011984825134,0.7691290974617004,True,True,fishing -> transiting,-0.6465925185966475,-0.1000000014901161,0.0,-1.766067195849855,-27.147372099920403,-3.723721892395716,1860.0,-1840.7773718951203
37481bdb-9f00-40b1-ae2a-ce966a150e2e,ea0549e1-25b4-40c9-b95a-f6ca8d48d457,4.668608638962873,0.1000000014901161,9.699999809265137,2.394619195793932,194.1036286447392,0.0,359.0,115.43463468590429,2918,2025-12-08 19:50:23+00:00,38.35481659238944,5.268367877722299,0.0,10.100000381469728,2.729509562059274,185.94118001192044,0.0,359.0,100.73481530053952,1979.0,2025-12-08 16:39:11+00:00,760.2992922143579,11472.0,6.0,0.21,0.3,0.12,fishing,fishing,anchored,unknown,0.8043452501296997,0.5676896572113037,True,True,fishing -> unknown,-0.5997592387594262,0.1000000014901161,-0.4000005722045916,-0.3348903662653422,8.162448632818752,14.699819385364762,939.0,-721.9444756219685
ed510bd4-65fb-4f70-ae04-ac9dc41df0e6,4f63668d-b2b9-4e23-a562-5430013ad985,3.0316740556321897,0.0,10.600000381469728,2.9409959001710004,159.1815761484788,0.0,358.5,96.64303405208932,2933,2025-12-06 14:01:13+00:00,40.35197817189631,2.635563407657327,0.0,10.800000190734863,2.7984614204596068,164.23915493341138,0.0,359.0,99.03583249080548,1136.0,2025-12-06 20:04:41+00:00,2140.622026431718,-21808.0,2.0,0.07,0.18,0.05,fishing,fishing,transiting,transiting,0.7875580191612244,0.6344112157821655,True,True,fishing -> transiting,0.39611064797486284,0.0,-0.19999980926513494,0.14253447971139366,-5.057578784932588,-2.392798438716156,1797.0,-2100.2700482598216
b95fb176-ff1b-4a63-a031-cf72d9a030d9,44930820-6449-452c-937d-01a0d8335793,10.163874343219645,0.699999988079071,12.899999618530272,2.6692727354720467,238.77764185076848,0.1000000014901161,358.70001220703125,34.278021173652796,1146,2025-12-09 23:00:05+00:00,1180.9423580786026,9.908189346809936,0.6000000238418579,12.800000190734863,2.732441392060787,240.52972039760007,0.1000000014901161,358.79998779296875,34.56539984947342,2430.0,2025-12-10 00:39:25+00:00,347.39110745162617,-5960.0,7.0,0.61,0.29,0.2,fishing,fishing,fishing,transiting,0.979267954826355,0.9877369403839112,True,False,fishing -> transiting,0.255684996409709,0.09999996423721313,0.09999942779540838,-0.06316865658874038,-1.7520785468315978,-0.2873786758206265,-1284.0,833.5512506269765
f26ab6ce-f0ec-4dfb-b099-d1eb77d0f52d,2d7cf461-155f-47f6-90bb-aa3eae04d92c,0.2402051625752354,0.0,8.899999618530273,1.2823329212364614,42.94013920841744,0.0,358.5,85.12867457888096,3022,2025-12-09 18:18:20+00:00,667.4382654750083,0.1914524434273224,0.0,8.100000381469727,1.087389017781104,46.5182789405994,0.0,358.79998779296875,91.69254516789368,3112.0,2025-12-10 01:01:14+00:00,150.67084538733525,-24174.0,247.0,8.17,7.94,4.2,,,fishing,moored,,0.8180972337722778,True,True,nan -> moored,0.04875271914791299,0.0,0.7999992370605469,0.19494390345535728,-3.5781397321819597,-6.563870589012723,-90.0,516.767420087673
3878f6ee-ed41-48d7-91a7-7e9e1b67e43b,349c0d1c-d100-4c85-a83f-0fd3785bbc71,3.0051798068101787,0.0,102.3000030517578,4.573662118537063,165.71215614060864,0.0,359.0,106.85236938986556,2336,2025-12-09 08:02:28+00:00,984.8291220556744,2.512690364888376,0.0,102.3000030517578,3.023190377473669,139.04054518608157,0.0,359.0,113.42250703797588,2955.0,2025-12-09 07:36:29+00:00,191.36831415030468,1559.0,47.0,2.01,1.59,0.9,fishing,fishing,transiting,moored,0.7159588932991028,0.6000927090644836,True,True,fishing -> moored,0.49248944192180266,0.0,0.0,1.5504717410633946,26.67161095452707,-6.570137648110318,-619.0,793.4608079053696
277bcccf-5448-4ecb-bdbb-04da6c47f07a,1a57c017-029e-4b09-b461-a4361e5928a5,3.5206338032450475,0.0,9.0,2.346113008390084,196.95860404121905,0.2000000029802322,358.8999938964844,97.9937462407378,1420,2025-12-06 23:01:37+00:00,1005.508104298802,4.097046986357277,0.0,9.0,2.3400428570534944,199.67537055778772,0.0,358.8999938964844,99.86596008530738,1490.0,2025-12-07 05:00:00+00:00,812.5292142377434,-21503.0,156.0,10.99,10.47,5.66,fishing,fishing,transiting,transiting,0.9874120950698853,0.9241339564323424,True,True,fishing -> transiting,-0.5764131831122299,0.0,0.0,0.006070151336589724,-2.7167665165686685,-1.872213844569572,-70.0,192.97889006105856
f8fea238-b119-4a0a-a9ce-0939f62c8a76,5ffc6f4a-37a0-4e9d-b651-99881cda2c3e,4.231453998871037,0.0,12.0,2.610384205869334,175.82840051599993,0.0,359.0,113.41026692965067,674,2025-12-09 06:32:36+00:00,3319.852897473997,3.9381818365279617,0.0,11.399999618530272,3.126186311379763,173.5154720799455,0.0,358.79998779296875,117.95350601610772,1430.0,2025-12-09 06:10:30+00:00,1245.515045486354,1326.0,2.0,0.3,0.14,0.1,fishing,fishing,transiting,transiting,0.6211118102073669,0.8511658310890198,True,True,fishing -> transiting,0.29327216234307496,0.0,0.6000003814697283,-0.5158021055104292,2.3129284360544204,-4.543239086457049,-756.0,2074.3378519876433
2ace52cb-698a-4755-b020-45454d8e328e,fc6674c6-ce74-4d3a-8391-c6d6dfd14c55,3.6988515158361888,0.0,11.5,2.6167272834014828,178.82180407189722,0.2000000029802322,357.79998779296875,95.5746249736521,2438,2025-12-09 21:32:50+00:00,506.6988100123102,3.827077083789312,0.0,11.399999618530272,2.779071325019755,180.3481169676591,2.299999952316284,359.0,95.54831150094384,1998.0,2025-12-09 19:15:47+00:00,586.9103655483225,8223.0,89.0,3.65,4.45,2.05,fishing,fishing,transiting,transiting,0.6017522811889648,0.5342546701431274,True,True,fishing -> transiting,-0.12822556795312323,0.0,0.10000038146972834,-0.16234404161827243,-1.5263128957618903,0.026313472708267227,440.0,-80.21155553601227
cdc8ab2d-dafb-4de6-93a9-309dd863d58b,84289f04-b39a-4a32-8426-edb395991ca4,1.8904199519945095,0.0,10.100000381469728,3.2236967710338944,172.62168198390208,0.0,358.8999938964844,107.56783857920573,762,2025-12-09 11:57:29+00:00,2540.5059132720107,1.8132619579097091,0.0,11.0,3.115220278418587,163.81501809126473,0.0,358.79998779296875,111.07225513337546,1214.0,2025-12-09 12:54:01+00:00,2473.2638087386645,-3392.0,13.0,1.71,1.07,0.66,fishing,fishing,fishing,transiting,0.7874404788017273,0.5472873449325562,True,False,fishing -> transiting,0.0771579940848004,0.0,-0.8999996185302717,0.10847649261530723,8.806663892637346,-3.5044165541697367,-452.0,67.24210453334626
ebf87635-919c-4709-b94f-1128ac1d3e53,081e86b9-0e27-410d-8e30-935574f53d3e,3.941457876303405,0.0,10.300000190734863,2.466831547423033,149.78260410345302,0.2000000029802322,359.0,109.85055892737266,878,2025-12-09 22:15:50+00:00,2703.296465222349,3.070025049056741,0.0,10.100000381469728,2.521992733678194,182.60937623755663,0.0,359.0,126.52916161452096,1598.0,2025-12-10 00:52:35+00:00,636.3187226048841,-9405.0,5.0,0.57,0.31,0.2,fishing,fishing,transiting,transiting,0.7463129758834839,0.7929922342300415,True,True,fishing -> transiting,0.871432827246664,0.0,0.19999980926513494,-0.05516118625516109,-32.82677213410361,-16.6786026871483,-720.0,2066.977742617465
1720530c-d5ef-4abf-a8a7-962d65b9d794,0af03f0d-48db-46b4-8f21-cc2f7c483db0,3.914546063477192,0.0,10.800000190734863,1.880515337078456,189.52713725794385,0.0,359.0,101.72753457482692,3018,2025-12-09 14:09:13+00:00,636.5409347033477,4.087907197238983,0.0,10.800000190734863,2.374438141039093,188.64223240802863,0.0,358.0,104.83460318261037,2241.0,2025-12-09 10:35:10+00:00,1375.98125,12843.0,113.0,3.74,5.04,2.2,fishing,fishing,moored,transiting,0.9487120509147644,0.9195568561553956,True,True,fishing -> transiting,-0.17336113376179085,0.0,0.0,-0.4939228039606369,0.8849048499152161,-3.1070686077834466,777.0,-739.4403152966523
7f9ff715-543e-4ba3-911c-26bc204ab16e,,3.7902057261367816,0.0,10.100000381469728,1.8477479538371608,198.4496614845827,0.0,359.0,100.15957773093707,2236,2025-12-10 00:19:41+00:00,4566.634004474273,,,,,,,,,,,,,,,,,fishing,fishing,missing,missing,0.5106089115142822,,True,True,fishing -> missing,,,,,,,,
cb6e0a7e-f070-48bd-8ebf-8395af039ed7,c889da24-48cf-4826-be44-41189b29e68b,5.409446139416442,0.1000000014901161,8.199999809265137,2.0764679194830293,160.45261722272306,0.3000000119209289,359.0,104.67628577340926,2943,2025-12-08 16:10:06+00:00,369.0825968728756,5.150528911419728,0.1000000014901161,8.100000381469727,2.124620864613782,190.9214388595944,0.6000000238418579,359.0,104.18159872485174,2836.0,2025-12-09 06:23:56+00:00,217.30335097001765,-51230.0,45.0,1.53,1.59,0.78,fishing,fishing,fishing,moored,0.8768123984336853,0.8546817302703857,True,False,fishing -> moored,0.25891722799671424,0.0,0.09999942779541016,-0.048152945130752745,-30.468821636871326,0.4946870485575232,107.0,151.77924590285798
707534a0-fe17-4076-b42d-6cc0d4e8edeb,e1781341-ab4d-417a-a45f-23def1504735,2.2011412390097234,0.0,11.399999618530272,3.420350685874653,181.969054116219,0.0,359.0,100.9624901157221,701,2025-12-09 09:36:18+00:00,3728.922857142857,2.3607692673474876,0.0,11.300000190734863,3.42873540171169,187.32323936988408,0.0,358.70001220703125,102.75682772454115,910.0,2025-12-09 03:48:06+00:00,2202.832783278328,20892.0,3.0,0.43,0.33,0.19,fishing,fishing,fishing,moored,0.795795202255249,0.8428153991699219,True,False,fishing -> moored,-0.15962802833776424,0.0,0.09999942779540838,-0.008384715837036705,-5.354185253665065,-1.794337608819049,-209.0,1526.0900738645291
1c365d4d-c8ca-4aa6-a3de-179f5051849e,97fa0246-5051-45a5-a8d4-bce6293fdb46,6.127542203746985,0.0,13.699999809265137,4.559965978288872,178.80787642298284,0.0,359.0,90.2354323813476,2429,2025-12-07 09:37:16+00:00,475.4073311367381,2.115201149376282,0.0,11.899999618530272,3.4504037776043903,202.556324496508,0.0,359.0,105.30267408432516,2138.0,2025-12-07 04:26:53+00:00,621.7599438465138,18623.0,14.0,0.58,0.65,0.31,fishing,fishing,moored,unknown,0.8316193222999573,0.838798463344574,True,True,fishing -> unknown,4.012341054370703,0.0,1.800000190734865,1.1095622006844819,-23.748448073525168,-15.067241702977569,291.0,-146.3526127097757
841a3ce5-8e4f-462b-a3aa-2c8a9bc25522,aac002e5-1e98-475d-b19e-561edc75d11f,2.2756200852204977,0.0,11.300000190734863,3.710977090316249,146.11156991959035,0.0,359.0,114.57242486457608,3306,2025-12-08 19:13:22+00:00,295.4568835098336,3.190427375336488,0.0,10.300000190734863,3.5980596734466737,171.08101481478982,0.0,359.0,113.25104763519552,1170.0,2025-12-07 22:08:26+00:00,2799.3028229255774,75896.0,3.0,0.09,0.26,0.07,fishing,fishing,transiting,moored,0.775475800037384,0.7888948917388916,True,True,fishing -> moored,-0.91480729011599,0.0,1.0,0.11291741686957524,-24.969444895199473,1.321377229380559,2136.0,-2503.845939415744
d496a9db-d194-4bbd-8745-1be0d2f84103,2bdce0c1-b6c5-4acc-b521-05acd1e7cc2f,4.3681416024500646,0.0,11.699999809265137,3.5770072252162346,185.14421944626105,0.1000000014901161,359.0,108.71016101327524,2034,2025-12-09 05:44:33+00:00,1127.9685194294148,3.526496952703429,0.0,11.600000381469728,3.316362145810592,175.4791568596112,0.0,359.0,105.44723581223168,1453.0,2025-12-09 13:33:34+00:00,1949.26652892562,-28141.0,74.0,3.64,5.09,2.17,fishing,fishing,fishing,moored,0.8494560718536377,0.6441221833229065,True,False,fishing -> moored,0.8416446497466357,0.0,0.09999942779540838,0.26064507940564274,9.665062586649839,3.262925201043558,581.0,-821.2980094962052
b387cff2-63a9-47f5-b20a-e02bdb64b6a3,b88381c0-0702-476d-bd14-dcabdbedab97,3.352774941407786,0.0,11.699999809265137,2.808109119816248,197.68957360721615,0.0,359.0,99.44961959518449,2937,2025-12-09 11:45:02+00:00,520.3160762942779,3.20805871604891,0.0,12.199999809265137,2.499148638438172,185.4933704718598,0.0,358.6000061035156,98.48201056905512,3611.0,2025-12-09 13:30:00+00:00,232.55013850415511,-6298.0,56.0,1.91,1.55,0.86,fishing,fishing,transiting,transiting,0.7761989831924438,0.7769476771354675,True,True,fishing -> transiting,0.1447162253588763,0.0,-0.5,0.30896048137807597,12.196203135356342,0.9676090261293666,-674.0,287.76593779012273
8ae23557-5e32-4c6a-bbd7-a54cbf7c5b01,e33fb00b-d2fe-4259-bad0-0ce9844eb3a7,2.424452556468492,0.0,7.199999809265137,1.880993868309274,177.58816745043498,0.3000000119209289,358.5,97.41160136760512,1370,2025-12-09 00:53:23+00:00,3242.0840029218407,2.344184690456095,0.0,7.199999809265137,1.8094035779141011,172.21486369969466,0.1000000014901161,358.5,104.64522543710854,1711.0,2025-12-09 00:58:27+00:00,2479.8216374269005,-304.0,532.0,38.83,31.09,20.87,fishing,fishing,transiting,transiting,0.7148908376693726,0.6948856115341187,True,True,fishing -> transiting,0.080267866012397,0.0,0.0,0.07159029039517284,5.37330375074032,-7.233624069503421,-341.0,762.2623654949402
b3344e50-4069-4492-8566-3011a5968f09,,2.8033370436132947,0.1000000014901161,8.0,1.0978466421471629,142.78587366179775,0.0,355.0,91.76208697691035,899,2025-12-09 13:35:21+00:00,4057.936525612472,,,,,,,,,,,,,,,,,transiting,transiting,missing,missing,0.9285107254981996,,True,True,transiting -> missing,,,,,,,,
01bd4b77-1c59-4b04-b4a0-f3ef9e1aa0dc,55a0b365-3661-422a-af76-2b5273b9eb82,4.75458664028976,0.0,11.100000381469728,3.772752914956543,142.69052217597994,0.0,358.8999938964844,100.30813108213748,1766,2025-12-09 02:19:49+00:00,828.4379603399433,3.1162547117706096,0.0,11.0,3.4118540197013263,189.37231065264496,0.0,359.0,105.69493079466623,1335.0,2025-12-09 03:00:18+00:00,1036.4025487256372,-2429.0,4.0,0.23,0.3,0.13,,,transiting,transiting,,0.9285542368888856,True,True,nan -> transiting,1.63833192851915,0.0,0.10000038146972834,0.3608988952552168,-46.68178847666502,-5.386799712528756,431.0,-207.9645883856939
d170ccb5-973c-41d0-8a10-9b352a30cead,0e21aa8f-d335-49d0-8c91-f0b9a37898c8,3.134273883109482,0.0,9.399999618530272,2.040420279560198,191.7256236303561,0.0,359.0,109.21804279229404,2658,2025-12-09 09:53:34+00:00,234.19646217538576,3.0195013869813354,0.0,9.399999618530272,2.493762413911578,198.26877531406936,0.0,359.0,112.0748627642342,2928.0,2025-12-09 15:53:07+00:00,83.8923812777588,-21573.0,102.0,3.84,3.48,1.86,fishing,fishing,transiting,transiting,0.8448660373687744,0.8809124827384949,True,True,fishing -> transiting,0.11477249612814644,0.0,0.0,-0.4533421343513804,-6.543151683713262,-2.856819971940155,-270.0,150.30408089762696
b125d804-9771-40de-93e6-d99ca05b792a,ea14e358-63e5-4972-b55d-f7a787905cf7,4.840502355101531,0.0,11.0,3.973108311399357,197.5294585688289,0.0,359.0,105.98164396944507,637,2025-12-09 14:55:24+00:00,2516.0283018867926,5.135690927349358,0.0,12.399999618530272,4.127703063009857,180.21567600642243,0.0,359.0,113.3013771641304,1527.0,2025-12-09 23:22:25+00:00,1310.375491480996,-30421.0,3.0,0.47,0.2,0.14,fishing,fishing,transiting,transiting,0.687747061252594,0.8312478065490723,True,True,fishing -> transiting,-0.29518857224782646,0.0,-1.3999996185302717,-0.1545947516105004,17.31378256240646,-7.319733194685327,-890.0,1205.6528104057966
c4843d1e-2d1e-4386-93c3-2598ab9e1f84,5ce2af63-b131-4875-bfca-6e5d2bbd8a13,4.85067726354672,0.0,13.0,3.8862777792227057,163.86320545860474,0.0,359.0,109.97981388751504,2141,2025-12-08 08:00:02+00:00,1288.496261682243,5.5247538808769905,0.0,12.5,3.80880173006593,166.01886741400804,0.0,358.8999938964844,107.04175707798034,2844.0,2025-12-08 08:29:27+00:00,592.0063313401337,-1765.0,55.0,2.57,1.93,1.12,,,fishing,fishing,,0.7338950634002686,True,True,nan -> fishing,-0.6740766173302708,0.0,0.5,0.07747604915677586,-2.1556619554033034,2.9380568095347,-703.0,696.4899303421092
ac48c8d9-4178-4d85-a995-7275e70487b2,aa0c70ea-1b5c-45cf-bf1f-524cb32ba91b,7.645644317000853,0.0,12.800000190734863,4.615723090876282,207.60346065715584,0.1000000014901161,358.79998779296875,105.6634621348212,2491,2025-12-09 00:23:42+00:00,651.5538152610442,7.789332422323356,0.0,12.5,4.604210053527364,205.01285433047596,0.1000000014901161,359.0,106.58765965750928,2906.0,2025-12-09 07:40:22+00:00,318.32289156626507,-26200.0,43.0,1.73,1.48,0.8,transiting,transiting,fishing,fishing,0.8099757432937622,0.8547117710113525,True,True,transiting -> fishing,-0.14368810532250276,0.0,0.3000001907348633,0.01151303734891762,2.5906063266798753,-0.9241975226880754,-415.0,333.2309236947791
53b908c9-8ed1-4ba5-96e1-3db38d334adc,3315f7fe-9f67-4c4a-8e53-0dc686f35bdb,1.1057647503477976,0.0,10.699999809265137,1.995128258079572,180.99903018268753,0.0,359.0,103.20504683013311,3001,2025-12-07 08:25:54+00:00,44.387,0.8810141662592595,0.0,13.0,2.215130187226906,191.304018453164,0.1000000014901161,357.70001220703125,94.0610024285355,1696.0,2025-12-08 06:32:58+00:00,1385.6625368731563,-79624.0,1.0,0.03,0.06,0.02,fishing,fishing,moored,moored,0.817827045917511,0.9373306632041932,True,True,fishing -> moored,0.2247505840885381,0.0,-2.3000001907348633,-0.22000192914733385,-10.304988270476457,9.144044401597611,1305.0,-1341.2755368731564
974f44e4-b965-45e0-a56e-dcaba5e4c2bb,4cafe04a-e59b-400e-95f3-dd91cf3ccc41,6.105617205089219,0.0,13.0,5.036862695675824,96.81616325271736,0.0,358.6000061035156,94.32577682288264,2884,2025-12-08 10:03:51+00:00,857.799167533819,4.051112021029213,0.0,12.300000190734863,4.579323327006678,193.47223884178433,0.0,357.29998779296875,79.67322943089414,2473.0,2025-12-08 07:50:16+00:00,218.0554207119741,8015.0,23.0,0.8,0.93,0.43,fishing,fishing,moored,unknown,0.8270791172981262,0.961317777633667,True,True,fishing -> unknown,2.054505184060006,0.0,0.6999998092651367,0.4575393686691456,-96.65607558906697,14.652547391988506,411.0,639.7437468218449
1f0bb6f0-7095-4df7-88a7-4b3e77feb3bb,21ca232b-b9f1-4ff6-a0e4-59c25841828e,3.092654868755984,0.0,9.699999809265137,2.5229204440134128,187.1929465268339,0.0,358.6000061035156,115.39317696384424,1130,2025-12-09 14:59:44+00:00,2103.185119574845,3.1521388893116726,0.0,8.399999618530273,2.143775267997051,163.19030591986282,0.0,359.0,101.6868266973259,1613.0,2025-12-09 09:34:58+00:00,715.7921836228288,19486.0,17.0,1.5,1.05,0.62,fishing,fishing,moored,unknown,0.8099391460418701,0.5482928156852722,True,True,fishing -> unknown,-0.05948402055568858,0.0,1.3000001907348633,0.3791451760163618,24.002640606971084,13.706350266518342,-483.0,1387.3929359520162
953358f8-da71-4f3f-b448-486ffc2638a1,3e27a8d8-9eac-4eba-93a4-a55d1dd649a1,2.0661589436652448,0.0,11.399999618530272,2.5178226236356314,177.46392943614975,0.0,359.0,125.43689261870934,3020,2025-12-09 20:19:32+00:00,614.9595892679695,1.4383589878601906,0.0,10.199999809265137,2.081690358093063,125.83846283428944,0.1000000014901161,357.20001220703125,85.85593190502325,975.0,2025-12-09 21:23:23+00:00,4169.5287474332645,-3831.0,2.0,0.07,0.21,0.05,fishing,fishing,transiting,unknown,0.96921306848526,0.6514266133308411,True,True,fishing -> unknown,0.6277999558050542,0.0,1.199999809265135,0.43613226554256856,51.62546660186031,39.58096071368608,2045.0,-3554.569158165295
808ae3ad-6b31-43ed-b320-6f5ae9b0e6d6,e5d6b3fb-bb2c-46f1-8670-c4f4a990f6e7,3.543904762622856,0.0,12.899999618530272,2.9885842507250473,180.19885518686235,0.0,357.6000061035156,95.74452243707262,1050,2025-12-09 12:38:17+00:00,2346.8341277407053,4.614584941910155,0.0,12.5,3.411176805080023,178.4228307427225,0.0,359.0,89.20401741362042,1337.0,2025-12-09 17:31:43+00:00,1050.9199101796407,-17606.0,8.0,0.76,0.6,0.34,fishing,fishing,transiting,transiting,0.6965349316596985,0.8614231944084167,True,True,fishing -> transiting,-1.070680179287299,0.0,0.39999961853027166,-0.42259255435497556,1.7760244441398356,6.540505023452198,-287.0,1295.9142175610646
440a34ae-5192-4c84-9f82-52b60c76a25b,6fb2ce48-f176-40fb-952b-a44dc7af98ea,2.404977381102977,0.0,12.199999809265137,3.099292164913556,163.86583605026854,0.0,359.0,107.20307466045328,1768,2025-12-08 11:31:19+00:00,1380.342388228636,2.9117866968052746,0.0,11.5,3.148434629524886,158.70900300542704,0.1000000014901161,358.79998779296875,103.56182694236075,2944.0,2025-12-08 17:40:06+00:00,331.2918790349983,-22127.0,86.0,4.86,2.92,1.86,fishing,fishing,transiting,transiting,0.543121874332428,0.6677544713020325,True,True,fishing -> transiting,-0.5068093157022977,0.0,0.6999998092651367,-0.049142464611330094,5.156833044841505,3.6412477180925293,-1176.0,1049.0505091936377
0cd5a2ce-782a-4836-8809-7cce50e797f3,2eb8cc56-7378-4021-8b7a-e51e0517040f,4.40190216143737,0.1000000014901161,11.699999809265137,2.815906556137075,178.93210893551102,0.0,358.8999938964844,95.77827444859057,736,2025-12-09 12:54:58+00:00,3159.8585034013604,4.945686431751159,0.0,11.600000381469728,3.040982302018687,206.5217272996632,0.0,359.0,97.13075774139608,1333.0,2025-12-09 15:01:19+00:00,1438.8806306306303,-7581.0,3.0,0.41,0.23,0.15,fishing,fishing,fishing,moored,0.8240010142326355,0.9426124691963196,True,False,fishing -> moored,-0.5437842703137887,0.1000000014901161,0.09999942779540838,-0.22507574588161194,-27.589618364152187,-1.3524832928055162,-597.0,1720.97787277073
a711000f-ac2b-46f4-84b6-c957df888541,d809daf1-e956-4d64-a2db-e089e53e3a65,2.7897715536560614,0.0,10.800000190734863,2.6256859733935336,164.10173964272744,0.0,359.0,101.9003702991888,2933,2025-12-09 12:20:51+00:00,823.0726466575716,3.1423004429803787,0.0,10.800000190734863,2.928236357839796,153.8587794467441,0.0,358.70001220703125,95.50824604387395,1591.0,2025-12-09 16:35:08+00:00,810.0018867924529,-15257.0,122.0,4.16,7.67,2.77,fishing,fishing,transiting,transiting,0.7079957127571106,0.5983492136001587,True,True,fishing -> transiting,-0.35252888932431725,0.0,0.0,-0.3025503844462625,10.24296019598333,6.39212425531484,1342.0,13.070759865118703
bccdecaa-a4a0-4245-a82a-7877659af737,8e101638-63fe-438f-b7c4-cb889f8547eb,2.9499317883205123,0.0,9.5,1.2875526445906091,174.31658706730136,0.0,358.5,93.70092001160415,1466,2025-12-09 14:52:40+00:00,1959.3098976109216,2.9737951987456666,0.0,15.600000381469728,1.5861087291715,169.57018192377257,0.0,356.29998779296875,89.34437052342226,1328.0,2025-12-09 06:31:58+00:00,950.2441597588546,30042.0,5.0,0.34,0.38,0.18,fishing,fishing,anchored,moored,0.9153152704238892,0.4960119724273681,True,True,fishing -> moored,-0.023863410425154274,0.0,-6.100000381469728,-0.2985560845808908,4.74640514352879,4.356549488181898,138.0,1009.065737852067
9cdb7114-905d-4603-85ee-35549bd79d27,a3ce27fb-034e-4309-b1bf-29663ce04b66,4.232126250905155,0.0,11.5,2.0746426392012287,178.3053222286499,0.0,359.0,105.05307158701396,3010,2025-12-09 16:13:55+00:00,805.5599867065471,3.907228526563912,0.0,11.300000190734863,1.9861651128381252,172.87787592367948,0.0,359.0,107.5491388671245,2919.0,2025-12-09 21:40:21+00:00,1214.1117203564086,-19586.0,393.0,13.06,13.46,7.1,fishing,fishing,moored,unknown,0.6077824831008911,0.7044346928596497,True,True,fishing -> unknown,0.3248977243412434,0.0,0.19999980926513672,0.08847752636310346,5.427446304970431,-2.4960672801105375,91.0,-408.5517336498615
eaa83a84-acb3-4070-b2e5-58c411151a00,c9da3742-82e0-4c17-b02a-3042ef65b5f3,47.4163959403291,0.0,102.3000030517578,49.27156793551397,152.2394206170978,0.2000000029802322,358.79998779296875,99.12972097865052,2879,2025-12-08 00:49:26+00:00,242.23419041000696,56.75999459540579,0.1000000014901161,102.3000030517578,48.79061768755772,165.558287624179,0.1000000014901161,358.3999938964844,104.86177038644546,2857.0,2025-12-08 06:30:38+00:00,117.96218487394958,-20472.0,74.0,2.57,2.59,1.31,transiting,transiting,fishing,fishing,0.7675225138664246,0.819105863571167,True,True,transiting -> fishing,-9.34359865507669,-0.1000000014901161,0.0,0.4809502479562511,-13.318867007081195,-5.732049407794932,22.0,124.27200553605738
a01548c5-3f77-44e1-9ba4-2c25ae811828,,3.583730336464523,0.0,10.600000381469728,1.5883698005161468,196.5994898731784,0.0,358.0,99.02819849552512,2225,2025-12-10 00:58:12+00:00,1848.68345323741,,,,,,,,,,,,,,,,,fishing,fishing,missing,missing,0.832002580165863,,True,True,fishing -> missing,,,,,,,,
777d48b5-1fb6-4d81-bc21-b4208c10dcf7,5658fcb2-492a-44b8-aa2b-305a9f6aed3a,4.244363773151532,0.0,11.199999809265137,2.228411491570576,160.04506285241033,0.0,359.0,110.82515025593072,2617,2025-12-09 10:43:19+00:00,1152.433868501529,3.837576088486107,0.0,11.100000381469728,2.153015868418259,169.67411601012572,0.0,359.0,108.6063055576907,1972.0,2025-12-10 00:40:37+00:00,1869.1659056316591,-50238.0,312.0,11.92,15.82,7.29,anchored,unknown,moored,moored,0.5412171483039856,0.7002114057540894,True,True,unknown -> moored,0.4067876846654248,0.0,0.09999942779540838,0.07539562315231718,-9.62905315771539,2.2188446982400194,645.0,-716.73203713013
116e9ed9-d587-4497-af4f-2442bc4c9462,5a4f918d-172b-49e5-b436-a65946c46d4e,3.917878094564442,0.0,9.600000381469728,2.1051569216564285,191.22420834084105,0.0,359.0,111.5921461929762,2215,2025-12-09 18:14:44+00:00,1387.760162601626,3.645588960308487,0.0,9.300000190734863,1.8649363507045584,190.79370061195257,0.0,358.8999938964844,107.354796020413,2097.0,2025-12-09 05:43:02+00:00,1154.9499045801526,45102.0,93.0,4.2,4.43,2.2,fishing,fishing,transiting,transiting,0.9027453064918518,0.9363383054733276,True,True,fishing -> transiting,0.272289134255955,0.0,0.30000019073486506,0.2402205709518701,0.4305077288884718,4.237350172563197,118.0,232.81025802147337
ef2eb7a5-a2cd-45d8-85d6-8bf47b517884,,2.7861003822801655,0.0,8.800000190734863,1.9694179888168304,171.82101207652676,0.0,359.0,112.07920193066047,518,2025-12-09 21:33:08+00:00,4364.651837524178,,,,,,,,,,,,,,,,,fishing,fishing,missing,missing,0.6005325317382812,,True,True,fishing -> missing,,,,,,,,
1e7f83f7-fa75-44d6-8458-14eeea82e8bb,67bbff09-9e06-4ef0-a298-98ad492cf8b6,2.9781024328562005,0.0,9.600000381469728,2.325169593165245,180.65624284739735,1.399999976158142,358.70001220703125,94.62444705256657,3046,2025-12-07 19:07:50+00:00,433.2174055829228,3.118862187263423,0.0,9.699999809265137,2.3669543265212747,175.34513573522932,0.0,358.1000061035156,96.68375860261364,2953.0,2025-12-08 01:02:57+00:00,161.22459349593495,-21307.0,48.0,1.58,1.63,0.81,fishing,fishing,transiting,transiting,0.7367018461227417,0.9286049008369446,True,True,fishing -> transiting,-0.14075975440722255,0.0,-0.09999942779540838,-0.0417847333560295,5.311107112168031,-2.0593115500470702,93.0,271.9928120869879
163d2256-3c8c-4b74-9f9d-cb50d7c9d229,6f6643fd-0c0c-4c85-9483-15d99988a89a,2.994247535649494,0.0,10.699999809265137,3.43370546441075,220.18136271267664,0.2000000029802322,359.0,78.90194435029977,1721,2025-12-07 17:57:28+00:00,648.5808139534884,3.3910332796791804,0.0,11.0,3.738466991408452,222.0110488042251,0.0,358.8999938964844,82.86575731171364,2855.0,2025-12-07 23:46:34+00:00,324.5143658023826,-20946.0,48.0,2.79,1.68,1.06,fishing,fishing,fishing,transiting,0.8479465246200562,0.8629744648933411,True,False,fishing -> transiting,-0.39678574402968625,0.0,-0.3000001907348633,-0.304761526997702,-1.8296860915484672,-3.963812961413865,-1134.0,324.06644815110576
2cfb850c-07b8-4c8a-b240-a099777b03ce,24b4d0a3-dae6-455a-8254-099f4563c810,2.985694006858336,0.0,102.3000030517578,4.289125949926655,170.83071764271213,0.0,358.79998779296875,116.42854435046048,2111,2025-12-09 04:08:53+00:00,1119.798578199052,2.658482775623942,0.0,102.3000030517578,3.9367175211849577,136.40140056931844,0.0,359.0,124.06319581373889,2900.0,2025-12-09 08:38:35+00:00,211.16764401517764,-16182.0,35.0,1.66,1.21,0.7,fishing,fishing,transiting,transiting,0.8088422417640686,0.9407942295074464,True,True,fishing -> transiting,0.327211231234394,0.0,0.0,0.3524084287416973,34.42931707339369,-7.634651463278402,-789.0,908.6309341838743
774b4623-fd3b-47f1-ab49-c2708f1cd9ff,,3.678247418846052,0.0,9.0,2.544268737002938,173.20498950245042,0.0,358.8999938964844,101.58219439438156,970,2025-12-09 23:28:29+00:00,2421.230134158927,,,,,,,,,,,,,,,,,fishing,fishing,missing,missing,0.64165860414505,,True,True,fishing -> missing,,,,,,,,
35ca30c5-a2d1-49ff-ae0d-be6a68d47112,,3.679163554612383,0.0,9.300000190734863,1.3299679888190656,199.9218293922301,0.0,359.0,95.45558813962568,2678,2025-12-09 22:32:56+00:00,1302.5319387373927,,,,,,,,,,,,,,,,,fishing,fishing,missing,missing,0.9846616387367249,,True,True,fishing -> missing,,,,,,,,
9ad4128d-6359-4ec4-a15f-606b1c9bef43,2d7b661d-0385-4293-8da6-be3999509f91,2.1112027002457334,0.0,10.199999809265137,2.650567465349542,176.69782368574593,0.0,359.0,102.73042470391265,2669,2025-12-07 10:25:49+00:00,502.0790854572714,2.408063200043076,0.0,9.699999809265137,2.7141448661650074,191.09850440485505,0.5,358.79998779296875,98.33787986895648,1203.0,2025-12-08 06:54:59+00:00,1850.2911813643927,-73750.0,2.0,0.07,0.17,0.05,fishing,fishing,transiting,transiting,0.6461862921714783,0.5259977579116821,True,True,fishing -> transiting,-0.29686049979734275,0.0,0.5,-0.06357740081546526,-14.400680719109118,4.392544834956169,1466.0,-1348.2120959071212
76b6014c-015e-480e-bcdc-d30bcfc4c1d7,0ae26b20-d096-4b63-b6b1-c2cd1c76523b,5.461048456538016,0.0,13.600000381469728,3.93092732690227,158.0308205629555,0.0,358.70001220703125,97.31688783861638,3014,2025-12-09 12:46:19+00:00,902.0600730169266,5.505657427304915,0.0,13.300000190734863,3.838687259778534,157.67819707247935,0.2000000029802322,358.3999938964844,98.20579244764504,3164.0,2025-12-09 23:18:48+00:00,444.1492254189061,-37949.0,45.0,1.49,1.42,0.73,fishing,fishing,fishing,transiting,0.608078122138977,0.5060703158378601,True,False,fishing -> transiting,-0.04460897076689907,0.0,0.30000019073486506,0.09224006712373622,0.35262349047616226,-0.888904609028657,-150.0,457.9108475980205
f1481f64-0cb3-4e9e-b035-15e7103f6764,6521ddfb-2768-42ce-adfb-14f2b2a7b74e,8.615166044177073,0.0,13.699999809265137,3.5391217755493862,171.971516712291,0.0,357.1000061035156,91.9413001324702,2921,2025-12-09 23:47:57+00:00,175.96061643835617,4.07790341104198,0.0,14.300000190734863,4.604365323899583,170.5923534752124,0.0,359.0,84.17998071480746,2919.0,2025-12-09 22:37:02+00:00,249.51267991775188,4255.0,31.0,1.06,1.06,0.53,fishing,fishing,transiting,transiting,0.9283795356750488,0.5972146987915039,True,True,fishing -> transiting,4.537262633135093,0.0,-0.6000003814697266,-1.065243548350197,1.3791632370785862,7.761319417662747,2.0,-73.55206347939571
5c3fad18-9b6c-41c7-afed-cbd45951ac7c,cba2ac1f-a2f2-44bf-a8ed-f1acde01c19d,2.6346641145517866,0.0,102.3000030517578,3.101535753593082,175.50878233709943,0.0,359.0,112.55790306395984,2605,2025-12-09 16:34:16+00:00,1015.2603686635944,2.5868484022111664,0.0,9.100000381469728,2.5408370603860826,204.11895648294472,0.0,359.0,109.58960285438806,2935.0,2025-12-09 12:12:34+00:00,164.9461486025903,15702.0,21.0,0.81,0.72,0.38,fishing,fishing,transiting,transiting,0.6212871670722961,0.8017855882644653,True,True,fishing -> transiting,0.04781571234062021,0.0,93.20000267028807,0.5606986932069993,-28.610174145845292,2.9683002095717796,-330.0,850.3142200610041
f5d12a32-373f-46dc-a732-3d07e42b3cf1,,3.656925935819745,0.0,10.0,1.6203573131630953,206.63110658938496,0.0,359.0,101.83273942933708,2700,2025-12-08 05:57:51+00:00,2398.1144868469805,,,,,,,,,,,,,,,,,fishing,fishing,missing,missing,0.9191575646400452,,True,True,fishing -> missing,,,,,,,,
0ac234ac-6f1c-4b4e-ac5d-9af286fcd031,,3.3248834479730447,0.0,9.100000381469728,1.2411147727189746,207.4874850106609,0.0,359.0,94.2465601529604,1716,2025-12-09 20:08:55+00:00,2540.0868804664724,,,,,,,,,,,,,,,,,fishing,fishing,missing,missing,0.5907590985298157,,True,True,fishing -> missing,,,,,,,,
de636441-5b9d-4b82-a973-f17df2534f04,8848a2ac-377a-4b19-8cae-28501fbc35cc,3.0572029963811778,0.0,102.3000030517578,3.4274289746603688,195.19403364242615,0.0,358.8999938964844,110.91683533987484,2138,2025-12-09 13:31:25+00:00,1190.444548432382,2.9111680659577455,0.0,9.800000190734863,3.35674701727924,167.74804019508454,0.0,359.0,117.76517978309258,2928.0,2025-12-09 11:15:07+00:00,240.82131875640587,8178.0,56.0,2.62,1.91,1.12,fishing,fishing,transiting,transiting,0.8071305751800537,0.9306438565254213,True,True,fishing -> transiting,0.1460349304234323,0.0,92.50000286102294,0.07068195738112859,27.445993447341607,-6.848344443217741,-790.0,949.6232296759761
3e98b63d-558d-44ea-94d6-f26ab8fb084c,67c7c981-873c-48f8-bc59-f7f2ad70bb60,2.717993468103063,0.0,96.5,5.942836601298801,160.05087781525953,0.2000000029802322,359.0,107.97776440147312,917,2025-12-09 13:38:02+00:00,3863.9967248908297,0.8916382293321777,0.0,26.600000381469727,2.353224710191831,189.0656987691688,0.1000000014901161,359.0,101.21512839535998,2930.0,2025-12-09 15:52:14+00:00,346.87640833048823,-8052.0,0.0,0.0,0.0,0.0,fishing,fishing,moored,unknown,0.7462171912193298,0.890854001045227,True,True,fishing -> unknown,1.8263552387708852,0.0,69.89999961853027,3.5896118911069697,-29.014820953909265,6.762636006113141,-2013.0,3517.1203165603415
aceb30f5-97a9-457f-ada8-3fc4b3b39737,e2eab0fa-9a07-44ee-af10-f1ab2af5c164,4.437395598982647,0.0,10.100000381469728,3.3388929420505256,193.83215493296817,0.3000000119209289,358.8999938964844,99.91290380181351,2634,2025-12-07 13:47:03+00:00,47.89137865552602,2.04943743472298,0.0,9.600000381469728,3.0072250348153347,199.88831135922337,0.3000000119209289,358.29998779296875,110.74587602141106,1422.0,2025-12-07 20:40:13+00:00,1021.8578465869108,-24790.0,4.0,0.15,0.28,0.1,fishing,fishing,fishing,moored,0.8801227807998657,0.9005800485610962,True,False,fishing -> moored,2.387958164259667,0.0,0.5,0.3316679072351909,-6.0561564262552,-10.83297221959755,1212.0,-973.9664679313847
26d74f2d-0bb5-45b4-96c9-80165f705af1,c0eb6a13-4caa-4d09-bfe4-b2e84c31887e,5.347095653717933,0.0,102.3000030517578,5.734350770001617,219.94089944488428,0.1000000014901161,358.79998779296875,92.65225523190205,2875,2025-12-08 10:45:11+00:00,210.96416144746,5.180755892473992,0.0,102.3000030517578,4.493655414945589,233.86842465516511,4.800000190734863,358.8999938964844,77.05746609416862,2884.0,2025-12-08 07:38:42+00:00,76.51786333680194,11189.0,32.0,1.11,1.11,0.56,fishing,fishing,fishing,transiting,0.9048797488212584,0.8537206649780273,True,False,fishing -> transiting,0.16633976124394056,0.0,0.0,1.2406953550560278,-13.927525210280834,15.594789137733429,-9.0,134.44629811065806
dd753299-cbe7-47c3-bb6a-afe414f02e8a,02e4ef56-76f5-450e-9ba6-2e1229da1019,0.76846543194924,0.0,8.899999618530273,2.022446708339918,180.7177424144054,0.0,359.0,105.25787825276596,2965,2025-12-09 09:13:13+00:00,410.2344804318489,0.6378578685196452,0.0,8.5,1.8239889308662895,177.5282066106374,0.0,359.0,104.70363880535383,2969.0,2025-12-09 10:23:23+00:00,380.6657681940701,-4210.0,41.0,1.38,1.38,0.7,fishing,fishing,transiting,moored,0.8058256506919861,0.8335225582122803,True,True,fishing -> moored,0.1306075634295948,0.0,0.39999961853027344,0.19845777747362825,3.1895358037679955,0.5542394474121295,-4.0,29.56871223777881
18fac609-ea4f-42dd-be0b-064ba46ddc2d,92cdf0f4-2a4d-449f-b8ab-ff6e125e8ddf,4.406038890307733,0.0,10.699999809265137,2.4414944682050033,177.97192208405977,0.0,358.8999938964844,101.50143159398688,2931,2025-12-09 07:51:44+00:00,125.88361774744028,4.339102090317375,0.0,12.0,2.8160774061292435,180.55514902885687,0.0,359.0,98.6247061427708,1225.0,2025-12-09 09:37:00+00:00,5310.008986928105,-6316.0,3.0,0.1,0.24,0.07,fishing,fishing,fishing,transiting,0.8888223171234131,0.9799225330352784,True,False,fishing -> transiting,0.06693679999035762,0.0,-1.3000001907348633,-0.37458293792424024,-2.5832269447971044,2.8767254512160747,1706.0,-5184.125369180664
36816745-576f-4c37-a692-2ea8a147a083,a1f1dda8-86c7-4ef3-9c12-5466d5d2c4b2,0.7386806072330165,0.0,9.699999809265137,2.2637008916142456,53.020912991181035,0.0,357.1000061035156,93.6910112060214,2774,2025-12-09 19:55:49+00:00,1188.4284168770284,1.28947869121534,0.0,9.800000190734863,2.9975639679724746,51.76270393648643,0.0,357.1000061035156,94.26286475785896,2110.0,2025-12-09 23:05:59+00:00,911.9540066382172,-11410.0,40.0,1.44,1.9,0.83,fishing,fishing,fishing,moored,0.8391240239143372,0.7177802920341492,True,False,fishing -> moored,-0.5507980839823234,0.0,-0.10000038146972656,-0.733863076358229,1.2582090546946034,-0.5718535518375631,664.0,276.4744102388113
9a077886-ada4-4b3b-9bd5-49616db9f3c1,a328954d-ec87-4626-8207-19ed1fefb46d,6.9581944408102165,0.0,16.899999618530273,6.453369094669013,142.62200924341576,0.0,359.0,107.02224253618688,2160,2025-12-09 11:06:11+00:00,442.5701713756369,3.8954513371123136,0.0,16.200000762939453,5.967387459732448,195.60693967016897,0.4000000059604645,359.0,89.38618274147963,2814.0,2025-12-09 17:17:15+00:00,149.28190543903307,-22264.0,31.0,1.44,1.1,0.63,fishing,fishing,transiting,anchored,0.9824795722961426,0.6157859563827515,True,True,fishing -> anchored,3.062743103697903,0.0,0.6999988555908203,0.4859816349365653,-52.98493042675321,17.63605979470725,-654.0,293.2882659366038
fb3bb6ce-5e6a-4ab0-b297-f8104c05233c,13730c67-7f06-45c6-81f3-38b645b74250,3.957615895883466,0.0,11.800000190734863,2.1878146962727856,174.15549363677167,0.0,358.79998779296875,107.93874325983576,906,2025-12-09 11:26:10+00:00,2502.1049723756905,4.193006433247082,0.1000000014901161,10.100000381469728,2.086374823274076,185.09733073372985,0.0,358.8999938964844,115.905110517207,1244.0,2025-12-09 09:10:25+00:00,776.1979082864038,8145.0,11.0,1.21,0.88,0.51,fishing,fishing,fishing,transiting,0.8585216403007507,0.8980768322944641,True,False,fishing -> transiting,-0.23539053736361604,-0.1000000014901161,1.699999809265135,0.10143987299870938,-10.941837096958182,-7.966367257371246,-338.0,1725.9070640892867
6b6470c2-03f3-4348-b430-178fccd4814f,eb71a35c-5db2-48e4-83d1-cdabf903fa6e,3.9509620145477857,0.0,8.5,2.69635101524552,147.53060214557598,0.2000000029802322,359.0,99.91376496968762,2027,2025-12-09 22:49:50+00:00,1116.3766041461006,3.5233959837762936,0.0,8.899999618530273,2.6876531574947724,154.19896299976733,0.2000000029802322,359.0,99.29740366614352,1543.0,2025-12-10 00:56:22+00:00,1549.4695201037614,-7592.0,244.0,12.04,15.81,7.34,fishing,fishing,anchored,moored,0.8828036785125732,0.7151041030883789,True,True,fishing -> moored,0.42756603077149213,0.0,-0.39999961853027344,0.008697857750747495,-6.668360854191349,0.616361303544096,484.0,-433.0929159576608
5eabcef4-d1f2-4242-8760-d6bd40ded490,4aa61ff1-010a-46fe-a1b5-4ea256a02430,0.4201900238126344,0.0,6.800000190734863,0.930411124980985,212.60047696884465,0.1000000014901161,358.79998779296875,102.38104410481074,2947,2025-12-09 20:13:08+00:00,594.7620502376103,0.0537212452169442,0.0,6.0,0.3556786448270491,211.2368198483123,0.800000011920929,359.0,106.83738668340314,2956.0,2025-12-09 14:57:10+00:00,347.55093062605755,18958.0,21.0,0.71,0.71,0.36,fishing,fishing,fishing,moored,0.7280147075653076,0.6811972260475159,True,False,fishing -> moored,0.36646877859569016,0.0,0.8000001907348633,0.574732480153936,1.3636571205323378,-4.456342578592398,-9.0,247.21111961155276
a3097491-a76e-4f91-a96d-e05b08dd0ad6,86b2da19-2332-4160-9355-00adcfa4bca7,2.8266895230162623,0.0,11.100000381469728,2.321182047594517,163.53144682460194,0.0,359.0,117.03679927386976,2042,2025-12-08 01:15:34+00:00,1203.623223909848,2.915822580006524,0.0,9.0,2.215081821388536,162.08906535123455,0.0,359.0,106.78959749599056,2863.0,2025-12-08 01:35:25+00:00,271.9751921733054,-1191.0,16.0,0.78,0.56,0.33,fishing,fishing,transiting,transiting,0.6757240891456604,0.5040019750595093,True,True,fishing -> transiting,-0.08913305699026175,0.0,2.1000003814697283,0.10610022620598114,1.4423814733673908,10.247201777879198,-821.0,931.6480317365426
8a51a7ec-171f-45b9-b954-bc6b11ebc4ab,0bead253-6ff7-4697-88ae-1cc747557561,1.73465057468724,0.0,10.100000381469728,3.0893116613340026,177.7102165399923,0.0,357.79998779296875,99.32577391955232,2733,2025-12-07 18:13:44+00:00,811.993411420205,2.4353399001134988,0.0,10.300000190734863,3.6242183549679976,135.2733220406976,0.0,358.8999938964844,119.03735933163534,2957.0,2025-12-07 11:01:20+00:00,186.93403247631937,25944.0,51.0,1.87,1.72,0.9,transiting,transiting,fishing,fishing,0.5278983116149902,0.7782475352287292,True,True,transiting -> fishing,-0.7006893254262587,0.0,-0.19999980926513494,-0.534906693633995,42.43689449929471,-19.711585412083025,-224.0,625.0593789438856
d504a885-bb09-4469-8fac-66b7585f57d4,26063f29-285b-4a50-b243-39a95fbe46be,1.714669048199713,0.0,11.300000190734863,2.872711700115478,178.97638638993337,0.1000000014901161,358.29998779296875,101.08924623322366,559,2025-12-09 05:41:17+00:00,6963.715053763441,2.42182540645202,0.0,11.199999809265137,2.976284931431802,181.53575110947483,0.1000000014901161,359.0,92.0172541121878,1008.0,2025-12-09 11:14:10+00:00,2038.5958291956304,-19973.0,1.0,0.18,0.1,0.06,fishing,fishing,fishing,moored,0.8244785070419312,0.8858135342597961,True,False,fishing -> moored,-0.707156358252307,0.0,0.10000038146972656,-0.10357323131632423,-2.5593647195414633,9.071992121035862,-449.0,4925.11922456781
0f9eb111-ef31-460f-b736-62dcd6f684bc,5563b46f-79e7-4345-98e2-5208996a022a,4.131328329359903,0.0,11.199999809265137,3.3306417852805295,163.59074372885473,0.0,359.0,111.93588469602275,1596,2025-12-09 22:40:34+00:00,1522.4771159874608,3.5709994726090533,0.0,11.399999618530272,3.525740655743256,133.84428721626008,0.0,358.29998779296875,107.03308566162237,1831.0,2025-12-10 02:03:21+00:00,473.84371584699454,-12167.0,7.0,0.44,0.38,0.2,fishing,fishing,transiting,moored,0.6261652708053589,0.8369676470756531,True,True,fishing -> moored,0.5603288567508495,0.0,-0.19999980926513494,-0.19509887046272656,29.746456512594648,4.902799034400388,-235.0,1048.6334001404662
a42e3bab-0e9c-4a08-bd79-6ad5a9b1c3e4,b8928d00-4ef9-4855-ae6c-bab9c615c307,2.9219846334165247,0.0,11.800000190734863,3.030352992624702,146.9979138867215,0.0,359.0,117.64235555167194,2993,2025-12-07 05:39:12+00:00,47.338569518716575,3.701225689999904,0.0,11.699999809265137,3.4937751775236596,168.83558882252632,0.0,359.0,106.58311568464804,1795.0,2025-12-07 07:19:30+00:00,1950.1164994425865,-6018.0,4.0,0.13,0.22,0.08,fishing,fishing,fishing,transiting,0.5425160527229309,0.9324054718017578,True,False,fishing -> transiting,-0.7792410565833792,0.0,0.10000038146972656,-0.4634221848989575,-21.837674935804813,11.059239867023905,1198.0,-1902.7779299238698
2acb55ca-0521-4f68-a493-abfde94d5c7c,,4.438690078502004,0.0,24.899999618530273,2.5418832783852587,150.7806417519982,7.699999809265137,351.8999938964844,103.22324212249156,2962,2025-12-09 23:32:50+00:00,202.49611617696723,,,,,,,,,,,,,,,,,fishing,fishing,missing,missing,0.7102618217468262,,True,True,fishing -> missing,,,,,,,,
967d2b48-cf78-4f0f-a898-1b1b1106f9d0,06665cf7-7973-416a-ab8c-f945f24177a8,1.9156910591917793,0.0,9.800000190734863,2.5865540841737076,155.0000729121246,0.0,358.20001220703125,116.83896455276576,2460,2025-12-07 00:27:53+00:00,959.8495323302157,2.823285823302231,0.0,102.3000030517578,2.960450298559088,182.7258565823877,0.0,359.0,116.8282059625291,2946.0,2025-12-07 03:36:30+00:00,155.73853989813242,-11317.0,62.0,2.52,2.1,1.16,fishing,fishing,fishing,moored,0.8232699036598206,0.8568558096885681,True,False,fishing -> moored,-0.9075947641104518,0.0,-92.50000286102294,-0.37389621438538034,-27.725783670263098,0.010758590236662258,-486.0,804.1109924320832
63ce8998-5214-4769-a532-2698fbdcf5cc,,2.1881679494346256,0.0,8.899999618530273,2.109806406304307,142.7482295681415,0.0,358.5,125.58290218556309,1048,2025-12-09 10:49:40+00:00,3041.608404966571,,,,,,,,,,,,,,,,,fishing,unknown,missing,missing,0.6812386512756348,,True,True,unknown -> missing,,,,,,,,
5a70ad64-62aa-4498-abac-8d518ea2c677,89f8181d-ea52-4100-a963-6ea9bb0ca983,3.4947856334172975,0.0,10.600000381469728,3.261336921265819,138.4118824234605,0.0,359.0,117.35332641426469,863,2025-12-09 07:56:46+00:00,2311.8863109048725,2.7092915394805313,0.0,78.5,4.209498654065701,100.9619642259714,0.0,359.0,120.05556817046828,1722.0,2025-12-09 09:33:51+00:00,909.640325392214,-5825.0,4.0,0.46,0.23,0.15,fishing,fishing,transiting,transiting,0.8623459935188293,0.8399369120597839,True,True,fishing -> transiting,0.7854940939367663,0.0,-67.89999961853027,-0.9481617327998819,37.4499181974891,-2.702241756203591,-859.0,1402.2459855126585
d031625f-426e-4669-b7e7-e78fc17b58fb,8f00a5a1-07be-4d79-b6e8-5ab670d70c86,4.152945823705258,0.0,12.5,2.3383904368764465,160.18417289152077,0.3000000119209289,358.5,100.3893443927696,2529,2025-12-09 00:21:30+00:00,607.0458860759494,4.009853922689891,0.0,12.600000381469728,2.1773339009629016,155.800001104329,0.1000000014901161,358.8999938964844,97.94532379597018,3217.0,2025-12-09 06:46:25+00:00,113.25062189054728,-23095.0,50.0,1.98,1.55,0.88,fishing,fishing,transiting,transiting,0.6856330037117004,0.7514755129814148,True,True,fishing -> transiting,0.1430919010153664,0.0,-0.10000038146972834,0.16105653591354496,4.384171787191775,2.444020596799419,-688.0,493.7952641854021
8083b0c4-9c58-4420-a360-837859ec7896,5dde53ee-6f9b-4bb8-bc60-b566a8cefb9a,10.94511703712696,0.8999999761581421,13.0,1.337414743957601,256.38563371339666,7.800000190734863,356.1000061035156,30.15048940782516,2478,2025-12-08 23:06:18+00:00,423.1974162293096,11.136807249414252,3.0,12.899999618530272,0.7246634284278799,248.74778685332092,236.1000061035156,288.1000061035156,10.872844651616868,2869.0,2025-12-08 14:45:13+00:00,211.16875871687589,30065.0,31.0,1.25,1.08,0.58,fishing,fishing,fishing,transiting,0.8590598702430725,0.6496725082397461,True,False,fishing -> transiting,-0.19169021228729122,-2.100000023841858,0.10000038146972834,0.6127513155297211,7.63784686007574,19.27764475620829,-391.0,212.02865751243374
1ef32fe4-0ecc-4158-aecd-6166cae5d7fa,0bfcdb8a-7703-4b0d-9072-1dcb725b9a55,6.948622386031123,0.0,11.399999618530272,2.922124749399494,187.5393359490372,0.0,358.8999938964844,99.37902933923236,1851,2025-12-09 08:03:29+00:00,1263.6605405405403,6.830321489350237,0.0,11.0,2.980857647067867,192.49797796407648,0.0,358.79998779296875,99.37302585657145,2302.0,2025-12-09 13:00:16+00:00,1022.689700130378,-17807.0,405.0,21.88,17.59,10.81,fishing,fishing,anchored,transiting,0.9283440709114076,0.7104255557060242,True,True,fishing -> transiting,0.11830089668088561,0.0,0.39999961853027166,-0.058732897668372974,-4.958642015039288,0.006003482660915438,-451.0,240.97084041016228
6ec7926d-8d8c-420e-ab92-9e711c189236,b06df9ef-8290-4232-80d3-829fa6320b9d,4.803669287715611,0.0,10.0,3.870071835634703,220.700341923392,0.699999988079071,358.6000061035156,87.74696153731512,2044,2025-12-09 01:29:08+00:00,814.6808614782183,4.2106173742699005,0.0,10.199999809265137,4.08859379163957,205.4254734553144,0.800000011920929,359.0,91.50034929395912,2948.0,2025-12-09 11:33:25+00:00,292.6437054631829,-36257.0,31.0,1.52,1.05,0.62,fishing,fishing,transiting,transiting,0.4995230138301849,0.8863485455513,True,True,fishing -> transiting,0.5930519134457102,0.0,-0.19999980926513672,-0.21852195600486723,15.274868468077585,-3.7533877566440026,-904.0,522.0371560150354
c345c53e-bf59-48cf-9118-747e0cb89a44,7821a82e-a98f-47f9-b07a-3408e6ddb2ca,4.509613409783695,0.0,12.699999809265137,4.070106025971887,181.18836823106832,1.100000023841858,359.0,88.42348471965428,2923,2025-12-07 16:14:13+00:00,239.03867214236823,2.761275380300401,0.0,11.699999809265137,2.8958126220909035,185.61858506546787,0.1000000014901161,358.70001220703125,108.74561297257422,2807.0,2025-12-07 18:15:04+00:00,43.6176051318603,-7251.0,31.0,1.06,1.1,0.54,fishing,fishing,fishing,moored,0.8570001721382141,0.8789880871772766,True,False,fishing -> moored,1.748338029483294,0.0,1.0,1.1742934038809834,-4.430216834399545,-20.32212825291994,116.0,195.42106701050793
0834d34e-9ce5-4ddd-a19b-e3b05179e288,dc6d217c-94a2-484a-8904-5c12c68bf0ee,3.7633563249960713,0.0,11.100000381469728,2.1672999929240815,172.75209385491274,0.0,359.0,107.74137278567856,2175,2025-12-08 21:48:58+00:00,1257.228150873965,3.727359789881025,0.0,10.699999809265137,2.1923222044314628,173.62742275999386,0.0,358.8999938964844,105.69802323491756,2193.0,2025-12-08 21:50:36+00:00,1329.0246350364964,-98.0,200.0,9.2,9.12,4.8,fishing,fishing,transiting,transiting,0.8547627925872803,0.8805594444274902,True,True,fishing -> transiting,0.03599653511504641,0.0,0.4000005722045916,-0.025022211507381265,-0.875328905081119,2.0433495507610075,-18.0,-71.79648416253144
61aa79c7-46f9-4768-bab5-44e3d5936eb7,eb113a85-0a97-4215-8214-45029a51f60c,6.99504950272362,0.0,11.899999618530272,4.429966930865181,213.2236825787016,0.0,358.8999938964844,102.7393992740382,1616,2025-12-07 20:23:50+00:00,888.7195046439629,6.031144989944846,0.0,11.600000381469728,4.619850763289741,227.21707150868096,0.0,359.0,100.68718977715876,2559.0,2025-12-08 03:24:54+00:00,433.7900703674746,-25264.0,11.0,0.68,0.43,0.26,fishing,fishing,transiting,transiting,0.7414308786392212,0.9374237060546876,True,True,fishing -> transiting,0.9639045127787735,0.0,0.2999992370605433,-0.18988383242456042,-13.993388929979346,2.052209496879442,-943.0,454.9294342764883
9ddffd41-4dad-4e1c-b741-1259a466a0f2,35ba6642-a136-4184-ab9e-60834a481668,3.8542792790767937,0.1000000014901161,8.699999809265137,2.0661061493945185,168.87311725327407,0.0,358.8999938964844,110.8424993654484,1332,2025-12-07 19:45:04+00:00,1382.9436513899325,4.941973938257499,0.1000000014901161,9.100000381469728,2.0760804750936668,161.63265095016897,0.0,359.0,123.31075800414663,1763.0,2025-12-08 00:35:30+00:00,791.2911464245176,-17426.0,6.0,0.45,0.34,0.19,fishing,fishing,fishing,unknown,0.7843663692474365,0.8508033752441406,True,False,fishing -> unknown,-1.0876946591807055,0.0,-0.4000005722045916,-0.009974325699148245,7.240466303105109,-12.46825863869823,-431.0,591.6525049654149
2e66fec8-b1c3-4041-8465-d1ae1f8ca030,02c0a617-1365-4d7a-b646-3ced1be5baf9,5.269902913761218,0.0,13.800000190734863,3.4537417330711806,176.4141759136377,0.0,358.5,97.02649583525368,1957,2025-12-09 21:56:53+00:00,917.092535787321,4.726156484249498,0.0,13.199999809265137,3.2125751896296046,177.02233654594733,0.1000000014901161,359.0,97.97809419593376,2940.0,2025-12-09 20:51:28+00:00,324.77203130316434,3925.0,13.0,0.66,0.44,0.27,fishing,fishing,fishing,moored,0.9628385901451112,0.8960901498794556,True,False,fishing -> moored,0.54374642951172,0.0,0.6000003814697266,0.24116654344157595,-0.6081606323096196,-0.9515983606800802,-983.0,592.3205044841567
2a8ff581-0d6c-426e-84e1-3a3413054675,5a35016c-ba38-4c62-9977-4a3c6bc1225d,3.431728817843279,0.0,11.5,3.332245853337278,169.8487057550417,0.0,358.8999938964844,107.56154218043636,2950,2025-12-09 11:26:14+00:00,91.95625635808749,2.748529432864391,0.0,10.100000381469728,3.0223246264945134,173.8818377024986,0.2000000029802322,358.79998779296875,104.6369041391485,1496.0,2025-12-09 19:48:14+00:00,1676.9973244147156,-30120.0,17.0,0.58,1.14,0.38,fishing,fishing,fishing,moored,0.8219207525253296,0.7843299508094788,True,False,fishing -> moored,0.683199384978888,0.0,1.3999996185302717,0.3099212268427647,-4.033131947456894,2.9246380412878636,1454.0,-1585.041068056628
afff68b2-a2bd-4de8-af67-aa18a2ab15c2,c146587c-f013-471f-acca-3e2c6b8bbf97,3.961538462302624,0.0,11.399999618530272,2.7320455333256657,158.1482900552319,0.0,358.8999938964844,114.50092058788822,741,2025-12-09 16:46:54+00:00,3921.737837837838,3.832964616868875,0.0,11.399999618530272,3.3679220557581875,140.06525178803912,0.0,359.0,118.78118759673768,904.0,2025-12-09 16:16:54+00:00,3105.984496124031,1800.0,210.0,28.34,23.23,14.63,fishing,fishing,transiting,transiting,0.7802912592887878,0.5598248243331909,True,True,fishing -> transiting,0.12857384543374906,0.0,0.0,-0.6358765224325218,18.08303826719279,-4.280267008849464,-163.0,815.753341713807
4a644a5d-b89e-4528-8469-87453bcda90e,c7f06b25-bc81-4383-afe3-07ec881abb33,6.118442490009871,0.0,12.0,4.495669945837815,172.7743398379747,0.0,358.79998779296875,101.4641183492032,3069,2025-12-06 23:16:21+00:00,367.7861799217732,3.826077264563191,0.0,12.699999809265137,4.340423392618142,173.12141386728584,0.0,359.0,101.59368102108512,1787.0,2025-12-07 04:34:31+00:00,1801.246920492721,-19090.0,12.0,0.39,0.67,0.25,fishing,fishing,fishing,transiting,0.9753984212875366,0.9878697991371156,True,False,fishing -> transiting,2.2923652254466798,0.0,-0.6999998092651367,0.15524655321967273,-0.3470740293111305,-0.12956267188191362,1282.0,-1433.4607405709478
2b1105de-5964-4e80-8abd-284b0075563f,80c55eca-0bb2-4e7b-b3a1-a5defc019032,1.8793088254553056,0.0,10.899999618530272,2.8974695275737945,192.63291868827972,0.0,359.0,113.2890661786361,2257,2025-12-07 22:56:35+00:00,1035.3058510638298,1.4661345275640283,0.0,10.5,2.4707266049688204,172.27188310886962,0.0,358.79998779296875,106.91275224146416,2944.0,2025-12-07 20:42:43+00:00,247.370710159701,8032.0,9.0,0.4,0.31,0.17,transiting,transiting,fishing,fishing,0.5206716060638428,0.5884947776794434,True,True,transiting -> fishing,0.41317429789127735,0.0,0.39999961853027166,0.42674292260497415,20.3610355794101,6.376313937171943,-687.0,787.9351409041287
33ad8c52-8383-4930-b01b-e02baa64f39f,307203ad-8485-4644-8db0-cf312183d598,3.7668971573240095,0.0,10.300000190734863,3.258083141411155,199.1634398975966,0.5,359.0,103.13008179490792,1157,2025-12-09 07:19:54+00:00,869.94723183391,3.188018023518023,0.0,10.5,3.0610869143652972,194.78711781378263,0.800000011920929,359.0,94.52187458004636,1110.0,2025-12-09 13:36:11+00:00,705.9422903516681,-22577.0,137.0,11.84,12.34,6.43,fishing,fishing,transiting,transiting,0.6004031896591187,0.6356040239334106,True,True,fishing -> transiting,0.5788791338059864,0.0,-0.19999980926513672,0.19699622704585762,4.37632208381396,8.608207214861565,47.0,164.00494148224186
4d226196-75c2-439f-9a9f-6d84e8764a0b,51b95025-71ce-46bc-8223-b44b728bea03,3.107772912846481,0.0,10.100000381469728,1.9604405105532403,206.81279729780115,0.0,358.70001220703125,103.7609438415886,2959,2025-12-09 02:06:07+00:00,2226.4864773495606,3.1083289887687378,0.0,10.100000381469728,2.252788800666921,222.38333594133616,0.0,358.5,109.1251914992534,1897.0,2025-12-09 03:20:11+00:00,348.5448312236287,-4444.0,15.0,0.51,0.79,0.31,transiting,transiting,fishing,fishing,0.6780481338500977,0.9877713918685912,True,True,transiting -> fishing,-0.0005560759222569267,0.0,0.0,-0.2923482901136807,-15.570538643535002,-5.364247657664805,1062.0,1877.9416461259318
0dd684db-7d65-4524-bb2e-c74e99130c73,eca4862d-55d9-44bb-a6aa-50bc45c01514,5.961763520043514,0.0,8.800000190734863,2.600710663044322,212.28288985173683,0.1000000014901161,359.0,96.63699655481672,2461,2025-12-06 23:12:23+00:00,353.56138211382114,5.3338067647447,0.0,8.699999809265137,2.5807251736604275,182.851188266905,0.0,359.0,85.67889101092288,4295.0,2025-12-06 22:35:45+00:00,179.77992547741033,2198.0,60.0,2.44,1.4,0.9,fishing,fishing,fishing,transiting,0.7368760704994202,0.8764406442642212,True,False,fishing -> transiting,0.6279567552988148,0.0,0.10000038146972656,0.01998548938389444,29.431701584831814,10.958105543893836,-1834.0,173.7814566364108
296be742-9caf-403a-ba56-acde5e5ba43c,8687db45-c813-4d45-909c-23718984a53f,2.763127343977788,0.0,11.100000381469728,2.927268258140972,180.79986333460135,1.100000023841858,358.29998779296875,95.44209379637704,2929,2025-12-06 19:52:28+00:00,51.5167349726776,1.7811628091907086,0.0,10.399999618530272,2.4907500522998416,171.40978013502047,0.1000000014901161,356.8999938964844,97.45603936671058,860.0,2025-12-06 19:48:27+00:00,3355.310826542491,241.0,5.0,0.17,0.58,0.13,fishing,fishing,moored,moored,0.593967616558075,0.5437666177749634,True,True,fishing -> moored,0.9819645347870793,0.0,0.7000007629394567,0.4365182058411303,9.390083199580886,-2.013945570333547,2069.0,-3303.7940915698136
61676d84-762c-43cd-8dfb-f9cc13669da8,,3.5088921265768933,0.3000000119209289,9.399999618530272,1.529913780488131,174.06710729109076,0.1000000014901161,358.8999938964844,111.58956767868963,686,2025-12-09 08:46:52+00:00,2438.6773722627736,,,,,,,,,,,,,,,,,fishing,fishing,missing,missing,0.8877365589141846,,True,True,fishing -> missing,,,,,,,,
b2c8e281-9efe-4b2b-a6a2-6053f7a05f73,7a7a7fe2-cbed-4a2c-b10a-51e5a97cc4c1,4.4212719347458656,0.0,11.699999809265137,3.0638420639760593,183.39510747872663,0.0,358.70001220703125,97.65021625779488,1824,2025-12-08 18:07:35+00:00,1575.1289083927593,4.153237430970323,0.0,10.100000381469728,2.9540309353294276,194.54635284419908,1.0,358.20001220703125,100.57183279381184,973.0,2025-12-08 20:15:25+00:00,1486.4578189300412,-7670.0,8.0,0.44,0.82,0.29,transiting,transiting,fishing,fishing,0.8982006311416626,0.853837251663208,True,True,transiting -> fishing,0.2680345037755423,0.0,1.5999994277954084,0.10981112864663167,-11.151245365472448,-2.9216165360169555,851.0,88.6710894627181
5d358f37-5de5-4df3-ba31-c723e577e211,,3.3908726235285567,0.0,8.800000190734863,1.726891881296743,201.9826961933847,0.0,358.8999938964844,96.08139732589858,997,2025-12-09 08:09:05+00:00,2320.0793172690765,,,,,,,,,,,,,,,,,fishing,fishing,missing,missing,0.8327652812004089,,True,True,fishing -> missing,,,,,,,,
6efe1d25-90ab-4d31-ae9a-543725fba6b0,77c04e53-0527-40eb-9a52-31d2d498f71c,1.123500815847801,0.0,8.199999809265137,2.0888571057116985,219.61233717783705,5.0,358.8999938964844,74.11133690351186,1234,2025-12-09 03:02:29+00:00,1537.4103811841037,1.0251523638200892,0.0,8.300000190734863,1.9699682864645136,221.33207857443685,3.5999999046325684,358.70001220703125,76.47446643199996,1805.0,2025-12-09 09:33:50+00:00,932.5238359201774,-23481.0,10.0,0.81,0.55,0.33,fishing,fishing,fishing,moored,0.8623620867729187,0.8719485402107239,True,False,fishing -> moored,0.09834845202771181,0.0,-0.10000038146972656,0.11888881924718486,-1.719741396599801,-2.363129528488102,-571.0,604.8865452639263
e78380ae-64f0-4420-912e-4527a4a207ff,6c9f2a9e-878c-4550-abc5-5527c2561be8,2.764531626396651,0.0,9.699999809265137,2.5649260474006192,182.98661867889987,0.699999988079071,359.0,99.80675403441997,2498,2025-12-09 17:34:31+00:00,592.63075690829,3.251998695074468,0.0,9.0,2.6160592278357697,204.87479165375495,0.0,359.0,100.36412277228402,3027.0,2025-12-09 22:25:00+00:00,157.2263714474554,-17429.0,118.0,4.72,3.9,2.18,fishing,fishing,moored,moored,0.6422346234321594,0.8929316401481628,True,True,fishing -> moored,-0.4874670686778173,0.0,0.6999998092651367,-0.05113318043515047,-21.88817297485508,-0.5573687378640528,-529.0,435.4043854608346
4af0765d-6dbb-423b-ba69-0b06ec3c08f5,49a238d6-5093-4501-96c7-4ea9f2c60930,4.12089279164066,0.0,6.300000190734863,1.258311502104877,200.87983527976135,0.0,358.8999938964844,96.69461044200338,2173,2025-12-10 00:27:32+00:00,1615.2527624309391,3.775935499173018,0.0,6.300000190734863,1.3767582009486534,186.6352952441325,0.0,358.79998779296875,94.5019050488646,1550.0,2025-12-10 00:55:01+00:00,665.3453841187863,-1649.0,33.0,1.52,2.13,0.89,fishing,fishing,transiting,unknown,0.9831405282020568,0.6512054204940796,True,True,fishing -> unknown,0.34495729246764206,0.0,0.0,-0.11844669884377645,14.244540035628859,2.1927053931387803,623.0,949.9073783121528
c395cc71-5a01-4033-a784-c75a9050d4bd,4c7711e3-9c03-404f-86ad-52b70dfb2a70,1.6313344648271495,0.0,11.300000190734863,2.687039970470523,182.96013605225264,0.0,358.8999938964844,101.9699591400085,2368,2025-12-08 00:19:40+00:00,1129.223489649345,1.2491437172210669,0.0,11.600000381469728,2.4208247089704176,172.58572042136996,0.0,359.0,99.60934578823266,2686.0,2025-12-08 01:28:22+00:00,594.1445065176908,-4122.0,18.0,0.76,0.67,0.36,fishing,fishing,,,0.6007936000823975,,True,True,fishing -> nan,0.3821907476060826,0.0,-0.30000019073486506,0.26621526150010544,10.37441563088268,2.3606133517758394,-318.0,535.0789831316542
d61fead9-9b33-4b49-9ee4-3dcd3a249b98,aa1583a2-4f07-46f8-9fa8-383fd6682bd4,6.106412905313454,0.0,13.199999809265137,4.3713163555522305,168.62086967379165,0.0,359.0,102.78129611693886,2417,2025-12-08 03:10:01+00:00,109.83153973509934,5.094213678791721,0.0,13.100000381469728,4.729269346750138,170.74596415502546,0.0,358.79998779296875,110.02894628712224,2022.0,2025-12-08 09:44:31+00:00,858.0356259277586,-23670.0,15.0,0.62,0.74,0.34,fishing,fishing,transiting,moored,0.7905274629592896,0.8893819451332092,True,True,fishing -> moored,1.0121992265217328,0.0,0.09999942779540838,-0.3579529911979078,-2.125094481233816,-7.247650170183377,395.0,-748.2040861926592
80a1e95c-da24-4a80-9510-25bd26afd4c8,06c86378-047e-4708-b313-a192a5cfbe92,4.026278354931475,0.0,10.800000190734863,1.566037405202387,193.38979182173344,0.0,359.0,92.06616373121096,2953,2025-12-09 15:33:50+00:00,632.3821138211382,3.8291702498359186,0.0,11.0,1.8848747744848648,190.50488736351747,0.3000000119209289,359.0,92.88246662443358,1169.0,2025-12-09 12:03:51+00:00,3108.640410958904,12599.0,8.0,0.27,0.68,0.19,fishing,fishing,transiting,transiting,0.8668348789215088,0.9160852432250975,True,True,fishing -> transiting,0.19710810509555632,0.0,-0.19999980926513672,-0.31883736928247775,2.8849044582159706,-0.8163028932226126,1784.0,-2476.2582971377656
91b83070-d1a0-4e63-92fe-c3763dcf905a,c0969424-d20c-43ab-aad5-09c5111f61e9,5.265706968644511,0.0,11.199999809265137,2.2258973034674367,167.69536016082984,0.0,359.0,100.82942777337732,3126,2025-12-08 22:54:59+00:00,412.9248,5.080534767538787,0.0,11.0,2.6738735241412104,177.26967468469246,0.0,359.0,100.42100841704656,2805.0,2025-12-09 23:26:29+00:00,406.59058487874466,-88290.0,101.0,3.23,3.6,1.73,fishing,fishing,transiting,transiting,0.8345348238945007,0.929132044315338,True,True,fishing -> transiting,0.18517220110572374,0.0,0.19999980926513672,-0.44797622067377363,-9.574314523862625,0.40841935633075366,321.0,6.33421512125534
919c940b-0b5d-4e89-91f0-1bc54d2e142b,,2.7687216706452378,0.0,8.5,1.3905645448584578,156.24714161129754,0.4000000059604645,359.0,99.24507506361728,2206,2025-12-09 22:15:35+00:00,937.0621315192744,,,,,,,,,,,,,,,,,fishing,fishing,missing,missing,0.7832502722740173,,True,True,fishing -> missing,,,,,,,,
7708cd38-5a47-4de2-b066-06f4b571d86f,2a6817f0-72e2-47e8-99a8-836c19a1512e,0.983037108079756,0.0,11.800000190734863,2.758687140165669,312.53181030566645,1.7999999523162842,358.5,59.584968627539425,3207,2025-12-07 15:22:29+00:00,140.81253898939488,1.4095359282770583,0.0,10.600000381469728,2.429941652314307,186.70626001904975,0.2000000029802322,358.70001220703125,116.88160772926476,1573.0,2025-12-07 19:34:01+00:00,988.1501272264632,-15092.0,3.0,0.09,0.19,0.06,fishing,fishing,fishing,moored,0.7092294096946716,0.6716848611831665,True,False,fishing -> moored,-0.42649882019730234,0.0,1.199999809265135,0.32874548785136204,125.8255502866167,-57.29663910172533,1634.0,-847.3375882370683
c3003b12-2565-4b5a-b5b7-fcbc86decb0d,c7bc33bf-4b52-47a3-a299-42f5b3fc2f57,3.800315479233814,0.0,12.0,2.518305815956841,170.8247236201389,0.0,358.79998779296875,101.1263674106168,634,2025-12-09 11:26:10+00:00,4301.090047393365,2.1631209582380033,0.0,83.0999984741211,3.293807602350356,143.40579406234966,0.0,359.0,116.43962378705268,1852.0,2025-12-08 21:35:28+00:00,1122.7433819556995,49842.0,1.0,0.16,0.05,0.04,fishing,fishing,transiting,transiting,0.8579444289207458,0.9010775685310364,True,True,fishing -> transiting,1.6371945209958105,0.0,-71.0999984741211,-0.775501786393515,27.418929557789255,-15.313256376435888,-1218.0,3178.3466654376657
cfbdcaf1-d4a0-4533-abe5-5c2ba3d9aa7b,6d8a4fdd-2409-4ace-af68-8456481bf5fa,2.902210476724561,0.0,11.0,2.1923764155270833,158.02121505483612,0.0,359.0,108.15739633535932,2081,2025-12-09 08:24:31+00:00,1184.1951923076922,2.834661969894358,0.0,10.0,1.9250400806282584,166.02321028591354,0.1000000014901161,359.0,111.51125159717078,1982.0,2025-12-09 04:31:15+00:00,351.35487127713276,13996.0,16.0,0.77,0.81,0.4,transiting,transiting,fishing,fishing,0.6625511646270752,0.9085025191307068,True,True,transiting -> fishing,0.06754850683020308,0.0,1.0,0.2673363348988249,-8.001995231077416,-3.3538552618114608,99.0,832.8403210305594
2da868e2-d39e-462e-ad34-7895c98d4a58,,4.346193972217527,0.0,9.800000190734863,2.626424188303221,209.0220716202624,0.0,358.70001220703125,114.6297506419715,959,2025-12-09 17:44:54+00:00,3259.8820459290187,,,,,,,,,,,,,,,,,,,missing,missing,,,True,True,nan -> missing,,,,,,,,
47a0a363-b09f-44e9-8ecf-76b739d2cf63,86fe7214-9c20-43f7-92bc-dac5eb487fc3,2.6863872594679767,0.0,9.399999618530272,2.860590536224682,188.2782290904912,0.0,359.0,92.09340763591376,2887,2025-12-08 22:03:23+00:00,96.9019404019404,2.9436314633551923,0.0,11.0,3.2121637952723847,174.75249001934316,0.0,358.70001220703125,104.7628857485993,2214.0,2025-12-09 04:40:10+00:00,194.8373248983281,-23807.0,67.0,2.32,3.03,1.33,fishing,fishing,transiting,transiting,0.7239254713058472,0.8891782164573669,True,True,fishing -> transiting,-0.2572442038872156,0.0,-1.6000003814697283,-0.35157325904770254,13.525739071148053,-12.669478112685539,673.0,-97.9353844963877
db3513a6-4b61-443d-98bc-abf8f7e567d5,a89439cc-e8b3-47a9-98e9-51032825a4ae,5.286779176592268,0.1000000014901161,13.0,3.088883952550615,226.2409476067305,0.2000000029802322,359.0,96.61048624242764,2133,2025-12-08 12:48:45+00:00,448.8386491557223,4.486559712116518,0.0,12.800000190734863,2.877335516371832,255.6054627140349,1.2000000476837158,359.0,98.649776714218,2805.0,2025-12-08 17:48:01+00:00,207.8555634807418,-17956.0,42.0,1.97,1.5,0.86,fishing,fishing,fishing,transiting,0.7368874549865723,0.7818947434425354,True,False,fishing -> transiting,0.8002194644757497,0.1000000014901161,0.19999980926513672,0.21154843617878294,-29.364515107304413,-2.039290471790366,-672.0,240.9830856749805
e67b88ec-1db6-42b0-b68d-328c2aa375c0,,2.4461224504423384,0.0,12.5,3.4881603907628502,185.52768865290275,0.2000000029802322,359.0,110.24586319871892,2940,2025-12-09 13:16:16+00:00,495.8972439605308,,,,,,,,,,,,,,,,,fishing,fishing,missing,missing,0.9725224375724792,,True,True,fishing -> missing,,,,,,,,
55446753-7fa1-4b80-8f87-c7437c8338a7,,2.966817567771703,0.0,8.899999618530273,2.0512211271026417,200.3406176650892,0.0,359.0,97.53760894618055,2209,2025-12-08 05:40:39+00:00,3976.766757246377,,,,,,,,,,,,,,,,,fishing,fishing,missing,missing,0.5589001774787903,,True,True,fishing -> missing,,,,,,,,
85e24a5c-a11a-4c4b-89d0-dadf8c83941a,,3.41886534870832,0.0,12.600000381469728,4.533434338361386,183.52663680174692,0.1000000014901161,359.0,99.36896857131018,2926,2025-12-09 05:46:43+00:00,44.89846153846154,,,,,,,,,,,,,,,,,fishing,fishing,missing,missing,0.9189236760139464,,True,True,fishing -> missing,,,,,,,,
e1a59dac-9568-47af-a421-4c00a1237a6c,2cf25324-7e35-4c35-8e3f-5ee53d38dc48,5.156329329388526,0.0,13.399999618530272,4.6928855226684485,172.1569706961333,0.0,358.8999938964844,100.87413047021498,2915,2025-12-08 22:15:17+00:00,88.81606039807825,3.121415693042467,0.0,13.100000381469728,4.2306094806684005,180.2696824575385,0.0,359.0,102.31244766737298,2769.0,2025-12-09 07:16:29+00:00,498.1452312138728,-32472.0,12.0,0.41,0.43,0.21,fishing,fishing,transiting,transiting,0.51857590675354,0.9466223120689392,True,True,fishing -> transiting,2.034913636346059,0.0,0.2999992370605433,0.462276042000048,-8.112711761405194,-1.4383171971579998,146.0,-409.32917081579455
dff10488-b1ea-4d31-81f4-ff2fe2719f82,dc5b1d1e-91c1-4b54-8068-f48c972777d3,3.58641399354959,0.0,11.199999809265137,2.541149500087674,158.08226578041894,0.0,359.0,110.3752930416902,1715,2025-12-09 23:45:11+00:00,1600.4859976662776,3.1919019389039605,0.0,10.699999809265137,2.3670070797047007,146.36945708709604,0.0,359.0,106.30187009705732,1346.0,2025-12-09 23:30:45+00:00,561.8460966542751,866.0,19.0,1.11,1.41,0.62,moored,unknown,transiting,transiting,0.8308444619178772,0.936996042728424,True,True,unknown -> transiting,0.39451205464562955,0.0,0.5,0.17414242038297312,11.712808693322899,4.073422944632881,369.0,1038.6399010120026
dd1dd1b6-8144-493d-a2ea-6fc672177ba6,a82f1b3c-3e50-42a2-86a7-2c7ff03a26cf,5.26979382581932,0.0,54.70000076293945,3.884810080216391,172.32627789332795,0.0,358.79998779296875,101.61029682639214,970,2025-12-07 06:51:04+00:00,2265.6171310629516,1.6806374975541285,0.0,54.599998474121094,3.79681232816779,96.05052386781644,0.0,358.79998779296875,116.75016642638232,2102.0,2025-12-08 04:07:17+00:00,215.00142789148023,-76573.0,0.0,0.0,0.0,0.0,fishing,fishing,transiting,transiting,0.5087729096412659,0.8278856873512268,True,True,fishing -> transiting,3.589156328265192,0.0,0.10000228881835938,0.08799775204860127,76.27575402551152,-15.139869599990178,-1132.0,2050.6157031714715
014a53cb-7584-4fa6-b7df-c6454fbb6791,cc878e28-a828-4625-b0ef-741c91672855,3.032957306283314,0.0,102.3000030517578,7.033258662297517,182.10216618135087,0.0,359.0,107.44470681578348,2482,2025-12-07 20:40:28+00:00,892.2293430068521,3.523103355560829,0.0,102.3000030517578,6.3242632327382005,182.7930575509129,0.0,359.0,117.03520568466364,2913.0,2025-12-07 16:11:12+00:00,285.5467032967033,16156.0,76.0,3.06,2.61,1.43,transiting,transiting,fishing,fishing,0.5767663717269897,0.9273453950881958,True,True,transiting -> fishing,-0.49014604927751515,0.0,0.0,0.7089954295593168,-0.6908913695620242,-9.590498868880161,-431.0,606.6826397101488
9a4f8445-432f-458c-b76d-bd583cdae70d,e5e23268-46af-450e-84b6-257ec3980476,0.2549019607442568,0.0,7.800000190734863,0.9657351727439636,45.38760274757998,0.0,355.20001220703125,100.0161362445171,3162,2025-12-09 11:40:58+00:00,289.06516925023726,0.2769391413173485,0.0,7.699999809265137,1.0092599331723144,38.49928395011349,0.0,358.79998779296875,93.2820464297758,3352.0,2025-12-09 09:47:05+00:00,254.2008355714712,6833.0,599.0,18.94,17.87,10.13,fishing,fishing,anchored,moored,0.684748113155365,0.6686686277389526,True,True,fishing -> moored,-0.022037180573091675,0.0,0.10000038146972656,-0.04352476042835085,6.888318797466496,6.734089814741296,-190.0,34.86433367876606
ebcb930d-5d83-4b1d-b58a-f1020cb649d4,,3.570694108031556,0.0,10.800000190734863,2.667400206806337,168.82584135636725,0.0,359.0,108.1920043749164,1167,2025-12-08 20:28:21+00:00,2323.8078902229845,,,,,,,,,,,,,,,,,fishing,fishing,missing,missing,0.6676552891731262,,True,True,fishing -> missing,,,,,,,,
1ccae562-6c3d-4c6c-928b-94ed6b50856d,b4fbd63c-5324-4e58-86d8-ac1cc97a93e1,4.769633894621769,0.0,10.199999809265137,3.0285288200976628,176.44089912666698,0.0,358.8999938964844,104.98721408123036,1393,2025-12-09 12:57:18+00:00,4604.191091954023,4.302360545693549,0.0,10.300000190734863,2.555153524867225,173.43986280681224,0.0,358.79998779296875,110.57020190074424,2330.0,2025-12-09 14:36:14+00:00,572.6294547015887,-5936.0,60.0,4.31,2.58,1.64,fishing,fishing,transiting,transiting,0.5980585813522339,0.9022512435913086,True,True,fishing -> transiting,0.46727334892822014,0.0,-0.10000038146972656,0.47337529523043775,3.001036319854734,-5.582987819513875,-937.0,4031.5616372524346
31c4e3f2-3762-42f9-91f0-368b0e8b1be0,186925f0-be76-42da-afea-d0d595e0a537,3.0084780424320865,0.0,13.0,4.4386699788682105,172.8988069464499,0.6000000238418579,358.79998779296875,97.88391123357864,2937,2025-12-07 01:01:44+00:00,93.3484332425068,1.9198675604017672,0.0,14.199999809265137,3.333014135582185,186.55991205730984,0.0,359.0,105.6130872025658,2718.0,2025-12-07 09:34:30+00:00,706.0857563489143,-30766.0,50.0,1.7,1.84,0.89,fishing,fishing,transiting,moored,0.5877687931060791,0.7387663722038269,True,True,fishing -> moored,1.0886104820303193,0.0,-1.1999998092651367,1.1056558432860255,-13.66110511085995,-7.72917596898715,219.0,-612.7373231064075
227f5aa0-f364-4606-824d-5ea8e764a532,59679b5f-13e8-4cd2-9dc5-f8f91801318b,2.631757235387176,0.0,8.600000381469727,0.8974898090927087,174.58650972940384,0.0,359.0,137.6683512919066,1417,2025-12-09 14:07:48+00:00,1733.1617231638418,2.9456866347742543,0.0,8.800000190734863,1.6408493706326572,159.44835947502898,0.1000000014901161,358.8999938964844,123.9376800665318,1136.0,2025-12-09 20:15:48+00:00,2124.5295154185023,-22080.0,60.0,4.23,5.28,2.41,fishing,fishing,transiting,transiting,0.8213509321212769,0.795767068862915,True,True,fishing -> transiting,-0.3139293993870784,0.0,-0.19999980926513672,-0.7433595615399485,15.138150254374864,13.730671225374792,281.0,-391.36779225466057
c43a496b-abb9-471b-bccb-b8179e4f4163,,2.7949491717948507,0.0,9.300000190734863,1.3182531847648653,148.51536493213243,0.4000000059604645,358.5,96.7719736466638,3148,2025-12-09 22:19:31+00:00,419.3044169049889,,,,,,,,,,,,,,,,,fishing,fishing,missing,missing,0.782628059387207,,True,True,fishing -> missing,,,,,,,,
c1548a38-6439-47bf-ab14-b36489db7a29,c5c48bb8-1ba9-48d5-8495-2f86f2940950,3.7978611460261225,0.0,10.899999618530272,1.9208027863379096,167.12719617090275,0.0,359.0,101.16425992662732,2852,2025-12-09 04:56:39+00:00,875.1939670291126,3.5111473620772493,0.0,10.899999618530272,1.6182853264510997,163.92233226533122,0.0,359.0,106.04845069592804,1839.0,2025-12-10 00:20:58+00:00,1297.9613710554952,-69859.0,261.0,9.15,14.19,5.89,fishing,fishing,anchored,transiting,0.9066084623336792,0.5469141006469727,True,True,fishing -> transiting,0.28671378394887315,0.0,0.0,0.3025174598868099,3.2048639055715284,-4.884190769300716,1013.0,-422.76740402638256
4ec485c8-60b2-419e-a1c3-23933f821157,,5.185536076621839,0.0,13.0,4.699612465588159,126.49918917929502,0.0,359.0,106.49109874231203,2966,2025-12-09 19:30:03+00:00,116.99763912310289,,,,,,,,,,,,,,,,,fishing,fishing,missing,missing,0.6841786503791809,,True,True,fishing -> missing,,,,,,,,
9da8352e-fee4-44d4-8200-02aae3ac0ad7,c0c47ed5-ac1c-4bce-bb65-1a7682a32fa6,4.765720820716605,0.0,11.5,3.4188264647546687,191.27457604627793,0.0,358.8999938964844,98.71863630925311,3066,2025-12-09 16:32:53+00:00,1015.5213703099512,4.761654646906975,0.0,12.5,3.4171941203609615,191.2472564470154,0.0,358.8999938964844,98.35188236956226,3046.0,2025-12-09 22:26:42+00:00,973.7080459770116,-21229.0,1926.0,62.82,63.23,46.01,fishing,fishing,transiting,transiting,0.6240658760070801,0.6749306917190552,True,True,fishing -> transiting,0.004066173809629703,0.0,-1.0,0.0016323443937071858,0.02731959926254035,0.36675393969085235,20.0,41.8133243329396
6aaa58f6-52c7-4671-ae65-0dd023498df9,22a359bd-c8a3-4bc1-ba63-024dc57ccf21,3.0384013620363612,0.0,10.100000381469728,2.3464577691117445,175.43553232023228,0.0,359.0,106.27406655784527,2940,2025-12-08 22:29:14+00:00,581.4620619258251,3.033182354232598,0.0,10.5,2.6735581129147863,156.6986973264649,0.0,359.0,109.23280071383596,2649.0,2025-12-08 11:00:13+00:00,649.9361782477341,41341.0,65.0,2.21,2.45,1.18,fishing,moored,transiting,transiting,0.6408549547195435,0.8484709858894348,True,True,moored -> transiting,0.005219007803763276,0.0,-0.39999961853027166,-0.32710034380304176,18.73683499376739,-2.9587341559906832,291.0,-68.47411632190904
780ff8e3-24f9-4b76-a2ba-0fc7d7b67723,25bf74bb-b3b7-4162-80c3-39960332209f,2.334967591103945,0.0,9.699999809265137,2.5988439028103767,201.4708201302905,0.2000000029802322,359.0,99.70632986271735,2468,2025-12-09 10:40:17+00:00,1001.1722740170248,1.9388472061136697,0.0,9.399999618530272,2.4763587319743943,184.15470452961236,0.1000000014901161,358.79998779296875,97.21932945497724,2932.0,2025-12-08 08:40:01+00:00,226.5540771067895,93616.0,122.0,4.94,4.16,2.31,transiting,transiting,fishing,fishing,0.7010498046875,0.6482722759246826,True,True,transiting -> fishing,0.39612038499027546,0.0,0.30000019073486506,0.12248517083598243,17.31611560067813,2.487000407740112,-464.0,774.6181969102354
7d2f6845-55d7-40e0-86d1-6f118e45d68b,8a6faf80-4f04-467a-8d70-e0d5e8611632,1.5441605878626778,0.0,10.800000190734863,2.732006560269897,182.64478972984625,0.6000000238418579,356.6000061035156,106.89101474030208,548,2025-12-09 10:29:52+00:00,3675.111517367459,1.4828512598106192,0.0,11.800000190734863,2.9070423266061436,176.4462189479041,0.2000000029802322,359.0,107.27004309080688,968.0,2025-12-08 12:54:22+00:00,5029.078593588418,77730.0,3.0,0.55,0.31,0.2,fishing,fishing,fishing,moored,0.8208141922950745,0.8994251489639282,True,False,fishing -> moored,0.06130932805205869,0.0,-1.0,-0.17503576633624673,6.198570781942152,-0.37902835050479666,-420.0,-1353.967076220959
eee3f442-4081-41dd-b6e0-df7b8098d2c5,c46a4aec-92b9-43f2-9514-9730323dd171,5.53508899829635,0.0,11.300000190734863,3.6217733446939193,170.22014557109637,0.0,358.8999938964844,97.6444744341446,2753,2025-12-09 07:35:07+00:00,316.8481104651163,5.800750702924039,0.0,12.100000381469728,3.670082746423578,188.0927275839607,0.0,358.5,91.02992323176169,1199.0,2025-12-09 01:08:37+00:00,1821.1168614357264,23190.0,4.0,0.15,0.33,0.1,fishing,fishing,transiting,transiting,0.9291386008262634,0.7435965538024902,True,True,fishing -> transiting,-0.26566170462768923,0.0,-0.8000001907348651,-0.048309401729658585,-17.872582012864342,6.614551202382913,1554.0,-1504.2687509706102
569b97fa-cf41-4fea-a2cc-4b14581c7aaa,e76fd3db-afc5-40b8-9427-54982dce9a9a,4.379538912698268,0.0,11.600000381469728,2.4222487542462696,189.26043315009,0.2000000029802322,358.8999938964844,101.32613078843016,2082,2025-12-08 04:56:59+00:00,1143.79481018741,4.404157070371134,0.0,12.100000381469728,2.307707567706012,181.45327076793967,0.1000000014901161,358.70001220703125,98.15282945227104,3031.0,2025-12-08 06:01:08+00:00,285.63597359735974,-3849.0,27.0,1.3,0.89,0.53,transiting,transiting,fishing,fishing,0.9348042607307434,0.773818850517273,True,True,transiting -> fishing,-0.024618157672866126,0.0,-0.5,0.11454118654025747,7.807162382150324,3.1733013361591276,-949.0,858.1588365900502
ba22d960-d649-4f6f-833a-76addaa05404,1848cce1-3947-40f6-adb1-53afbe9c66b7,2.0926377586078138,0.0,7.300000190734863,1.5186043110254344,180.53124679115768,0.1000000014901161,359.0,101.04587366132148,2214,2025-12-09 17:54:34+00:00,928.2919114324446,1.9559660432033732,0.0,4.300000190734863,1.175248074509537,191.5943914455838,0.0,359.0,108.0407663917269,2355.0,2025-12-10 00:53:08+00:00,368.9966015293118,-25114.0,12.0,0.54,0.51,0.26,transiting,transiting,fishing,fishing,0.7995595932006836,0.8377932906150818,True,True,transiting -> fishing,0.13667171540444056,0.0,3.0,0.3433562365158973,-11.063144654426111,-6.994892730405425,-141.0,559.2953099031329
fee40e26-adc1-43ce-a3a2-4cc55c973e23,17c3c8d4-ed3b-49f4-a79a-f6ff827e1991,1.5683042794708073,0.0,6.699999809265137,1.2199173355055766,199.17400641977753,0.0,359.0,105.87278297512934,2524,2025-12-09 09:42:00+00:00,231.00237812128415,1.5048314666898732,0.0,6.300000190734863,1.2021286932291018,198.01758828788033,0.1000000014901161,359.0,104.1437586260556,2670.0,2025-12-09 15:35:33+00:00,115.89771449981266,-21213.0,42.0,1.66,1.57,0.82,fishing,fishing,transiting,transiting,0.6689328551292419,0.8685675263404846,True,True,fishing -> transiting,0.06347281278093408,0.0,0.39999961853027344,0.01778864227647481,1.1564181318971976,1.7290243490737396,-146.0,115.10466362147149
6a72775f-6f7a-4081-9ef1-c3d87753b498,dc464b54-ae76-4cd5-a3ac-7c95254a6368,6.257294891732708,0.0,13.600000381469728,4.626936318394279,179.77159072961166,0.1000000014901161,358.79998779296875,97.33209078750572,2913,2025-12-09 01:22:09+00:00,102.46634615384616,3.3232195327776233,0.0,14.100000381469728,4.349611386270286,177.34285160282462,0.3000000119209289,358.79998779296875,97.94271591241984,2050.0,2025-12-09 04:44:15+00:00,744.9785261102977,-12126.0,19.0,0.65,0.93,0.38,fishing,fishing,anchored,transiting,0.9152467250823976,0.605861246585846,True,True,fishing -> transiting,2.9340753589550848,0.0,-0.5,0.27732493212399234,2.428739126787036,-0.6106251249141224,863.0,-642.5121799564515
b1233891-f8b3-4643-8f77-0efb54f3cf69,282ffd4e-4790-4b65-a3f7-8de29089e522,4.302365258971634,0.1000000014901161,9.800000190734863,2.607493201648617,176.97597200057322,0.2000000029802322,358.8999938964844,92.84121117385816,2579,2025-12-07 08:00:52+00:00,473.0058184639255,4.583923708743921,0.2000000029802322,10.100000381469728,2.700597526787318,212.1861376650327,5.099999904632568,358.70001220703125,82.9201002324839,2936.0,2025-12-07 16:30:05+00:00,226.91652470187393,-30553.0,37.0,1.43,1.26,0.68,fishing,fishing,fishing,transiting,0.8661102652549744,0.8564832806587219,True,False,fishing -> transiting,-0.2815584497722865,-0.1000000014901161,-0.30000019073486506,-0.0931043251387007,-35.21016566445948,9.921110941374252,-357.0,246.08929376205157
b5d9289f-d6c4-4679-8431-5614d64fd740,95b96766-dc98-406c-a42e-84ac92b7a13d,1.9954454151430707,0.0,9.100000381469728,2.221459080702809,174.55662077275193,0.2000000029802322,358.6000061035156,87.33141058991363,2986,2025-12-09 07:42:41+00:00,308.13735343383587,3.3478781833535876,0.0,9.300000190734863,1.8433139270368075,175.24512409243815,0.4000000059604645,358.79998779296875,103.46223691161754,2922.0,2025-12-09 21:46:09+00:00,220.8719616569668,-50608.0,224.0,7.5,7.67,3.94,fishing,fishing,,,0.5211943984031677,,True,True,fishing -> nan,-1.3524327682105168,0.0,-0.19999980926513494,0.37814515366600165,-0.6885033196862196,-16.130826321703907,64.0,87.26539177686908
206895b4-cb86-4b69-bffd-e2f01e4244ea,7e94457b-a214-4006-a193-7d90453f3571,3.7369980960799447,0.0,10.300000190734863,2.551959226425668,176.83275909972346,0.1000000014901161,358.6000061035156,112.81174581653605,1046,2025-12-09 17:40:49+00:00,3240.8794258373205,3.3987817421555517,0.0,10.5,2.61513314046119,170.2789803554513,0.1000000014901161,358.6000061035156,102.06043515298748,985.0,2025-12-09 19:42:20+00:00,2853.808943089431,-7291.0,32.0,3.06,3.25,1.6,fishing,fishing,anchored,unknown,0.9872275590896606,0.5908035635948181,True,True,fishing -> unknown,0.338216353924393,0.0,-0.19999980926513672,-0.06317391403552186,6.553778744272165,10.751310663548566,61.0,387.0704827478894
4cc9a73c-5e49-428d-8643-dde6657f79b9,81631c5f-0d8b-4010-aba5-f8d003c0a2f5,5.108118213657492,0.0,11.5,2.7033496368631034,168.37506057747,0.0,359.0,106.4286848556803,2944,2025-12-09 06:32:50+00:00,830.6649677200136,4.523697437747985,0.0,10.600000381469728,2.5119440752854247,174.2375840101949,0.0,358.6000061035156,103.4178392083998,2591.0,2025-12-09 05:11:57+00:00,1389.4629343629344,4853.0,344.0,11.68,13.28,6.63,fishing,fishing,anchored,transiting,0.9016996026039124,0.5053861141204834,True,True,fishing -> transiting,0.584420775909507,0.0,0.8999996185302717,0.19140556157767863,-5.862523432724885,3.0108456472805045,353.0,-558.7979666429209
f37c5447-c406-418c-86d4-d133482bd1cc,2c8ae97c-f2a0-4ad9-8d17-7b38eb80bc0d,5.022914525071576,0.0,12.300000190734863,3.456094707340182,153.5437713296754,0.2000000029802322,359.0,99.22753104007774,1942,2025-12-09 11:22:38+00:00,764.1942297784647,4.4696800213940175,0.0,12.399999618530272,3.6017337796045195,164.18326174982627,0.0,358.70001220703125,100.1541388251524,3219.0,2025-12-09 08:41:18+00:00,116.2200124300808,9680.0,13.0,0.67,0.4,0.25,fishing,transiting,fishing,fishing,0.631044328212738,0.9175804853439332,True,False,transiting -> fishing,0.5532345036775581,0.0,-0.09999942779540838,-0.14563907226433725,-10.639490420150878,-0.9266077850746655,-1277.0,647.9742173483838
9f49d2f3-3896-4d89-b224-43bf6953ceba,a3d49b14-6f72-4761-bc9d-7a9044ee66bc,3.419753091490287,0.0,10.699999809265137,2.3723208271822016,185.81415344938077,0.0,358.6000061035156,104.00686533914876,1944,2025-12-09 13:23:59+00:00,1261.6114256304684,3.5193390615773854,0.0,9.399999618530272,2.005720745091532,189.4999193852836,0.0,358.8999938964844,106.57597377401044,2451.0,2025-12-09 15:01:42+00:00,668.5481632653061,-5863.0,29.0,1.49,1.18,0.66,fishing,fishing,fishing,moored,0.9652451872825624,0.6888344287872314,True,False,fishing -> moored,-0.09958597008709846,0.0,1.300000190734865,0.3666000820906694,-3.685765935902822,-2.5691084348616755,-507.0,593.0632623651622
161ff1ab-63b5-4dbd-9d0d-b3de39e7627f,2ac4f51c-5755-4f4b-9bb9-ae7feed27357,4.021721758741359,0.0,14.0,2.4446994934623305,168.18353383278912,0.2000000029802322,359.0,98.64187567794158,2753,2025-12-08 00:09:46+00:00,812.0203488372093,4.198652221537749,0.0,13.0,2.0878884230064374,172.47470478575102,0.4000000059604645,358.8999938964844,98.63955404747088,3042.0,2025-12-08 04:37:01+00:00,169.91779020059192,-16035.0,14.0,0.51,0.46,0.24,fishing,fishing,transiting,transiting,0.5189962983131409,0.7802017331123352,True,True,fishing -> transiting,-0.17693046279639013,0.0,1.0,0.3568110704558931,-4.291170952961892,0.0023216304707034396,-289.0,642.1025586366175
9e991244-9ef7-485c-8e2c-4f0e3f2b74fc,0e1e047e-b823-4ea2-94e4-c470b8ca5f2a,1.7158137577673382,0.0,11.699999809265137,2.632542227642519,171.0091603535195,0.0,359.0,113.71580555142206,2384,2025-12-08 01:45:25+00:00,1024.5984053713803,2.4960016984969178,0.0,11.699999809265137,2.9587872680490035,177.04822117940728,0.0,359.0,117.7236628920974,2376.0,2025-12-07 23:56:28+00:00,436.81305263157896,6537.0,23.0,0.96,0.97,0.49,moored,unknown,fishing,fishing,0.8728177547454834,0.6876768469810486,True,True,unknown -> fishing,-0.7801879407295795,0.0,0.0,-0.3262450404064845,-6.039060825887788,-4.007857340675329,8.0,587.7853527398013
03019f22-89b6-4600-a1eb-72e76bb6d5a0,61d206be-7740-4dff-9bb4-6af42b593a81,5.346476971149081,0.0,11.899999618530272,4.108051763974083,168.17662267734167,0.0,358.29998779296875,99.4284274116332,1476,2025-12-09 20:03:50+00:00,1977.6901694915257,4.864095326451774,0.0,12.600000381469728,4.00973684951629,159.2458701222841,0.0,359.0,100.83749269344968,1763.0,2025-12-09 04:17:49+00:00,764.6844494892168,56761.0,5.0,0.34,0.28,0.15,fishing,fishing,transiting,transiting,0.6657817959785461,0.5619436502456665,True,True,fishing -> transiting,0.48238164469730727,0.0,-0.7000007629394567,0.09831491445779239,8.93075255505758,-1.4090652818164813,-287.0,1213.0057200023089
2ae217b8-e453-4eaf-98ca-a81e5c1cbcaa,,4.077720213184061,0.0,11.800000190734863,3.2674720279871816,190.32652735618208,0.0,359.0,111.71917692286084,2509,2025-12-09 23:26:35+00:00,381.9868421052632,,,,,,,,,,,,,,,,,fishing,fishing,missing,missing,0.6799746751785278,,True,True,fishing -> missing,,,,,,,,
5a3c2ceb-d815-4986-9a3d-2116b253bc77,a7199cf5-aaba-49a1-8d5f-e3c4940993f8,5.366951786633436,0.0,11.399999618530272,1.6814672496973595,191.61446964860184,0.0,359.0,104.5002565502042,2572,2025-12-09 05:31:46+00:00,673.9455464799689,5.539927324409735,0.0,11.600000381469728,2.203689903073334,176.7448676977503,0.0,359.0,101.01739785097196,1926.0,2025-12-09 23:27:05+00:00,1010.3896103896104,-64519.0,121.0,4.7,6.28,2.76,transiting,transiting,fishing,fishing,0.6360712051391602,0.9090267419815063,True,True,transiting -> fishing,-0.17297553777629915,0.0,-0.20000076293945668,-0.5222226533759746,14.869601950851546,3.4828586992322386,646.0,-336.4440639096415
2be0d33b-48ae-4ac5-a4bd-551d0ee8738c,79d9b9ea-6ed5-4cdf-9807-a6a1d9238c2c,5.680201599169241,0.0,10.0,3.7065081826753934,192.90354302076224,0.0,359.0,112.80655846509556,1389,2025-12-09 20:14:07+00:00,1271.564121037464,5.706411306896517,0.0,10.0,3.6169811628465016,197.27494939584324,0.0,359.0,108.31930310570586,2480.0,2025-12-09 17:16:45+00:00,473.12263009277933,10642.0,9.0,0.65,0.36,0.23,fishing,fishing,transiting,transiting,0.8149412274360657,0.583357572555542,True,True,fishing -> transiting,-0.026209707727276488,0.0,0.0,0.08952701982889177,-4.371406375080994,4.487255359389707,-1091.0,798.4414909446847
7ea58b09-6042-41a7-8ded-920ecf1aa339,18116158-6966-4891-ae97-017b28913bfe,2.226432470945288,0.0,12.100000381469728,3.103574359556349,188.16310927587867,0.0,359.0,114.72074866670664,2932,2025-12-08 12:26:13+00:00,89.2459911293074,2.3254823440512182,0.0,12.600000381469728,2.771357129801515,180.7068730961643,0.0,358.70001220703125,108.69284621923154,1244.0,2025-12-08 19:47:32+00:00,1017.600160901046,-26479.0,16.0,0.55,1.29,0.38,fishing,fishing,fishing,moored,0.7818801403045654,0.771727979183197,True,False,fishing -> moored,-0.09904987310593016,0.0,-0.5,0.33221722975483425,7.456236179714381,6.0279024474751,1688.0,-928.3541697717386
a8c6e3a0-2fac-4734-b2d5-d4b4875f0b2c,,3.2118959098666573,0.0,9.300000190734863,1.8646290389098297,168.78901294305282,0.0,358.8999938964844,107.7667625651079,538,2025-12-09 18:35:42+00:00,4321.981378026071,,,,,,,,,,,,,,,,,fishing,fishing,missing,missing,0.909875214099884,,True,True,fishing -> missing,,,,,,,,
678faeb6-8f51-40e6-a668-2a9cd878cdf8,19a48dac-95d3-491c-89d0-25dd09c3dc1a,1.0726434436672536,0.0,10.399999618530272,2.3252371334702793,167.9336410254393,0.4000000059604645,358.79998779296875,94.94642448798412,976,2025-12-09 18:52:13+00:00,2331.048205128205,0.6823018519743775,0.0,12.0,1.3435844041139755,145.60821399457348,0.1000000014901161,352.79998779296875,84.09876939919718,921.0,2025-12-09 17:44:14+00:00,1993.7445652173913,4079.0,2.0,0.2,0.22,0.11,fishing,fishing,fishing,moored,0.7875117063522339,0.7749909162521362,True,False,fishing -> moored,0.3903415916928761,0.0,-1.6000003814697283,0.9816527293563038,22.325427030865825,10.847655088786937,55.0,337.3036399108139
55e858c1-08ec-4a31-a159-90ecedf4e46f,a9d6852e-3335-4c05-ab47-0e374d1b6e8d,3.681735927578631,0.0,10.800000190734863,1.5350584676783487,219.87499165834697,0.0,359.0,97.634716924392,2984,2025-12-09 20:28:33+00:00,578.5460945357023,3.748813253922069,0.0,10.899999618530272,1.6405643349952288,203.25320486871985,0.0,358.79998779296875,89.89572413609169,2233.0,2025-12-09 22:40:13+00:00,792.7979390681004,-7900.0,182.0,6.1,8.15,3.61,fishing,fishing,transiting,transiting,0.9812047481536864,0.5002535581588745,True,True,fishing -> transiting,-0.06707732634343788,0.0,-0.09999942779540838,-0.10550586731688005,16.621786789627123,7.738992788300308,751.0,-214.25184453239808
a27cb1a8-fcf2-46d9-9edd-81a67640f0c7,,4.617746687380375,0.0,12.199999809265137,3.888061939611156,169.9975373281305,0.0,359.0,109.15383610361498,2716,2025-12-09 23:06:58+00:00,320.5086556169429,,,,,,,,,,,,,,,,,fishing,fishing,missing,missing,0.6728818416595459,,True,True,fishing -> missing,,,,,,,,
458a545a-e20f-45b9-95bb-5d156723c913,3e8e5448-d26c-483b-8a4b-a7aa3ee3cb9f,4.602390618802434,0.0,13.300000190734863,4.108736250194993,164.01160813279807,0.0,358.8999938964844,101.73078924721358,2217,2025-12-08 02:52:52+00:00,226.9670577617329,2.4155596989222974,0.0,12.899999618530272,4.020565692340543,140.66516579714587,0.0,356.3999938964844,97.68463200640564,2153.0,2025-12-08 07:24:31+00:00,1184.4637546468402,-16299.0,3.0,0.14,0.14,0.07,fishing,fishing,transiting,transiting,0.8035378456115723,0.545802891254425,True,True,fishing -> transiting,2.1868309198801366,0.0,0.4000005722045916,0.0881705578544505,23.3464423356522,4.046157240807943,64.0,-957.4966968851073
7485b80e-7aa5-483c-84e0-197de8473928,f18e9d03-db95-44bf-8b08-30072a14bf37,2.1261206627253695,0.0,10.100000381469728,2.9847344631908195,154.0255647448424,0.3000000119209289,359.0,95.0166555737234,2967,2025-12-09 05:45:24+00:00,348.4763991908294,0.8761118640093951,0.0,9.699999809265137,2.2708047624770495,145.14650937487664,0.800000011920929,358.0,56.22592675353761,2968.0,2025-12-09 11:29:41+00:00,107.08998988877654,-20657.0,109.0,3.67,3.67,1.87,moored,unknown,fishing,fishing,0.904428243637085,0.9148216247558594,True,True,unknown -> fishing,1.2500087987159745,0.0,0.4000005722045916,0.7139297007137699,8.879055369965755,38.79072882018579,-1.0,241.38640930205287
8567d0db-0658-4228-aad8-1cd64651102b,a6b72233-a8c9-4ad2-ba62-19930c3212fd,2.6876468630010506,0.0,9.100000381469728,1.733035923508187,175.31720264164366,0.2000000029802322,358.5,96.76896516793929,2979,2025-12-09 09:26:15+00:00,430.02384150436535,3.356869128272099,0.0,10.100000381469728,1.7179263872302573,172.08531408328886,0.0,358.29998779296875,98.43333138209456,2766.0,2025-12-09 09:47:34+00:00,228.98553345388788,-1279.0,47.0,1.58,1.7,0.82,fishing,fishing,transiting,transiting,0.913494110107422,0.7531766891479492,True,True,fishing -> transiting,-0.6692222652710482,0.0,-1.0,0.015109536277929658,3.2318885583547967,-1.6643662141552795,213.0,201.03830805047747
c9a5e874-9f4b-457e-adb6-6961de4da9d3,ccb3ea80-4e8c-4765-be7c-5f54690f636a,3.367601874247741,0.0,9.199999809265137,2.70603497284537,188.85304123439133,0.0,357.79998779296875,96.24195815772748,2994,2025-12-07 06:07:13+00:00,449.390243902439,3.8892593925571015,0.0,8.899999618530273,2.996456906650209,181.2341762254944,0.0,358.6000061035156,92.34186636589324,2849.0,2025-12-06 22:23:52+00:00,287.0821629213483,27801.0,59.0,1.97,2.07,1.02,fishing,fishing,fishing,moored,0.8357686996459961,0.8276937007904053,True,False,fishing -> moored,-0.5216575183093606,0.0,0.3000001907348633,-0.29042193380483905,7.6188650088969325,3.9000917918342424,145.0,162.3080809810907
46fd4329-76bc-4937-86a6-0f9ae7574817,586eaa54-fd73-43dc-bf8c-d542d283d4bd,3.4510262600881956,0.1000000014901161,11.399999618530272,2.2537006989024917,124.91217183770884,0.0,359.0,100.20310281885652,2095,2025-12-06 20:34:24+00:00,527.3094555873926,3.4028188367737613,0.0,11.399999618530272,2.446207863664499,113.2475077346167,0.0,359.0,99.37353598522098,2909.0,2025-12-07 23:28:37+00:00,191.8332187070151,-96853.0,19.0,0.91,0.65,0.38,fishing,fishing,fishing,transiting,0.853756308555603,0.8651658296585083,True,False,fishing -> transiting,0.04820742331443428,0.1000000014901161,0.0,-0.19250716476200713,11.664664103092136,0.8295668336355391,-814.0,335.4762368803774
7a6a39e2-66da-4867-8842-1731c60feeb9,1bfcf7be-a4f6-400e-970d-1cfffb6bde17,1.7111375266505826,0.0,14.100000381469728,2.873122893618018,173.5406877158814,0.1000000014901161,358.8999938964844,101.20622864880778,2945,2025-12-07 07:06:39+00:00,59.79891304347826,1.4628692239522934,0.0,12.5,2.8706410253088124,182.79653587043035,1.5,359.0,100.458018157396,1185.0,2025-12-07 04:51:57+00:00,1454.8277027027027,8082.0,9.0,0.31,0.76,0.22,fishing,fishing,transiting,moored,0.9118043184280396,0.9136537909507751,True,True,fishing -> moored,0.24826830269828926,0.0,1.6000003814697283,0.002481868309205826,-9.255848154548943,0.7482104914117826,1760.0,-1395.0287896592245
2efee48c-77e0-4683-bfab-19ea574f2ddf,cb3a1387-5970-4c8a-a10b-24c259514b79,3.5404610106207213,0.0,9.5,2.410513443157413,177.95253319536238,0.0,359.0,101.5497352819476,2039,2025-12-08 10:33:35+00:00,1176.9946025515212,4.630996317890224,0.0,9.199999809265137,3.1192116535189904,160.65499468029245,0.0,359.0,108.25668245114538,813.0,2025-12-08 04:12:58+00:00,3310.225369458128,22837.0,100.0,4.9,12.3,3.63,fishing,fishing,transiting,transiting,0.8696868419647217,0.5536541938781738,True,True,fishing -> transiting,-1.0905353072695028,0.0,0.3000001907348633,-0.7086982103615775,17.29753851506993,-6.706947169197775,1226.0,-2133.2307669066067
ec8450ae-be47-4d08-992a-7784df055ce6,61c8b168-2abd-4516-a0a6-aed99a65e7ea,5.552897586780939,0.0,9.899999618530272,2.766656490620372,159.11352296362986,0.2000000029802322,358.29998779296875,93.80173288765648,1484,2025-12-09 03:52:29+00:00,1500.3459204315575,5.6723797323529705,0.0,11.100000381469728,2.7918691880020043,138.60132545534742,0.0,358.8999938964844,97.76711502297344,1517.0,2025-12-09 10:22:07+00:00,707.2341688654353,-23378.0,5.0,0.34,0.33,0.17,fishing,fishing,moored,transiting,0.6450285315513611,0.8754757046699524,True,True,fishing -> transiting,-0.1194821455720314,0.0,-1.2000007629394567,-0.025212697381632232,20.51219750828244,-3.9653821353169576,-33.0,793.1117515661222
d19309c6-ea88-4e41-a682-9959dc894e77,d361215a-3468-4a53-801d-bb8617cd97ba,2.8702997308305647,0.0,11.100000381469728,3.035571631195243,171.26217588485,0.2000000029802322,358.8999938964844,96.31721790539484,2936,2025-12-06 20:59:47+00:00,34.343781942078365,2.753239699251575,0.0,11.0,3.1931075550397936,171.34467633363613,0.0,358.0,100.3539808824389,2207.0,2025-12-07 13:29:52+00:00,1081.5979147778785,-59405.0,6.0,0.2,0.27,0.12,fishing,fishing,transiting,transiting,0.5882577300071716,0.9404395818710328,True,True,fishing -> transiting,0.11706003157898959,0.0,0.10000038146972834,-0.1575359238445504,-0.08250044878613494,-4.036762977044063,729.0,-1047.2541328358002
5298307a-e187-45c9-bb57-dba8eab31e07,845ae561-1e8c-44c2-b68a-00114c9009d1,3.952774837020536,0.0,10.600000381469728,1.6071985783065288,227.22120350806583,0.0,359.0,104.99195479207762,2829,2025-12-09 13:09:37+00:00,1243.990099009901,4.0735977432165535,0.0,10.399999618530272,1.66514041209355,242.61891006230292,0.0,357.70001220703125,106.32014243793968,1765.0,2025-12-09 18:43:18+00:00,1357.2380952380952,-20021.0,401.0,14.17,22.72,9.56,fishing,fishing,moored,moored,0.8339641690254211,0.5395063161849976,True,True,fishing -> moored,-0.12082290619601777,0.0,0.20000076293945668,-0.057941833787021224,-15.39770655423709,-1.3281876458620587,1064.0,-113.2479962281941
aa8eda5c-82b4-49c0-a23a-49b1c3bf903e,799eec14-f626-4f88-86f0-fe9ca3de3bbb,2.1202337233844104,0.0,10.699999809265137,2.537969103741334,199.0927722919452,0.0,358.20001220703125,104.93244195226566,2995,2025-12-09 14:12:38+00:00,61.84502338009352,1.6080193364749784,0.0,11.699999809265137,2.2170046836215938,163.59253273272722,0.6000000238418579,358.70001220703125,100.2039496272425,1035.0,2025-12-09 20:03:16+00:00,3162.75918762089,-21038.0,3.0,0.1,0.29,0.07,fishing,fishing,fishing,moored,0.8190457224845886,0.793723464012146,True,False,fishing -> moored,0.512214386909432,0.0,-1.0,0.32096442011974036,35.50023955921799,4.7284923250231685,1960.0,-3100.9141642407963
883ebace-f078-444e-b7cf-138e1096e487,5db1e3e5-475b-4e96-98e4-89b2f67c9eab,3.74839116354658,0.0,10.399999618530272,1.934077443373559,179.9822336293114,0.0,359.0,105.67984272016558,1585,2025-12-09 22:55:02+00:00,1056.064393939394,3.8017241436422897,0.0,10.199999809265137,1.9428601472002256,164.53917569699618,0.0,359.0,109.20062198082938,2900.0,2025-12-09 22:28:57+00:00,326.8858226974819,1565.0,16.0,1.01,0.55,0.36,,,fishing,fishing,,0.8532692790031433,True,True,nan -> fishing,-0.05333298009570964,0.0,0.19999980926513494,-0.008782703826666571,15.443057932315213,-3.520779260663801,-1315.0,729.1785712419121
c8230ffd-e386-4e6d-844d-34a8f1bfe829,3f0466fa-bbd2-48eb-9422-f6d18436d5db,4.13309094697237,0.0,11.100000381469728,3.8496890300334377,141.6992703916872,0.0,358.1000061035156,101.66072916137342,550,2025-12-09 16:02:19+00:00,4617.717668488161,3.9207317427754766,0.0,79.0999984741211,4.319768985456308,165.20959312252853,0.0,358.70001220703125,107.4586683399595,984.0,2025-12-09 12:24:17+00:00,3420.6561546286875,13082.0,148.0,26.91,15.04,10.68,fishing,fishing,fishing,moored,0.901467263698578,0.8722079396247864,True,False,fishing -> moored,0.21235920419689336,0.0,-67.99999809265137,-0.47007995542287073,-23.510322730841324,-5.797939178586077,-434.0,1197.061513859473
e45f3cb4-4b11-447f-8c7b-1737da4e408a,249a0914-6c60-4a04-8fc6-18c9318c60d5,2.4104402547432753,0.0,11.800000190734863,3.8080101936074784,155.84506994932656,0.800000011920929,358.8999938964844,94.08885614844274,3180,2025-12-06 23:35:14+00:00,320.56401384083046,4.116203422283722,0.0,11.899999618530272,1.883914427387317,167.67788479581293,0.800000011920929,358.79998779296875,93.5544041015139,1475.0,2025-12-07 02:50:56+00:00,1526.3466757123474,-11742.0,5.0,0.16,0.34,0.11,fishing,fishing,moored,moored,0.9851648807525636,0.585240364074707,True,True,fishing -> moored,-1.705763167540447,0.0,-0.09999942779540838,1.9240957662201614,-11.832814846486372,0.5344520469288483,1705.0,-1205.782661871517
7f29cb36-145d-4f7d-a904-7563a8c9c5e7,f0df7a22-5343-4c78-80b7-25ed7b0d8cf0,2.5734518676137426,0.0,13.399999618530272,3.860349034041796,178.59064064953898,0.0,359.0,115.19965406366929,1631,2025-12-09 19:45:38+00:00,1386.9122699386503,2.41074769278703,0.0,13.399999618530272,3.868834236876787,188.3821642473233,0.0,359.0,114.8169274664495,2782.0,2025-12-09 18:43:21+00:00,228.45307443365695,3737.0,4.0,0.25,0.14,0.09,fishing,fishing,transiting,moored,0.543810248374939,0.8992964029312134,True,True,fishing -> moored,0.1627041748267124,0.0,0.0,-0.008485202834991323,-9.791523597784305,0.3827265972197864,-1151.0,1158.4591955049934
b472a516-977f-4c30-9bcb-b82139d4d5cb,385b7184-e0f0-4580-bcfc-bc1966d6d2fa,2.673941077791415,0.0,9.399999618530272,1.931655421003124,173.38333440612035,0.0,358.3999938964844,100.58462740371868,1086,2025-12-09 18:57:12+00:00,2638.547465437788,2.6601626146130446,0.0,9.399999618530272,2.0236113443492116,185.82989285844445,0.2000000029802322,358.29998779296875,95.0005688240281,1107.0,2025-12-09 15:08:01+00:00,2509.1889692585896,13751.0,671.0,61.79,60.61,44.09,fishing,fishing,transiting,transiting,0.716881275177002,0.906330704689026,True,True,fishing -> transiting,0.013778463178370615,0.0,0.0,-0.0919559233460876,-12.446558452324098,5.584058579690591,-21.0,129.35849617919848
13b98213-a0f8-4ef4-8719-ee6fe2259591,,2.7773743022711916,0.0,12.300000190734863,3.4676553362740745,178.25847994051577,0.0,358.8999938964844,105.58498648401026,2506,2025-12-08 23:05:35+00:00,650.7520958083833,,,,,,,,,,,,,,,,,fishing,fishing,missing,missing,0.7413560152053833,,True,True,fishing -> missing,,,,,,,,
1b1b4384-1b1b-4c7d-9acb-e4aeb1411b23,caa92d65-fa8f-42f1-80e2-c37634d5e994,2.8082484687107585,0.0,10.399999618530272,1.895040901309848,202.4296333230463,0.1000000014901161,358.79998779296875,100.3290296616893,1964,2025-12-09 16:29:45+00:00,1586.1319409067753,2.856318090159714,0.0,11.800000190734863,1.7913258605356157,208.1037192615029,0.0,358.79998779296875,102.14876258750716,1836.0,2025-12-09 14:27:36+00:00,751.5553133514986,7329.0,10.0,0.51,0.54,0.26,transiting,transiting,fishing,fishing,0.5198785662651062,0.9573312997817992,True,True,transiting -> fishing,-0.048069621448955324,0.0,-1.4000005722045916,0.10371504077423221,-5.674085938456614,-1.8197329258178598,128.0,834.5766275552767
95db9105-b53a-4839-9df4-a4e25203f146,39300bcd-49c9-4d82-bef4-1d6772ea0e86,4.83523809786151,0.1000000014901161,8.899999618530273,2.2488681353664384,193.3170065831165,2.799999952316284,347.5,90.32434189204018,735,2025-12-09 13:51:42+00:00,3492.0463215258856,4.408435970292486,0.0,10.699999809265137,2.457164079637953,187.61318627111865,2.0999999046325684,357.3999938964844,97.78668736353032,1624.0,2025-12-09 08:45:57+00:00,1264.2612446087492,18345.0,5.0,0.68,0.31,0.21,fishing,fishing,fishing,transiting,0.6872856020927429,0.526722252368927,True,False,fishing -> transiting,0.42680212756902414,0.1000000014901161,-1.8000001907348633,-0.20829594427151443,5.703820311997845,-7.4623454714901385,-889.0,2227.7850769171364
7176ecbf-166b-4b93-9744-248f50f8574f,1cf2e0d0-03b1-4131-94e1-7822f2fed52c,10.778776476155873,0.5,13.199999809265137,2.2154725514717812,110.42529059369028,0.5,358.0,41.86113762893263,2926,2025-12-09 23:00:01+00:00,176.77709401709402,8.905006868000793,0.0,12.300000190734863,3.606690324650896,142.1578985335162,0.0,359.0,64.49060169384215,2916.0,2025-12-09 21:45:43+00:00,46.94133790737564,4458.0,30.0,1.03,1.03,0.52,fishing,moored,fishing,transiting,0.8526312112808228,0.8398187160491943,True,False,moored -> transiting,1.8737696081550794,0.5,0.8999996185302734,-1.3912177731791147,-31.732607939825925,-22.62946406490952,10.0,129.83575610971837
efe56850-9d1e-4c13-8be2-6a52af737ad1,,4.310924368495701,0.0,12.0,2.2399226873062914,201.51936289609648,0.0,359.0,95.37949237182326,2856,2025-12-09 11:39:22+00:00,1038.2574430823115,,,,,,,,,,,,,,,,,fishing,fishing,missing,missing,0.9824379086494446,,True,True,fishing -> missing,,,,,,,,
88a7d62a-ae54-458b-b54d-846743e437b4,f125be14-85e2-464c-ad3b-fa118891434e,2.3949858754041924,0.0,11.5,2.8975372098143106,192.33186176369784,1.2999999523162842,357.79998779296875,81.1098598723101,2832,2025-12-06 15:47:08+00:00,172.26386435888378,3.103384736817486,0.0,10.800000190734863,3.043165113488758,204.72226430953737,0.6000000238418579,357.20001220703125,68.65137438212278,2659.0,2025-12-06 15:58:43+00:00,25.491346877351393,-695.0,45.0,1.59,1.69,0.83,fishing,moored,fishing,fishing,0.8965179324150085,0.8769413828849792,True,False,moored -> fishing,-0.7083988614132934,0.0,0.6999998092651367,-0.14562790367444745,-12.390402545839521,12.458485490187314,173.0,146.7725174815324
0e231ee7-bdcd-47e4-a932-4e9652bc4728,,3.560414026722306,0.0,10.5,1.5432728062735277,209.67654267672836,0.0,359.0,96.14942643961918,2367,2025-12-08 08:17:18+00:00,1176.2278106508877,,,,,,,,,,,,,,,,,fishing,fishing,missing,missing,0.8663284182548523,,True,True,fishing -> missing,,,,,,,,
5678d4ae-be50-428b-92c8-6a89622c3c94,a0b2781d-a2d4-4db2-949c-36404b9aaa8f,5.920895036229168,0.0,14.100000381469728,4.506738995484869,177.34014649048993,0.1000000014901161,359.0,95.51032392293337,2905,2025-12-09 06:18:58+00:00,271.47692837465564,7.136498830293473,0.0,13.800000190734863,4.147746298279476,182.12862577367585,0.0,359.0,91.53720005988404,2959.0,2025-12-09 05:41:36+00:00,124.14300202839756,2242.0,49.0,1.69,1.66,0.84,transiting,transiting,fishing,fishing,0.8794621229171753,0.7866043448448181,True,True,transiting -> fishing,-1.2156037940643047,0.0,0.30000019073486506,0.35899269720539273,-4.7884792831859215,3.9731238630493237,-54.0,147.33392634625807
c596c37a-7f66-4816-ab87-e07b1ac0e7fe,b0501836-bfc8-4913-933f-1f50d83532f6,4.137504147266158,0.0,10.800000190734863,3.72026064908186,163.61796607948557,0.0,359.0,102.42428223224408,3013,2025-12-09 19:42:38+00:00,73.87782204515273,3.3437350265658723,0.0,11.100000381469728,3.710853797689364,163.41620904454643,0.0,358.70001220703125,102.91351548105672,2913.0,2025-12-09 21:00:37+00:00,169.46153846153845,-4679.0,63.0,2.09,2.16,1.07,fishing,fishing,transiting,moored,0.6956841945648193,0.9027453064918518,True,True,fishing -> moored,0.7937691207002859,0.0,-0.30000019073486506,0.009406851392495863,0.20175703493913488,-0.4892332488126385,100.0,-95.58371641638573
d519c504-6ad8-463a-a996-f8cfcd3be9b8,75065a3b-f627-4275-a802-2effa674c40d,2.2860262040509753,0.0,25.600000381469727,3.19161298287121,177.0920937051383,0.1000000014901161,358.70001220703125,106.99735084724466,687,2025-12-08 15:32:26+00:00,3317.9985422740524,1.8824723340378475,0.0,12.199999809265137,2.712487290501837,172.14907348824315,0.1000000014901161,358.8999938964844,107.34280708112554,1084.0,2025-12-08 15:25:04+00:00,1749.5023084025854,442.0,8.0,1.16,0.74,0.45,fishing,fishing,fishing,moored,0.9125952124595642,0.8534377813339233,True,False,fishing -> moored,0.4035538700131278,0.0,13.40000057220459,0.47912569236937275,4.94302021689515,-0.3454562338808813,-397.0,1568.496233871467
3d5306a7-3342-4d9a-9608-c0e77bf9c1d2,ec3b3bc7-82e9-4fcb-83d8-525c4d5763b6,1.8356646241951573,0.0,10.199999809265137,2.5024137333549765,199.4644466805528,0.0,357.5,107.5170861354602,2445,2025-12-07 08:10:39+00:00,845.633387888707,2.3770959236947062,0.0,11.600000381469728,2.8040265501679325,211.12566824581313,0.0,357.70001220703125,97.73820970873687,2982.0,2025-12-07 10:55:08+00:00,128.08352901710836,-9869.0,26.0,1.06,0.87,0.48,moored,unknown,fishing,fishing,0.790223240852356,0.5565870404243469,True,True,unknown -> fishing,-0.5414312994995489,0.0,-1.4000005722045916,-0.30161281681295593,-11.66122156526032,9.778876426723329,-537.0,717.5498588715986
595c704c-dc0a-47ff-9913-c76ea96dd334,9cf79be8-6e12-4443-bbbc-efebd9e5bcda,6.307075690219501,1.100000023841858,14.5,2.6576618899568585,139.0515081609479,0.0,359.0,111.50211923587808,2233,2025-12-09 05:07:15+00:00,389.2271505376344,8.081771837758222,7.0,8.800000190734863,0.325849681601598,36.91929503186072,8.899999618530273,89.0999984741211,13.47374413811101,2156.0,2025-12-09 11:45:02+00:00,71.63851508120649,-23867.0,36.0,1.61,1.67,0.83,fishing,fishing,fishing,transiting,0.9503877758979796,0.8573452234268188,True,False,fishing -> transiting,-1.7746961475387204,-5.899999976158142,5.699999809265137,2.3318122083552604,102.13221312908718,98.02837509776707,77.0,317.5886354564279
ac5baf2e-4d00-440e-9d3c-b4a43d84e9fc,ce2ef031-f424-4d68-a007-10a16154d897,3.63472682420189,0.0,11.0,2.1706012801981713,163.0210437930614,0.1000000014901161,359.0,97.60602068204008,2416,2025-12-09 06:45:37+00:00,707.3035196687371,3.8973214531747193,0.0,12.199999809265137,2.4026178957431883,158.29387553990483,0.0,358.70001220703125,98.899257457985,2912.0,2025-12-09 13:00:07+00:00,375.71899690827894,-22470.0,24.0,0.99,0.82,0.45,fishing,fishing,fishing,transiting,0.9609888195991516,0.7905129194259644,True,False,fishing -> transiting,-0.26259462897282937,0.0,-1.1999998092651367,-0.23201661554501696,4.727168253156577,-1.2932367759449193,-496.0,331.5845227604581
6892f586-4961-41e5-b71d-8c17632ed58a,,4.547384508938589,0.0,10.0,2.671461023734938,180.46819885409155,0.0,359.0,110.03707266682308,2944,2025-12-09 10:29:57+00:00,68.30071355759429,,,,,,,,,,,,,,,,,fishing,fishing,missing,missing,0.6808546185493469,,True,True,fishing -> missing,,,,,,,,
487b8381-0635-4e17-8bc7-c0a482bae3fa,ebb23991-cc51-4aa9-aa7e-cf181b79ab30,10.252442368825587,0.0,27.200000762939453,7.891046823680077,175.94145017023493,0.1000000014901161,359.0,106.43037912044626,1474,2025-12-08 12:15:37+00:00,6354.71622539036,11.14804547192226,0.0,27.200000762939453,7.93574908416753,179.25143188502443,0.0,359.0,111.9288936175965,1586.0,2025-12-08 18:48:50+00:00,5920.561514195583,-23593.0,348.0,23.61,21.94,12.83,fishing,fishing,transiting,transiting,0.8019253015518188,0.6062630414962769,True,True,fishing -> transiting,-0.895603103096672,0.0,0.0,-0.04470226048745296,-3.309981714789501,-5.498514497150239,-112.0,434.1547111947766
3e0bad39-ef01-471d-8f54-5738685aecbd,16b92cee-d0e5-4028-9f56-dd5dbf61db0f,1.543129090926677,0.0,7.5,1.6044883368085454,164.89475038977727,0.0,359.0,114.1881191667458,1681,2025-12-09 17:12:29+00:00,958.6958333333332,1.3780438453260602,0.0,7.400000095367432,1.661418253034537,157.08910611032405,0.0,359.0,118.08357789429056,2965.0,2025-12-09 22:51:36+00:00,540.2432523616734,-20347.0,14.0,0.83,0.47,0.3,fishing,fishing,fishing,unknown,0.9739999771118164,0.5299298763275146,True,False,fishing -> unknown,0.16508524560061688,0.0,0.09999990463256836,-0.05692991622599153,7.805644279453219,-3.8954587275447494,-1284.0,418.4525809716598
27beb4af-0726-468d-bc4a-201ffa8bcd6e,f84f7604-53e6-4ce7-8c61-323d7daff543,4.859169691074332,0.0,12.5,3.738395697001469,148.4373686376039,0.0,358.8999938964844,104.587829244329,2481,2025-12-06 23:05:46+00:00,321.3,5.3351755363787055,0.0,12.5,3.471453240221756,153.7262848390931,0.0,359.0,116.07861864737046,2877.0,2025-12-07 01:31:49+00:00,242.5267732962448,-8763.0,201.0,8.1,6.99,3.9,moored,unknown,fishing,fishing,0.8991563320159912,0.6320751309394836,True,True,unknown -> fishing,-0.47600584530437384,0.0,0.0,0.26694245677971296,-5.288916201489201,-11.490789403041461,-396.0,78.7732267037552
a98e24ff-0f2d-41b1-b865-95d1d2992677,712b4b09-ef24-435c-91ef-207b311b8469,3.48786901350982,0.0,102.3000030517578,3.9342034055700057,177.30064173406228,0.0,359.0,113.67937874065282,2168,2025-12-08 09:35:03+00:00,1084.3996308260269,4.3378894726959505,0.0,102.3000030517578,7.5450063223873,210.24677305340057,0.0,359.0,111.58252728458864,2985.0,2025-12-08 09:40:10+00:00,232.38941018766755,-307.0,29.0,1.34,0.97,0.57,transiting,transiting,fishing,fishing,0.5651534199714661,0.8421487808227539,True,True,transiting -> fishing,-0.8500204591861307,0.0,0.0,-3.610802916817294,-32.94613131933829,2.0968514560641864,-817.0,852.0102206383593
895909a3-9b44-46e7-afc6-eab415cbf5bf,0d439105-4153-4d3f-bda1-e23623739dc3,1.6627986380925763,0.0,10.300000190734863,2.357830929996131,160.2832478204497,0.0,358.79998779296875,102.1007919183184,2930,2025-12-06 17:31:08+00:00,252.3366336633663,3.0677562315977926,0.0,10.300000190734863,3.425892671471883,184.33227348043053,0.0,359.0,92.4552442350968,1132.0,2025-12-06 19:34:26+00:00,2294.8514588859416,-7398.0,2.0,0.07,0.18,0.05,fishing,fishing,transiting,transiting,0.8372097611427307,0.7612797617912292,True,True,fishing -> transiting,-1.4049575935052163,0.0,0.0,-1.068061741475752,-24.049025659980828,9.645547683221594,1798.0,-2042.5148252225754
96953f02-c93b-444c-a91c-0c0cbbed62c0,,1.682251082902605,0.0,7.099999904632568,2.1042249272472597,174.1428575656803,0.0,356.70001220703125,103.1362466841682,693,2025-12-09 08:52:35+00:00,3331.5303468208094,,,,,,,,,,,,,,,,,,,missing,missing,,,True,True,nan -> missing,,,,,,,,
0e37bc46-a950-43e5-b27b-bb2f6a0f0da5,435bb3cb-cb9e-40bc-9f81-c59c3279a7ce,5.261514924130279,0.0,13.399999618530272,3.69644444003456,201.49212785535553,0.0,358.29998779296875,96.43693612508876,1307,2025-12-09 08:01:44+00:00,1911.6385911179173,4.235755847485433,0.0,12.0,3.0833630820583355,208.76369818078504,0.0,359.0,106.38389511755526,1376.0,2025-12-09 14:55:24+00:00,1271.9301818181818,-24820.0,47.0,3.6,3.42,1.78,fishing,fishing,fishing,transiting,0.8233135342597961,0.8338269591331482,True,False,fishing -> transiting,1.025759076644846,0.0,1.3999996185302717,0.6130813579762244,-7.271570325429508,-9.946958992466492,-69.0,639.7084092997354
5d0d61e2-0382-4944-b371-ee045e65883f,c499a423-6156-45ef-89c2-c76bca9b6f0e,3.5426110657757777,0.0,8.399999618530273,2.4048380774387894,181.6652097990482,0.1000000014901161,358.6000061035156,102.5628494681948,1103,2025-12-09 20:35:32+00:00,4851.862976406534,3.637996224018674,0.0,9.0,2.4310982837936588,179.1059538926021,0.0,358.8999938964844,104.45934917550784,1587.0,2025-12-09 13:28:33+00:00,2196.4180327868853,25619.0,561.0,50.86,35.35,26.35,transiting,transiting,moored,moored,0.9300903677940368,0.8166869282722473,True,True,transiting -> moored,-0.0953851582428964,0.0,-0.6000003814697266,-0.026260206354869364,2.5592559064461113,-1.8964997073130405,-484.0,2655.4449436196483
095587d3-4d73-45bc-bb9e-79e3a37f51b4,e246553d-8f3c-4515-8f98-30b634fcfc45,2.4403779998460076,0.0,11.899999618530272,2.315971385268674,169.01813380225744,0.0,359.0,117.61845084215491,2328,2025-12-09 21:47:12+00:00,1127.9084658358402,2.630534615222112,0.0,11.800000190734863,2.3686957959338617,160.66808529589423,0.0,359.0,115.20649002259212,2918.0,2025-12-10 01:27:09+00:00,321.6362701405554,-13197.0,53.0,2.28,1.82,1.02,fishing,fishing,transiting,transiting,0.8330186009407043,0.5624904036521912,True,True,fishing -> transiting,-0.1901566153761043,0.0,0.09999942779540838,-0.05272441066518763,8.350048506363208,2.4119608195627933,-590.0,806.2721956952848
29c75e2f-ebfd-4f11-a6d6-d0e1827aac92,,5.13113153564098,0.0,12.399999618530272,3.4002951771430214,171.1058046837134,0.0,358.79998779296875,94.80213593111436,1741,2025-12-06 21:44:49+00:00,341.1965517241379,,,,,,,,,,,,,,,,,fishing,fishing,missing,missing,0.7778385877609253,,True,True,fishing -> missing,,,,,,,,
8c38c8a0-4faa-4225-af33-af894a88d6cb,02d64d86-8714-40ff-95eb-99007c99b234,5.248451903923777,0.0,102.3000030517578,3.5496350290808336,182.1712823953643,0.1000000014901161,359.0,96.68762566146944,3036,2025-12-07 01:58:00+00:00,267.63756177924216,5.29581680199621,0.0,102.3000030517578,3.951349705016475,193.64650759819276,0.0,359.0,111.39384568089294,2773.0,2025-12-07 09:44:11+00:00,141.19444444444446,-27971.0,36.0,1.19,1.3,0.62,fishing,fishing,transiting,transiting,0.7423121929168701,0.7302038669586182,True,True,fishing -> transiting,-0.04736489807243327,0.0,0.0,-0.40171467593564136,-11.475225202828454,-14.706220019423498,263.0,126.4431173347977
b1af1a4b-19b3-4748-8854-fa3040198088,1e26d49f-db78-44e5-b982-67f419f47226,3.7465224097233834,0.0,12.800000190734863,4.0195846264476645,154.64698137608775,0.1000000014901161,359.0,103.25806938673786,1294,2025-12-09 18:59:10+00:00,1070.1438515081206,4.577960752971475,0.0,12.899999618530272,3.685777740590845,138.72187059049386,0.2000000029802322,359.0,102.75666017291704,2854.0,2025-12-09 21:00:52+00:00,88.06905012267788,-7302.0,10.0,0.77,0.35,0.24,,,fishing,fishing,,0.8764435052871704,True,True,nan -> fishing,-0.8314383432480921,0.0,-0.09999942779540838,0.3338068858568195,15.925110785593887,0.5014092138208213,-1560.0,982.0748013854427
d7e77c4f-75b6-499f-85b0-98b0947989fe,198ff65b-90c3-4cc7-acbe-27db6a01cca1,2.835808745768867,0.0,12.800000190734863,4.6122108888549285,211.27673238303777,0.0,359.0,101.91139743595646,2949,2025-12-09 16:44:42+00:00,541.429104477612,7.158577877890561,0.0,12.899999618530272,5.081897991481093,199.6433709314433,0.0,358.8999938964844,95.34458514793846,2897.0,2025-12-09 08:42:16+00:00,233.0528314917127,28946.0,24.0,0.81,0.83,0.41,,,fishing,fishing,,0.8723531365394592,True,True,nan -> fishing,-4.322769132121694,0.0,-0.09999942779540838,-0.46968710262616487,11.633361451594482,6.566812288017999,52.0,308.3762729858993
9a613c4e-1376-4298-aee6-984bb9e75018,7ca7493f-a782-4250-92ed-c43f285e65b6,5.461474033114399,0.0,13.800000190734863,4.904640568368731,166.05216801581764,0.0,358.8999938964844,94.98505816446124,2985,2025-12-08 16:24:51+00:00,162.35556300268095,4.335545053716006,0.0,13.300000190734863,4.809038647317045,162.46337442919034,0.0,359.0,105.84621649013884,2321.0,2025-12-08 22:04:29+00:00,1051.5077586206896,-20378.0,22.0,0.74,0.95,0.42,fishing,fishing,transiting,moored,0.6249874830245972,0.591630756855011,True,True,fishing -> moored,1.1259289793983935,0.0,0.5,0.09560192105168674,3.588793586627304,-10.861158325677607,664.0,-889.1521956180087
2cce206b-2d46-4e96-8f2e-58d723326332,69c9ba78-4fff-4323-99bc-4d6027487ad1,4.054251207134142,0.0,14.300000190734863,3.336100825159295,148.6618840439308,1.2000000476837158,358.0,96.66444910700346,2070,2025-12-09 12:10:55+00:00,481.7138714354761,5.398254027024539,0.0,14.199999809265137,4.020389008346303,128.62168108179884,0.3000000119209289,359.0,94.28951489907026,2921.0,2025-12-09 07:30:02+00:00,123.59657534246575,16853.0,40.0,1.93,1.37,0.81,transiting,transiting,fishing,fishing,0.6597025990486145,0.8935091495513916,True,True,transiting -> fishing,-1.344002819890397,0.0,0.10000038146972656,-0.6842881831870078,20.040202962131957,2.374934207933208,-851.0,358.11729609301034
177cf496-de1b-4e8e-af6d-1d5b95c49f4b,8022eba5-7c7d-4c24-98f0-5818087e2b46,3.634304374520022,0.0,9.899999618530272,2.155267836605572,158.39608254862574,0.0,359.0,101.35747631596304,1991,2025-12-09 15:41:46+00:00,1209.3969849246232,3.6750811383679345,0.0,9.300000190734863,2.2288869878273054,159.83651819312976,0.0,358.70001220703125,105.66284133024058,1541.0,2025-12-09 00:32:35+00:00,1514.0454545454545,54551.0,318.0,15.97,20.64,9.89,fishing,fishing,moored,moored,0.5978755950927734,0.7749814987182617,True,True,fishing -> moored,-0.04077676384791262,0.0,0.5999994277954084,-0.07361915122173324,-1.4404356445040207,-4.305365014277541,450.0,-304.6484696208313
d4449c01-092f-4145-9890-42c4b991705a,7e32979d-014c-42b0-8ed2-7447da8ad9d1,2.6460959660213508,0.0,57.70000076293945,3.9011251268891134,162.60582706142208,0.0,358.70001220703125,120.07921725139222,1063,2025-12-09 14:39:16+00:00,4378.046139359699,0.3406754261221715,0.0,9.699999809265137,1.1294001077933895,115.88629518298949,0.0,358.8999938964844,116.98972963413333,2665.0,2025-12-09 14:47:08+00:00,351.8490990990991,-472.0,1.0,0.09,0.04,0.03,fishing,fishing,transiting,transiting,0.7101792097091675,0.740238606929779,True,True,fishing -> transiting,2.3054205398991794,0.0,48.000000953674316,2.771725019095724,46.71953187843259,3.0894876172588965,-1602.0,4026.1970402606
3ccbe5e6-4460-4f5f-bbb1-9efc770c43eb,3ee304de-f114-4aed-9236-319844f9524e,3.167201114210086,0.0,51.70000076293945,2.3241914885792276,168.6035857386339,0.0,359.0,110.55167662202962,2183,2025-12-08 03:03:49+00:00,1137.2529789184234,2.9785138573425716,0.0,10.600000381469728,2.317416305561022,159.52514126436304,0.0,358.8999938964844,114.23226880017508,2853.0,2025-12-07 19:55:15+00:00,539.1942496493689,25714.0,18.0,0.82,0.63,0.36,transiting,transiting,fishing,fishing,0.865283191204071,0.8483295440673828,True,True,transiting -> fishing,0.18868725686751464,0.0,41.10000038146973,0.006775183018205677,9.078444474270867,-3.68059217814546,-670.0,598.0587292690545
a37f3946-94f4-46b8-abe1-f1e7ee475727,38c0e36b-51ce-4715-8b17-001ec8cbfe0a,3.606556378339198,0.0,14.100000381469728,4.853188172422146,161.1104913311182,0.0,359.0,100.48531593944318,3264,2025-12-08 00:40:42+00:00,343.1783634692001,1.6356322075416665,0.0,12.600000381469728,3.0223793755043173,183.0995778571193,0.6000000238418579,358.70001220703125,107.42371797339486,1653.0,2025-12-08 10:25:17+00:00,1288.9957627118645,-35075.0,21.0,0.64,1.27,0.43,fishing,fishing,fishing,moored,0.6312406659126282,0.6649084091186523,True,False,fishing -> moored,1.9709241707975316,0.0,1.5,1.8308087969178288,-21.989086526001103,-6.938402033951675,1611.0,-945.8173992426644
94d504b4-2456-4db3-81c1-378e1491d87c,5c69f550-f74b-4712-9b37-bf965729e9b9,4.43409285096008,0.0,11.100000381469728,3.76532373337855,186.8726097029232,0.2000000029802322,358.6000061035156,86.71488903137768,2326,2025-12-07 11:37:57+00:00,486.99698924731183,6.817696221053687,0.0,11.300000190734863,3.810460650217727,167.39501442807946,0.4000000059604645,358.8999938964844,62.31204328198932,2752.0,2025-12-07 12:24:44+00:00,62.93784078516903,-2807.0,30.0,1.29,1.09,0.59,fishing,moored,fishing,fishing,0.8712009191513062,0.849454939365387,True,False,moored -> fishing,-2.3836033700936072,0.0,-0.19999980926513494,-0.04513691683917731,19.477595274843736,24.402845749388362,-426.0,424.0591484621428
e57f27a9-431d-4608-860a-4232fe6576f9,55b733f0-bc64-495d-b98f-638630144640,3.110327095382028,0.0,102.3000030517578,2.528769790615641,222.58968763549848,0.0,359.0,102.33434943240349,2721,2025-12-09 15:41:48+00:00,1301.2139705882353,2.9901565468492715,0.1000000014901161,8.600000381469727,1.5391833654852982,225.56298198244963,0.0,359.0,99.86316994770776,2875.0,2025-12-09 15:32:13+00:00,1232.279401530967,575.0,925.0,33.99,32.17,19.8,anchored,unknown,fishing,fishing,0.5422313809394836,0.7592835426330566,True,True,unknown -> fishing,0.12017054853275644,-0.1000000014901161,93.70000267028807,0.9895864251303428,-2.9732943469511497,2.4711794846957247,-154.0,68.93456905726816
4d301366-d099-4930-a724-723ba8c2b63e,1c358779-bc08-4a60-a43f-d62ffb221fef,7.482047699047004,0.0,102.3000030517578,6.2177201666477355,141.11857130920248,0.0,359.0,112.3619843286873,713,2025-12-09 11:15:15+00:00,2284.445224719101,7.414991321435056,0.0,14.100000381469728,3.930029992579634,156.2544489350139,0.0,359.0,115.69891972621258,1721.0,2025-12-09 13:35:14+00:00,590.8686046511627,-8399.0,6.0,0.84,0.35,0.25,fishing,fishing,transiting,transiting,0.8796882033348083,0.915895700454712,True,True,fishing -> transiting,0.06705637761194794,0.0,88.20000267028807,2.2876901740681017,-15.135877625811418,-3.3369353975252807,-1008.0,1693.5766200679384
fee633d0-69a3-49f2-8875-a97024c5c0c9,,0.6995671022257882,0.0,10.300000190734863,2.018111657667363,145.0048720428971,0.3000000119209289,358.29998779296875,101.01157503753204,3003,2025-12-08 03:06:16+00:00,537.0129913391073,,,,,,,,,,,,,,,,,fishing,fishing,missing,missing,0.9053759574890136,,True,True,fishing -> missing,,,,,,,,
038f4409-21bf-4913-a910-b13e155a2498,ffd9ee13-ad9f-401f-85c8-014a4d041ae2,2.1509000656884663,0.0,11.399999618530272,3.321289381873526,170.705228782585,0.0,359.0,118.5672786260927,3222,2025-12-09 05:53:30+00:00,454.82614095001554,2.281501360483954,0.0,11.600000381469728,3.351827431388235,190.5832448310776,0.0,358.79998779296875,120.62421954801118,1119.0,2025-12-09 13:33:08+00:00,5889.898032200358,-27578.0,7.0,0.22,0.63,0.16,fishing,fishing,fishing,moored,0.911876380443573,0.7212641835212708,True,False,fishing -> moored,-0.13060129479548754,0.0,-0.20000076293945668,-0.030538049514709176,-19.878016048492583,-2.056940921918482,2103.0,-5435.071891250343
2949018f-cccc-4901-90ec-6018d490e634,bf75fa9e-7408-4294-99e1-1280b916f3ed,5.849373041158747,0.0,12.5,3.767731060678086,166.5027111934187,0.0,358.79998779296875,99.24779575630603,2552,2025-12-06 21:29:58+00:00,482.108976871815,6.23018754680663,0.0,12.399999618530272,3.565096705764443,165.86721276843957,0.0,359.0,98.04668724303949,3306.0,2025-12-07 00:23:58+00:00,161.64387291981845,-10440.0,53.0,2.08,1.6,0.91,fishing,fishing,transiting,transiting,0.8962293267250061,0.5732166767120361,True,True,fishing -> transiting,-0.38081450564788355,0.0,0.10000038146972834,0.20263435491364312,0.6354984249791187,1.201108513266547,-754.0,320.4651039519965
bf76296b-5228-4772-9cf4-9fb8238b0de8,0331c3f0-6134-49e9-80d8-777aef4317ad,4.834957259648249,0.0,11.300000190734863,3.4604761865938456,212.6722483858115,0.0,358.8999938964844,93.2622920857444,2340,2025-12-09 06:10:19+00:00,636.6361693031209,3.361323712345486,0.0,10.100000381469728,2.8960016906708104,194.43208480121103,0.0,358.79998779296875,104.65198664023758,967.0,2025-12-09 04:26:28+00:00,3196.8146997929607,6231.0,6.0,0.26,0.62,0.18,fishing,fishing,transiting,transiting,0.7327088713645935,0.936025619506836,True,True,fishing -> transiting,1.4736335473027626,0.0,1.199999809265135,0.5644744959230352,18.24016358460048,-11.389694554493175,1373.0,-2560.17853048984
97aa2e5e-10da-4438-b850-632e58d688aa,218d9e9b-47c8-4455-aa0b-973fe740e36f,3.8973070071672407,0.0,11.800000190734863,2.5080037236230206,192.86810852708044,0.0,358.6000061035156,107.80266230514216,557,2025-12-09 17:44:28+00:00,4319.489208633094,3.828510199161396,0.0,10.800000190734863,2.746961189196459,178.26613134414055,0.0,359.0,107.59376002464118,933.0,2025-12-10 02:23:10+00:00,1082.0954935622317,-31122.0,1.0,0.18,0.11,0.07,fishing,fishing,transiting,moored,0.6340018510818481,0.729972243309021,True,True,fishing -> moored,0.06879680800584476,0.0,1.0,-0.23895746557343855,14.60197718293989,0.20890228050097903,-376.0,3237.393715070862
a9de7872-de36-4aad-b788-388318fb9efc,,4.487704912927307,0.0,8.0,2.6331029471333474,177.52852455602317,0.800000011920929,358.6000061035156,92.00243753003566,610,2025-12-09 19:45:18+00:00,3027.4137931034484,,,,,,,,,,,,,,,,,transiting,transiting,missing,missing,0.9381935596466064,,True,True,transiting -> missing,,,,,,,,
e268d42e-2be9-425b-a7a8-6287d8b01cca,b111cd3d-e2c7-4b5a-8aee-2662da5a3cb2,3.7064310094148074,0.0,9.100000381469728,2.7275483140260484,220.6489676694742,0.0,358.8999938964844,101.99735705272984,2348,2025-12-06 23:24:14+00:00,1055.36642522369,3.839783157653069,0.0,9.100000381469728,2.73808145075716,220.1521877837727,0.0,359.0,103.85499212248386,2398.0,2025-12-07 00:46:33+00:00,435.2845223195661,-4939.0,93.0,3.96,3.88,2.0,fishing,fishing,transiting,transiting,0.5123791098594666,0.9337999820709229,True,True,fishing -> transiting,-0.13335214823826158,0.0,0.0,-0.010533136731111448,0.4967798857014998,-1.857635069754025,-50.0,620.0819029041238
26a783fb-f025-4651-b865-1beebcec3e98,3f503d37-8acf-4377-82d7-169e7ae8061a,3.0357651861771955,0.0,10.899999618530272,3.1123873941035853,196.70266681315044,0.0,359.0,113.96859234905092,2947,2025-12-06 19:40:40+00:00,97.27834351663272,2.8919587978613133,0.0,10.600000381469728,3.052887373718288,180.51899015989588,0.0,359.0,104.05289155203994,970.0,2025-12-06 20:55:49+00:00,2324.5562435500515,-4509.0,5.0,0.17,0.52,0.13,fishing,fishing,transiting,transiting,0.7648155093193054,0.6021276712417603,True,True,fishing -> transiting,0.14380638831588222,0.0,0.2999992370605433,0.059500020385297336,16.183676653254565,9.915700797010985,1977.0,-2227.277900033419
8010196f-2a48-48bf-aaa0-cb084523dfc5,4e02355f-cd1d-4d34-912a-c336ebe6d788,4.735455173769587,0.0,13.100000381469728,5.1882179926363525,189.59060018895065,0.0,359.0,117.41244126059745,2922,2025-12-08 21:31:50+00:00,336.0592262923656,2.4225256240408575,0.0,12.899999618530272,3.353989657657077,202.841588471518,0.0,358.79998779296875,106.0345915038418,1465.0,2025-12-09 01:50:42+00:00,929.1564207650272,-15532.0,12.0,0.41,0.82,0.27,fishing,fishing,transiting,transiting,0.8326379060745239,0.6184580326080322,True,True,fishing -> transiting,2.3129295497287297,0.0,0.20000076293945668,1.8342283349792754,-13.250988282567363,11.377849756755651,1457.0,-593.0971944726616
9e4b9fa6-53ab-4b89-b027-80c7cbba61a9,43b26fe7-6f04-49be-8441-ce89086ccb77,3.6020816756252816,0.0,9.899999618530272,3.6362638303094657,154.48946507531608,0.0,357.3999938964844,95.53864766563296,2498,2025-12-09 11:49:50+00:00,1315.451341609932,4.9278154969148,0.0,10.100000381469728,3.309487229312119,172.9403026734502,0.0,357.3999938964844,89.94442962360935,2211.0,2025-12-09 05:41:50+00:00,1358.98371040724,22080.0,1073.0,42.95,48.53,29.51,transiting,transiting,fishing,fishing,0.8497326374053955,0.8945186734199524,True,True,transiting -> fishing,-1.3257338212895182,0.0,-0.20000076293945668,0.32677660099734673,-18.450837598134115,5.594218042023613,287.0,-43.53236879730821
2e024b1f-b907-4b25-9753-000269d09e3e,bab7de40-42e4-4efa-9519-c82e9dfdee08,5.0949004522615535,0.0,10.399999618530272,3.0064329795769313,180.94987613903336,0.1000000014901161,359.0,87.60176152644614,2863,2025-12-06 20:56:45+00:00,411.25087351502447,5.80570885023918,0.0,10.199999809265137,2.918355899396882,197.3394164968404,0.0,359.0,99.74788472345143,3153.0,2025-12-06 19:15:39+00:00,194.73381979695432,6066.0,46.0,1.61,1.46,0.77,fishing,fishing,fishing,transiting,0.8538755774497986,0.893746554851532,True,False,fishing -> transiting,-0.7108083979776261,0.0,0.19999980926513494,0.08807708018004945,-16.38954035780705,-12.146123197005295,-290.0,216.51705371807014
eb4a07d8-5825-4169-b3b2-1237d7a3d1d1,639e7650-2c23-4d44-8a64-8ea46afc6e25,2.9281175329767075,0.0,10.300000190734863,1.670971246980342,203.8359151167135,0.0,358.0,92.86034749352407,2927,2025-12-09 10:13:34+00:00,978.4401913875598,2.8187915186458334,0.0,10.300000190734863,1.6967780151364475,200.94503940832303,0.0,349.0,96.4174264781292,3012.0,2025-12-09 14:52:21+00:00,800.259050149452,-16727.0,422.0,14.42,14.01,7.65,fishing,fishing,transiting,transiting,0.806743323802948,0.6571192741394043,True,True,fishing -> transiting,0.10932601433087408,0.0,0.0,-0.02580676815610561,2.8908757083904675,-3.557078984605127,-85.0,178.18114123810778
6c10be41-4138-4be8-b2ae-dda166b49cbc,620d7199-04d8-444c-8a44-0df594971098,0.8617206018803246,0.0,10.199999809265137,2.0023432956824596,189.62194386757423,0.0,358.3999938964844,80.08002814142252,1267,2025-12-08 02:47:36+00:00,1778.1816745655608,0.460392026778974,0.0,9.399999618530272,1.413168284010737,235.2147058313356,0.0,358.3999938964844,70.97671575934997,2959.0,2025-12-08 02:53:26+00:00,637.6433400946586,-350.0,14.0,1.1,0.47,0.33,fishing,fishing,fishing,moored,0.7974513173103333,0.8668684363365173,True,False,fishing -> moored,0.4013285751013506,0.0,0.8000001907348651,0.5891750116717227,-45.592761963761376,9.103312382072545,-1692.0,1140.538334470902
8f4ef6b8-ea01-4bd6-805a-0d65a24fc877,0e2ddd47-6679-43e0-a608-6b64ac767835,3.6688073531203313,0.3000000119209289,10.5,1.9161704072119128,182.93690096450857,0.0,358.70001220703125,93.56266661951624,545,2025-12-09 10:27:20+00:00,4807.086397058823,2.349896350500908,0.0,20.899999618530273,2.967232014282904,132.6626220966396,0.0,359.0,126.8948265425461,1447.0,2025-12-08 22:28:34+00:00,1271.6410788381745,43126.0,1.0,0.18,0.07,0.05,fishing,fishing,transiting,transiting,0.803117036819458,0.9010570645332336,True,True,fishing -> transiting,1.3189110026194233,0.3000000119209289,-10.399999618530273,-1.051061607070991,50.27427886786896,-33.33215992302986,-902.0,3535.445318220649
6c823732-55f1-480e-ad16-91a698fb5733,238173d1-9123-4264-8116-0c18c947b8e1,3.205732053294984,0.0,102.3000030517578,5.746350921182584,155.83352951482738,0.0,358.6000061035156,100.88691351701702,2896,2025-12-09 23:36:57+00:00,456.0687392055267,3.723365159090984,0.0,102.3000030517578,4.242850172912962,156.7487424350549,0.3000000119209289,359.0,95.69401147040794,2829.0,2025-12-09 23:44:53+00:00,288.2892503536068,-476.0,39.0,1.35,1.38,0.69,fishing,fishing,transiting,transiting,0.8812686800956726,0.7972644567489624,True,True,fishing -> transiting,-0.5176331057960004,0.0,0.0,1.503500748269622,-0.9152129202275319,5.192902046609078,67.0,167.7794888519199
a1ef2186-90a8-4a9b-b90b-c2af0640d6b6,6cbc6e37-5513-48db-8179-9c2e78ab4233,6.321900103880087,0.0,13.0,4.165242387451763,214.39590811946252,0.0,358.8999938964844,111.89456980547897,2863,2025-12-09 19:38:41+00:00,404.4412997903564,1.640224851198123,0.0,12.199999809265137,2.9841603087841535,193.76347297545533,0.1000000014901161,358.5,108.89320191231738,2046.0,2025-12-09 05:16:12+00:00,682.9085574572127,51749.0,7.0,0.24,0.34,0.14,fishing,fishing,fishing,moored,0.8201547265052795,0.6728681325912476,True,False,fishing -> moored,4.6816752526819645,0.0,0.8000001907348633,1.1810820786676097,20.63243514400719,3.0013678931615857,817.0,-278.4672576668563
1d6d454a-0053-4704-92e0-cf6b5a506b43,3d67469d-30d8-40d8-9d94-cea1181d1de4,5.911819601005659,0.1000000014901161,12.399999618530272,3.6485848673113854,199.4090202177294,0.0,359.0,80.0195056734429,1286,2025-12-09 10:48:28+00:00,1227.5821011673152,5.958407995576677,0.1000000014901161,12.199999809265137,3.95865959929599,190.72570640937283,0.0,359.0,92.2339240558654,2902.0,2025-12-09 03:46:34+00:00,410.6952774905205,25314.0,11.0,0.86,0.38,0.26,fishing,fishing,fishing,transiting,0.871345043182373,0.7978355884552002,True,False,fishing -> transiting,-0.04658839457101838,0.0,0.19999980926513494,-0.31007473198460467,8.683313808356559,-12.214418382422508,-1616.0,816.8868236767946
cf1777b3-63d5-4e8c-88a0-ca6cda6a9891,29114e84-76a1-46fb-967c-e2ce8c8cc191,3.440358752747288,0.0,12.600000381469728,3.8878815480690982,177.04149447426428,0.1000000014901161,359.0,110.74025268059236,1115,2025-12-09 16:45:19+00:00,2238.6633752244165,2.478071976253271,0.0,13.0,3.745905558279401,188.33292564603747,0.4000000059604645,358.70001220703125,113.79446921399216,1473.0,2025-12-09 21:55:20+00:00,1057.749320652174,-18601.0,9.0,0.81,0.61,0.35,fishing,fishing,transiting,moored,0.7134318351745605,0.550983190536499,True,True,fishing -> moored,0.9622867764940168,0.0,-0.39999961853027166,0.14197598978969728,-11.291431171773183,-3.0542165333997957,-358.0,1180.9140545722425
33e44b76-836c-4c1d-8329-86cef82ad325,82e48cab-c1b1-4b0a-8144-009b38bf1149,6.7226673141267455,0.0,11.600000381469728,4.123311180979238,168.949902008128,0.0,358.5,94.80997575053074,2047,2025-12-07 01:11:47+00:00,74.19257086999022,5.511101463373255,0.0,11.399999618530272,4.1472766140037285,154.53117465022984,0.0,358.8999938964844,101.50773493386428,1144.0,2025-12-07 07:19:35+00:00,5809.646544181977,-22068.0,5.0,0.24,0.44,0.16,fishing,fishing,fishing,transiting,0.9087313413619996,0.9663814902305604,True,False,fishing -> transiting,1.21156585075349,0.0,0.20000076293945668,-0.0239654330244905,14.418727357898149,-6.697759183333545,903.0,-5735.453973311987
7f3c1501-9934-48a5-a39a-4d29f8c1f690,,2.416335352537904,0.0,8.0,2.0980179447986185,166.93093616950554,0.2000000029802322,358.79998779296875,99.0134411225797,1157,2025-12-09 18:21:29+00:00,2240.409169550173,,,,,,,,,,,,,,,,,fishing,fishing,missing,missing,0.6324343085289001,,True,True,fishing -> missing,,,,,,,,
7de20d4b-aa2c-42a8-9271-e3ca439d53bd,,4.4870129975341095,0.0,11.0,2.905126825497855,178.92712218914758,0.0,358.8999938964844,100.79342476991712,1155,2025-12-09 09:05:43+00:00,2613.2261698440207,,,,,,,,,,,,,,,,,fishing,fishing,missing,missing,0.5267686247825623,,True,True,fishing -> missing,,,,,,,,
2c6b7e0b-4d98-4eab-a682-b008b6970589,6cacda10-53ec-49a6-bccc-037ce45a703d,2.066974855014316,0.0,9.800000190734863,2.6759753104250494,165.37951224527453,0.0,358.3999938964844,112.93970916241396,2704,2025-12-08 23:02:06+00:00,841.6644469108398,1.765079379336249,0.0,8.899999618530273,2.516338495752445,124.804114284875,0.0,358.6000061035156,116.75615951492146,2898.0,2025-12-08 20:50:11+00:00,229.54332067656196,7915.0,56.0,2.07,1.93,1.01,fishing,unknown,fishing,fishing,0.5572308897972107,0.7774834632873535,True,False,unknown -> fishing,0.30189547567806696,0.0,0.9000005722045898,0.15963681467260438,40.57539796039953,-3.816450352507502,-194.0,612.1211262342779
7015c55b-b461-41c5-9710-5205bf302c2d,28175466-55c0-42db-9dd3-b0d708f591b1,3.38496754530004,0.0,9.199999809265137,1.4770583977972902,204.72849777565253,0.0,358.0,99.47826982248412,2927,2025-12-09 04:12:33+00:00,980.5509227614492,3.104124527824644,0.0,9.0,1.4079566380103012,204.845092972345,0.0,359.0,98.79333178075312,2570.0,2025-12-09 21:00:17+00:00,1439.3394316854808,-60464.0,406.0,13.87,15.8,7.97,,,fishing,fishing,,0.9288257360458374,True,True,nan -> fishing,0.28084301747539575,0.0,0.19999980926513672,0.06910175978698896,-0.1165951966924581,0.6849380417310016,357.0,-458.7885089240316
4d180c8a-cf57-48e1-8b2d-4c72b17d93e0,d4a0646d-4780-43c0-b149-b77385854163,4.622316653498704,0.0,12.5,3.0534519723189306,201.65961214522292,0.0,358.3999938964844,105.73767344611224,2236,2025-12-09 07:04:48+00:00,1067.7328859060403,4.531028686684963,0.0,12.0,2.8184737087792957,215.6748210904435,0.0,358.70001220703125,110.37251236710394,2965.0,2025-12-09 16:30:28+00:00,453.137314439946,-33940.0,44.0,1.97,1.48,0.85,fishing,fishing,transiting,transiting,0.5346527695655823,0.9390721917152404,True,True,fishing -> transiting,0.09128796681374052,0.0,0.5,0.2349782635396349,-14.015208945220564,-4.634838920991697,-729.0,614.5955714660943
452f8685-7e32-4511-8880-bc0774047b1a,61fd6d21-abcf-4efc-9f53-b48c6b783d62,0.8075167794130592,0.0,9.300000190734863,2.014010316901323,170.793210653865,0.6000000238418579,358.8999938964844,105.69927284720625,2980,2025-12-09 12:38:46+00:00,336.5693185632763,1.4808883050439094,0.0,9.300000190734863,2.542828356606322,104.53378040700407,0.0,359.0,123.50649828074694,2972.0,2025-12-09 11:33:07+00:00,401.4890609222484,3939.0,26.0,0.87,0.87,0.44,transiting,transiting,fishing,fishing,0.6437511444091797,0.5031051635742188,True,True,transiting -> fishing,-0.6733715256308502,0.0,0.0,-0.5288180397049991,66.25943024686093,-17.807225433540694,8.0,-64.91974235897214
59b6300b-6815-43b4-9898-b01c0b8b188d,dc3e4261-3597-43d5-a979-31fb3f7f561d,4.011500014786919,0.0,12.399999618530272,3.731915932072473,176.6944720647867,0.0,358.6000061035156,107.50263635701648,600,2025-12-09 14:03:10+00:00,4902.450751252087,4.410297925104486,0.0,12.5,4.165889920336792,182.36135523307243,0.0,358.8999938964844,104.65770147399326,1175.0,2025-12-09 14:16:43+00:00,1121.657580919932,-813.0,3.0,0.5,0.26,0.17,fishing,fishing,fishing,transiting,0.9651798605918884,0.8970385789871216,True,False,fishing -> transiting,-0.3987979103175672,0.0,-0.10000038146972834,-0.43397398826431877,-5.666883168285722,2.844934883023228,-575.0,3780.7931703321547
b9c9fc06-683d-415a-a036-47e568ef2f75,65c0fa9a-2654-4d7a-9cc0-c26c3f5210a4,3.0844106452971585,0.0,9.300000190734863,1.9072344189682504,207.60390272375537,0.2000000029802322,358.8999938964844,99.93696530358176,2630,2025-12-07 12:53:30+00:00,780.6892354507418,3.2250086193847256,0.0,9.300000190734863,2.2610858816159505,195.9392593248269,0.1000000014901161,358.79998779296875,103.51752969145224,2907.0,2025-12-07 13:45:07+00:00,139.60461114934617,-3097.0,19.0,0.72,0.65,0.34,fishing,fishing,transiting,transiting,0.9864898920059204,0.610353410243988,True,True,fishing -> transiting,-0.14059797408756713,0.0,0.0,-0.35385146264770007,11.664643398928462,-3.5805643878704814,-277.0,641.0846243013956
7b718d5a-5e3e-49cf-ae9c-5e8e7931f1a5,d33b5589-206f-4691-a982-f734eba76e73,3.082973532096432,0.0,9.800000190734863,2.512906248230014,196.2522106641451,0.0,359.0,101.92854594652412,2455,2025-12-08 05:30:32+00:00,1099.653219233904,3.187508584483999,0.0,10.600000381469728,3.7099279685285937,179.2795859937588,0.0,359.0,127.97784711843305,2922.0,2025-12-08 10:48:52+00:00,250.8777815816501,-19100.0,48.0,1.96,1.64,0.9,fishing,fishing,transiting,transiting,0.9658932685852052,0.9091690182685852,True,True,fishing -> transiting,-0.104535052387567,0.0,-0.8000001907348651,-1.1970217202985798,16.972624670386324,-26.049301171908922,-467.0,848.775437652254
f330f3f4-17ac-42e6-a212-cb9a2ae00425,3126d6a5-faac-4972-b07b-76f7a01e4ba8,6.764418994012226,0.0,13.100000381469728,4.580533912651949,176.01087462382017,0.0,358.79998779296875,95.06913712496424,3055,2025-12-08 04:42:17+00:00,88.47184020956124,3.259235474304958,0.0,13.199999809265137,4.43689570789549,237.5653277298231,0.0,359.0,105.99038679211282,2956.0,2025-12-08 11:04:19+00:00,204.80846023688665,-22922.0,28.0,0.92,0.95,0.47,fishing,fishing,anchored,anchored,0.8957726359367371,0.6560029983520508,True,True,fishing -> anchored,3.5051835197072685,0.0,-0.09999942779540838,0.14363820475645905,-61.55445310600294,-10.921249667148572,99.0,-116.33662002732541
24a6f3f1-8c25-4486-ad57-e10ef613fc03,,4.850700953122333,0.0,12.800000190734863,3.8901841805157815,176.27143507835834,0.0,359.0,97.84893984529464,2568,2025-12-09 11:46:43+00:00,1099.989481885469,,,,,,,,,,,,,,,,,fishing,fishing,missing,missing,0.981981098651886,,True,True,fishing -> missing,,,,,,,,
0a600390-6b4e-404d-92e9-edc0303650a3,4803ba4c-13bb-4099-a4d1-7149bda11469,3.3176712335227694,0.0,11.100000381469728,2.840552529206239,161.46963406693038,0.0,359.0,109.02367337245482,2920,2025-12-07 05:24:03+00:00,274.81226447413496,2.756266453684578,0.0,11.100000381469728,3.2347602030700955,173.5739448628729,0.0,359.0,113.06057654730432,1141.0,2025-12-06 19:40:40+00:00,5471.085087719298,35003.0,3.0,0.1,0.26,0.07,fishing,fishing,fishing,moored,0.933188021183014,0.7289546728134155,True,False,fishing -> moored,0.5614047798381914,0.0,0.0,-0.39420767386385647,-12.104310795942524,-4.036903174849499,1779.0,-5196.272823245163
6be787f4-edb2-4edc-a9c4-0233148bacd5,7c63a4ea-e82a-4644-b017-a21b1b4ad180,3.198994641963782,0.0,10.100000381469728,2.6989659866562796,171.76151529437058,0.3000000119209289,358.79998779296875,94.78577683829069,2984,2025-12-07 11:35:34+00:00,38.61884009386524,3.3344905126885767,0.0,9.800000190734863,3.195638477251505,179.08969903921695,0.0,358.70001220703125,98.03533179289974,893.0,2025-12-07 17:23:47+00:00,2708.439461883408,-20893.0,5.0,0.17,0.56,0.13,fishing,fishing,fishing,moored,0.8374740481376648,0.8692948818206787,True,False,fishing -> moored,-0.13549587072479463,0.0,0.30000019073486506,-0.49667249059522556,-7.3281837448463705,-3.249554954609053,2091.0,-2669.8206217895427
ce0d20c8-ac6a-445d-8849-5471e8b87b79,3e41a72a-5198-41d1-b471-cc57df2fe36a,2.6130419943994245,0.0,9.0,1.1962004098340822,170.71784238769635,0.1000000014901161,358.8999938964844,100.23565975141608,2929,2025-12-09 13:03:05+00:00,460.4228142076503,3.1176550955331965,0.0,8.0,1.4921370825674285,142.59494611505886,0.2000000029802322,358.79998779296875,97.01913663345218,2934.0,2025-12-09 14:00:21+00:00,171.47221275144904,-3436.0,133.0,4.54,4.53,2.32,transiting,transiting,fishing,fishing,0.6025278568267822,0.758731484413147,True,True,transiting -> fishing,-0.504613101133772,0.0,1.0,-0.29593667273334634,28.12289627263749,3.2165231179639022,-5.0,288.95060145620124
b1cd29b8-1f38-40a4-9704-5a49da69e11a,5f8ba8f1-a964-49e8-b937-3f5f8e6c6d07,0.0228366949919686,0.0,3.799999952316284,0.1775899535393694,201.06389170477897,0.0,356.79998779296875,79.9340199854573,3074,2025-12-09 10:02:20+00:00,836.25610152945,0.0330952386036008,0.0,5.099999904632568,0.1398850372033275,197.67299636140163,3.0,356.6000061035156,77.77408317618799,2940.0,2025-12-09 14:53:57+00:00,1693.6328683225588,-17497.0,704.0,22.9,23.95,13.26,fishing,fishing,fishing,moored,0.9889128804206848,0.7313057780265808,True,False,fishing -> moored,-0.010258543611632202,0.0,-1.2999999523162842,0.037704916336041894,3.3908953433773377,2.159936809269311,134.0,-857.3767667931088
92b26fb3-15e7-4cca-a619-1a1f50cd605c,c52bfb0e-af32-4489-89b0-0be2c8a89ea4,6.0012701740875265,0.0,11.399999618530272,2.9017570802797388,188.8316006506115,0.0,358.8999938964844,96.24927611184502,2913,2025-12-06 23:26:07+00:00,215.6037087912088,4.868361636380649,0.0,10.300000190734863,3.573437844707823,185.1768653439695,0.1000000014901161,358.79998779296875,93.53882400284262,1416.0,2025-12-06 19:07:44+00:00,1324.4141342756184,15503.0,12.0,0.41,0.85,0.28,fishing,fishing,anchored,moored,0.92941415309906,0.7257243394851685,True,True,fishing -> moored,1.1329085377068777,0.0,1.0999994277954084,-0.6716807644280842,3.65473530664201,2.7104521090024036,1497.0,-1108.8104254844095
5d9c319d-9130-4463-8239-0e26709fb1dd,0c536e3d-7558-441e-a5f6-f266d0ffcfe5,3.3184939081123632,0.0,56.099998474121094,4.247795956668034,166.54900210567166,0.6000000238418579,358.8999938964844,100.23478183077596,903,2025-12-09 11:28:12+00:00,2540.0354767184035,2.59398062054104,0.0,11.600000381469728,3.3901960348516313,175.45541309240338,0.800000011920929,358.70001220703125,99.23302396347243,1545.0,2025-12-09 09:04:57+00:00,581.0472797927462,8595.0,6.0,0.66,0.39,0.25,fishing,fishing,fishing,moored,0.9315127730369568,0.823131799697876,True,False,fishing -> moored,0.7245132875713232,0.0,44.49999809265137,0.8575999218164023,-8.906410986731714,1.0017578673035246,-642.0,1958.9881969256573
bbd89a7a-8371-4198-aec3-73db848963de,10854b70-f077-47cf-a742-ab988f7a6ed3,3.4369806123696205,0.0,12.199999809265137,3.8627641413999334,132.87600551126073,0.0,358.8999938964844,115.95967295832934,722,2025-12-09 16:41:34+00:00,2772.9791955617197,4.451279351610873,0.0,11.699999809265137,3.9503081640003095,124.38657428918827,0.0,358.79998779296875,118.4081247422404,938.0,2025-12-09 21:31:52+00:00,1592.648879402348,-17418.0,4.0,0.55,0.43,0.24,fishing,fishing,fishing,moored,0.5698315501213074,0.9097718596458436,True,False,fishing -> moored,-1.0142987392412528,0.0,0.5,-0.08754402260037608,8.489431222072454,-2.448451783911068,-216.0,1180.3303161593717
f751ed3e-3381-4e9d-8448-64b44d550b50,2d711543-1771-44a3-8779-f2c19b8bbf13,2.179890938207314,0.0,11.0,3.0045728064871775,178.20177536255295,0.0,359.0,100.65902617447388,2934,2025-12-09 04:08:06+00:00,63.21241050119332,0.7663547362295542,0.0,12.100000381469728,1.9926223801045897,183.8692832161381,0.2000000029802322,358.70001220703125,99.41974353709378,2244.0,2025-12-09 07:50:23+00:00,579.3736067766384,-13337.0,10.0,0.34,0.45,0.19,fishing,fishing,anchored,moored,0.8272705674171448,0.4458709955215454,True,True,fishing -> moored,1.4135362019777598,0.0,-1.1000003814697283,1.0119504263825878,-5.6675078535851355,1.2392826373801,690.0,-516.1611962754451
cd18b2ed-8841-4c49-a464-30257d10d131,e0156bd8-3f8d-408d-8a27-26a1be41fe31,3.450657499305018,0.0,11.100000381469728,2.0763299538221354,186.74317792635847,0.0,359.0,99.33130299075654,3346,2025-12-09 23:08:00+00:00,870.0388639760837,3.228640637016793,0.0,11.300000190734863,1.917580657316344,182.12692421920835,0.0,359.0,102.73163105438373,3097.0,2025-12-10 01:47:50+00:00,404.88178294573646,-9590.0,58.0,1.73,1.87,0.91,fishing,fishing,transiting,transiting,0.8597031235694885,0.6356021761894226,True,True,fishing -> transiting,0.22201686228822481,0.0,-0.19999980926513494,0.15874929650579128,4.616253707150122,-3.4003280636271853,249.0,465.15708103034723
591f99a4-37a6-41ad-80ed-59b2171d467f,61f6e169-e38d-4e53-a4e1-64ec0678976f,5.957667256500668,0.0,8.800000190734863,2.7084045438186233,182.78995493305752,0.0,359.0,108.87165788912114,2915,2025-12-09 22:27:08+00:00,293.4142072752231,6.817523699793183,0.0,102.3000030517578,3.3547518427407836,156.01177888117306,0.0,359.0,88.09978100716636,2956.0,2025-12-10 01:45:36+00:00,103.8954314720812,-11908.0,30.0,1.03,1.01,0.51,fishing,fishing,fishing,transiting,0.9011403322219848,0.8722091913223267,True,False,fishing -> transiting,-0.8598564432925153,0.0,-93.50000286102294,-0.6463472989221604,26.778176051884458,20.771876881954782,-41.0,189.51877580314186
5062c9b1-cf8f-4633-bf7d-40d78bc0b254,0004697e-bfc5-45ce-bc7b-16ba4cf7e49b,5.539848840101492,0.0,11.100000381469728,3.123857720151114,183.75156640671756,0.0,358.8999938964844,98.94424642490696,1852,2025-12-09 20:04:50+00:00,1286.242031334414,5.821014549865143,0.0,11.600000381469728,3.015015702761655,188.77698603818993,0.800000011920929,358.6000061035156,96.1078361486887,2484.0,2025-12-09 15:20:07+00:00,512.2202980265807,17083.0,35.0,1.89,1.41,0.81,fishing,fishing,fishing,transiting,0.669791042804718,0.840298056602478,True,False,fishing -> transiting,-0.2811657097636511,0.0,-0.5,0.10884201738945887,-5.025419631472374,2.8364102762182597,-632.0,774.0217333078332
a9888cef-83d3-42aa-a66b-75e6402e3a57,,3.995352579268794,0.0,11.600000381469728,3.615118200932785,154.19192237203552,0.2000000029802322,358.8999938964844,103.01562976551456,624,2025-12-09 11:45:02+00:00,5098.884430176565,,,,,,,,,,,,,,,,,fishing,fishing,missing,missing,0.858561098575592,,True,True,fishing -> missing,,,,,,,,
c554ed9d-bd3f-47f3-aba8-62edad191253,,3.9854386879775463,0.0,10.399999618530272,2.3155215255853925,195.3434552410134,0.0,359.0,104.04809928449748,2177,2025-12-09 12:58:00+00:00,1350.4898897058824,,,,,,,,,,,,,,,,,fishing,fishing,missing,missing,0.9663752913475036,,True,True,fishing -> missing,,,,,,,,
3bb67e1d-545b-42c3-b066-4944881cff27,22eceb4c-dc6c-488a-838f-e0d13897c6f8,3.449327728239929,0.0,10.899999618530272,1.747268549948141,187.75449939557873,0.0,358.8999938964844,109.01049322461218,1190,2025-12-09 21:48:09+00:00,2096.880571909167,3.703164928273682,0.0,10.100000381469728,1.7531863198116988,186.1231390871402,0.0,359.0,107.97729227320688,1801.0,2025-12-09 23:33:38+00:00,446.2738888888889,-6329.0,11.0,0.92,0.61,0.37,fishing,fishing,fishing,transiting,0.857100784778595,0.845320463180542,True,False,fishing -> transiting,-0.253837200033753,0.0,0.7999992370605433,-0.0059177698635577425,1.6313603084385306,1.0332009514052913,-611.0,1650.606683020278
e566d5e3-b478-47ac-aedd-70ba97041874,,2.07950000975281,0.0,9.399999618530272,2.2638399682380426,174.16250008990366,0.800000011920929,357.79998779296875,102.4520090953578,600,2025-12-10 00:17:21+00:00,3155.7863105175293,,,,,,,,,,,,,,,,,fishing,fishing,missing,missing,0.6080637574195862,,True,True,fishing -> missing,,,,,,,,
7540f770-aac8-4618-8106-4d21b4f74b48,47cea581-9a95-48e6-a787-8541a0241303,1.0807709217241237,0.0,10.699999809265137,2.3161065731563326,195.75068000549877,0.1000000014901161,358.8999938964844,98.73184205175494,2283,2025-12-09 07:41:39+00:00,1261.58851884312,2.5097680302093464,0.0,10.0,3.4684179443716747,197.20747154761295,0.5,357.8999938964844,103.90750606008427,1638.0,2025-12-09 09:43:33+00:00,1281.7959682345754,-7314.0,24.0,1.05,1.47,0.62,fishing,fishing,fishing,moored,0.9179348349571228,0.7126762270927429,True,False,fishing -> moored,-1.4289971084852227,0.0,0.6999998092651367,-1.152311371215342,-1.456791542114189,-5.175664008329335,645.0,-20.207449391455384
cc1f8693-93e7-46ab-967a-f4b3baba0668,2055c4fc-7f11-4737-a544-4addea41a278,3.924037134505429,0.0,11.0,1.8309131047296772,197.3642783134561,0.0,359.0,104.96385010705436,2908,2025-12-09 04:15:48+00:00,800.0811833505333,3.65786854232628,0.2000000029802322,10.600000381469728,1.371628151851675,203.97429916435425,0.1000000014901161,359.0,103.01886848563343,1004.0,2025-12-09 15:33:53+00:00,3489.582253240279,-40685.0,106.0,3.65,10.56,2.79,fishing,fishing,transiting,transiting,0.8901106119155884,0.6010412573814392,True,True,fishing -> transiting,0.2661685921791488,-0.2000000029802322,0.39999961853027166,0.4592849528780021,-6.610020850898138,1.9449816214209221,1904.0,-2689.501069889746
ba34fe12-c114-4efa-9079-dee018dac022,,2.440476195817744,0.0,13.699999809265137,2.101787770721667,225.38558082146264,0.1000000014901161,357.70001220703125,102.63268368508372,756,2025-12-09 23:20:06+00:00,4743.13642384106,,,,,,,,,,,,,,,,,fishing,fishing,missing,missing,0.8985609412193298,,True,True,fishing -> missing,,,,,,,,
64d9b18b-b570-49ac-b841-ad8c028a210b,fbce5df2-5b49-4b90-a6bf-c1e5cc6dcb5a,3.665268952815096,0.0,12.899999618530272,2.3512034516336286,209.92598603339889,0.0,358.70001220703125,97.47825857806276,2361,2025-12-08 02:03:05+00:00,640.8283898305085,3.5655955753415576,0.0,12.899999618530272,2.355814804879713,206.8988364418667,0.0,359.0,97.40569826555443,1805.0,2025-12-08 03:03:58+00:00,379.9828159645233,-3653.0,186.0,7.88,10.3,4.67,fishing,fishing,transiting,transiting,0.8412265181541443,0.865900456905365,True,True,fishing -> transiting,0.09967337747353833,0.0,0.0,-0.004611353246084526,3.0271495915321793,0.07256031250832962,556.0,260.8455738659852
0ce38799-75c4-4dc1-ab91-558ba1b2252e,b853f528-1d06-47e7-bdde-22329be1d797,4.82721390928667,0.1000000014901161,11.300000190734863,3.423401570720564,208.09022480570167,1.399999976158142,358.3999938964844,45.35178039281349,2936,2025-12-08 22:46:21+00:00,158.1281090289608,5.122177565935837,0.0,11.399999618530272,3.786382001152528,198.49940583131732,5.300000190734863,358.3999938964844,39.87287118696008,5722.0,2025-12-08 19:04:39+00:00,43.98933752840413,13302.0,45.0,1.53,0.79,0.52,fishing,fishing,fishing,moored,0.8420933485031128,0.8690606355667114,True,False,fishing -> moored,-0.29496365664916624,0.1000000014901161,-0.09999942779540838,-0.36298043043196415,9.590818974384348,5.478909205853405,-2786.0,114.13877150055669
637478bd-51ff-4f92-bc6d-1d0d0764aa02,e8013841-d27f-48c5-9076-024dae1ca079,3.9769172377250777,0.0,9.5,1.5637651453471295,235.48358032408095,0.0,359.0,102.8924994987495,2634,2025-12-09 23:18:49+00:00,1198.2483858716294,4.204006039557904,0.0,9.399999618530272,1.8141169248642144,251.7668432111906,0.0,358.79998779296875,106.03035619875244,1323.0,2025-12-10 01:10:03+00:00,2199.684568835098,-6674.0,263.0,9.98,19.88,7.12,transiting,transiting,fishing,fishing,0.5284215211868286,0.9804387092590332,True,True,transiting -> fishing,-0.22708880183282654,0.0,0.10000038146972834,-0.25035177951708487,-16.283262887109657,-3.137856700002942,1311.0,-1001.4361829634688
5eb613bb-366f-44e4-822e-4d55a8cb1f6b,0c45b8a5-c2ea-45c7-b7e5-57ee3595783f,2.8141922125996413,0.0,11.199999809265137,2.102526724216262,178.1184981054082,0.0,359.0,112.31472412782892,2903,2025-12-08 17:56:33+00:00,565.5568573397657,2.787154962083501,0.0,10.0,1.975302388317953,177.40596245859405,0.0,359.0,106.84535440649928,2717.0,2025-12-09 03:55:00+00:00,261.5482326951399,-35907.0,52.0,1.79,1.91,0.93,fishing,fishing,transiting,transiting,0.9198112487792968,0.9385976791381836,True,True,fishing -> transiting,0.027037250516140254,0.0,1.1999998092651367,0.12722433589830917,0.7125356468141604,5.469369721329642,186.0,304.00862464462574
674cd8b1-7c17-410a-86b9-c748422fd60b,219a6913-16cb-4778-a72c-4d43396d9081,3.703151190873863,0.0,11.0,1.5294614460492828,222.01807510159225,0.0,359.0,94.87406276194449,2983,2025-12-08 07:16:21+00:00,611.6207243460765,3.767360398182119,0.0,10.699999809265137,1.503869486524219,227.07904311396197,0.0,357.70001220703125,95.79683082926869,2883.0,2025-12-08 19:04:51+00:00,1015.9503816793894,-42510.0,108.0,3.62,3.75,1.88,fishing,fishing,moored,transiting,0.8744342923164368,0.9250865578651428,True,True,fishing -> transiting,-0.06420920730825586,0.0,0.3000001907348633,0.025591959525063768,-5.060968012369727,-0.9227680673241991,100.0,-404.32965733331287
8c9ff356-ac4c-4d6e-a7a8-744075541180,,2.9493485265183916,0.0,9.399999618530272,2.2137324290832767,157.25220258628758,0.0,354.1000061035156,100.84945710206652,614,2025-12-09 21:59:07+00:00,3839.796084828711,,,,,,,,,,,,,,,,,fishing,fishing,missing,missing,0.9018980860710144,,True,True,fishing -> missing,,,,,,,,
82f9a5fe-7945-41c4-b9ed-80da0ed7ae88,7c369c28-984b-4faf-8722-257f3f5723a5,5.193333348191597,0.4000000059604645,10.800000190734863,2.570432853079448,198.03700030446737,0.0,359.0,91.59101909215562,2640,2025-12-09 18:14:32+00:00,404.3959833270178,5.201738572188422,0.5,10.100000381469728,2.39740184848183,190.34460051431975,3.700000047683716,352.3999938964844,87.12266954736435,2991.0,2025-12-09 13:46:06+00:00,154.1314381270903,16106.0,25.0,0.95,0.84,0.45,fishing,fishing,fishing,transiting,0.9230569005012512,0.8781600594520569,True,False,fishing -> transiting,-0.008405223996824418,-0.09999999403953552,0.6999998092651349,0.17303100459761778,7.692399790147618,4.468349544791266,-351.0,250.2645451999275
58e3094d-3a64-4e06-9b75-3c6370678cc1,,6.082851243931441,0.2000000029802322,9.800000190734863,2.066044071468852,211.2411843465523,0.3000000119209289,357.20001220703125,85.963542032738,2904,2025-12-09 07:19:17+00:00,110.31450223906305,,,,,,,,,,,,,,,,,fishing,fishing,missing,missing,0.5915784239768982,,True,True,fishing -> missing,,,,,,,,
9f7cd8ed-2e40-40b9-8f12-3e7d4298941f,50d9f5b6-3c6d-4705-84a1-18378a679c52,3.6270114983542614,0.0,9.399999618530272,2.086770860351277,194.53161345059817,0.0,359.0,112.43243905920394,2088,2025-12-09 04:45:57+00:00,3727.4561571633926,3.6543872799146446,0.0,9.399999618530272,2.1010103922897305,185.9800164772712,0.0,359.0,115.6299605910516,2701.0,2025-12-09 10:10:04+00:00,2846.7785185185185,-19447.0,892.0,42.72,33.02,22.89,transiting,transiting,fishing,fishing,0.6016514301300049,0.5380671620368958,True,True,transiting -> fishing,-0.027375781560383228,0.0,0.0,-0.01423953193845362,8.55159697332698,-3.1975215318476558,-613.0,880.6776386448742
75110758-3dd7-4e0f-8f9c-e0a7eac1d9ad,dc289844-09a5-439a-9483-03e74feed7f1,4.204949590042029,0.0,11.300000190734863,3.0432698566772713,150.46515013862555,0.0,359.0,112.35442901571147,3273,2025-12-09 23:48:04+00:00,800.4770782396088,3.143190788061015,0.0,11.399999618530272,3.3561345371951044,141.59600130999948,0.0,359.0,114.19150380589612,3040.0,2025-12-10 00:55:05+00:00,452.1266864100033,-4021.0,19.0,0.58,0.62,0.3,fishing,fishing,anchored,unknown,0.5235320925712585,0.7194637060165405,True,True,fishing -> unknown,1.0617588019810138,0.0,-0.09999942779540838,-0.312864680517833,8.869148828626066,-1.8370747901846443,233.0,348.3503918296055
936f451b-4113-4404-948f-a90f89436c36,3d797610-02bf-48f1-9e6c-8164845e3378,3.3688054643749377,0.0,12.0,2.410130620128414,165.4243301221327,0.8999999761581421,358.6000061035156,92.54397669203613,2930,2025-12-09 03:38:48+00:00,604.4257425742575,3.4476076748122804,0.0,12.100000381469728,2.5306503232789477,166.18600542485325,0.0,358.70001220703125,93.26622999446296,2926.0,2025-12-08 18:15:46+00:00,225.6557264957265,33782.0,97.0,3.31,3.32,1.68,fishing,fishing,transiting,transiting,0.9081198573112488,0.9325994253158568,True,True,fishing -> transiting,-0.0788022104373427,0.0,-0.10000038146972834,-0.12051970315053362,-0.7616753027205618,-0.7222533024268358,4.0,378.77001607853094
c3a1294b-42e1-4666-ac50-60116a38a12c,cda3f262-ee0c-48a8-908a-e499c0df8f0c,2.634814807496689,0.0,10.399999618530272,1.5933450773340672,197.62737432954697,0.0,358.0,109.23759822227248,540,2025-12-09 19:53:41+00:00,5016.460111317254,2.658652094435388,0.2000000029802322,10.100000381469728,1.6818326164808546,195.10492689831415,0.6000000238418579,358.79998779296875,108.72467127116458,549.0,2025-12-09 20:20:02+00:00,3015.1459854014597,-1581.0,1.0,0.19,0.18,0.09,fishing,fishing,fishing,moored,0.9862180352211,0.9881900548934937,True,False,fishing -> moored,-0.02383728693869891,-0.2000000029802322,0.2999992370605433,-0.08848753914678742,2.52244743123282,0.5129269511079002,-9.0,2001.3141259157942
3214e7d6-7d2f-47f7-8812-8d53cd814463,719564e2-d881-4b84-b259-b4873f729019,2.4357142821360225,0.0,7.0,2.1475878926648906,184.44739405140731,0.0,359.0,105.66136575538268,1652,2025-12-09 23:30:32+00:00,3583.023016353725,2.166151946340357,0.0,7.5,2.110671736011889,170.95793141570527,0.0,358.6000061035156,104.45804965802546,1619.0,2025-12-09 19:55:04+00:00,2723.560568603214,12928.0,216.0,13.08,13.34,7.07,fishing,fishing,fishing,moored,0.895637571811676,0.8550325632095337,True,False,fishing -> moored,0.2695623357956656,0.0,-0.5,0.03691615665300141,13.48946263570204,1.2033160973572166,33.0,859.4624477505108
69c58989-7304-4ea7-9b3f-deb14e320e6d,4ee80ff5-a7cc-4eaa-9aba-74a663c49b3a,4.459237547901119,0.1000000014901161,8.800000190734863,3.230542626506069,205.22292689639647,0.0,358.70001220703125,72.59547839676745,2387,2025-12-09 17:02:22+00:00,654.1881810561609,5.406492793082894,0.0,8.600000381469727,2.7989256955430513,186.4093673627106,3.5999999046325684,358.8999938964844,51.56433403000686,3604.0,2025-12-09 17:19:55+00:00,291.4021648626145,-1053.0,28.0,1.17,0.78,0.47,fishing,transiting,fishing,fishing,0.8885383605957031,0.8953447937965393,True,False,transiting -> fishing,-0.9472552451817746,0.1000000014901161,0.19999980926513672,0.4316169309630178,18.81355953368586,21.031144366760586,-1217.0,362.78601619354646
32bc786a-1d10-4de7-95d3-6140357cd812,bbbf09e2-234d-463c-b364-0d258ea419ba,2.120689653228784,0.0,9.899999618530272,2.4286498377590893,152.3984917921673,0.0,357.70001220703125,130.82025954934625,667,2025-12-08 20:47:26+00:00,3506.490990990991,1.8561775332829895,0.0,16.399999618530273,2.345601594352933,141.2385265551415,0.0,359.0,130.33459023133554,2501.0,2025-12-08 23:25:24+00:00,584.1096,-9478.0,20.0,3.0,0.8,0.64,,,fishing,fishing,,0.7506709694862366,True,True,nan -> fishing,0.2645121199457945,0.0,-6.500000000000002,0.08304824340615635,11.159965237025801,0.48566931801070723,-1834.0,2922.3813909909913
1d72d533-febf-4089-a330-00d8f7bdaf36,9368093d-864f-43ce-af88-663f86b86c3b,1.1990875338694258,0.0,13.199999809265137,2.584384343480679,171.2185912207753,0.0,358.70001220703125,102.50454655930068,2959,2025-12-09 14:50:58+00:00,70.89959432048681,0.8725738546830692,0.0,12.300000190734863,2.098676149770154,181.69391561152815,0.0,358.6000061035156,104.52115106619114,1185.0,2025-12-08 22:43:02+00:00,2882.0405405405404,58076.0,3.0,0.1,0.25,0.07,fishing,fishing,anchored,moored,0.8232417106628418,0.7353439331054688,True,True,fishing -> moored,0.32651367918635654,0.0,0.8999996185302734,0.4857081937105252,-10.47532439075286,-2.0166045068904594,1774.0,-2811.1409462200536
45f7e60d-ee2e-4f79-b34f-aa5c5f25016c,,2.154146838277315,0.0,12.699999809265137,2.2337283773136587,179.55221285485433,0.0,359.0,103.513555370222,2942,2025-12-09 08:03:06+00:00,329.53621217273036,,,,,,,,,,,,,,,,,fishing,fishing,missing,missing,0.8607968091964722,,True,True,fishing -> missing,,,,,,,,
30e72695-aafb-4df1-8d96-eaedd564231f,,4.91482696437662,0.0,12.800000190734863,4.500560649480683,155.22506397825373,0.0,359.0,98.90990560237458,2745,2025-12-06 23:09:55+00:00,158.1228134110787,,,,,,,,,,,,,,,,,fishing,fishing,missing,missing,0.8494958877563477,,True,True,fishing -> missing,,,,,,,,
0251f082-1e7b-42ba-a05b-74a766e9a112,,2.4276470667299104,0.3000000119209289,9.100000381469728,2.3337569738199813,184.54424813233737,0.0,358.79998779296875,102.77295562290146,680,2025-12-08 21:17:45+00:00,3975.814432989691,,,,,,,,,,,,,,,,,fishing,fishing,missing,missing,0.95992773771286,,True,True,fishing -> missing,,,,,,,,
42a6dac9-c61c-4b6c-919c-a2324b305e02,0cd2d3e3-0d8f-40a2-905b-22f5050a3915,3.22000000025802,0.0,9.300000190734863,2.074914763348364,182.0271499338369,0.0,359.0,91.39878356561044,2235,2025-12-09 23:40:02+00:00,1804.1884512085944,2.848660714569546,0.0,9.0,2.1311327903404456,185.82908545727136,1.0,357.0,96.27079952121332,672.0,2025-12-09 12:03:13+00:00,5091.983606557377,41809.0,202.0,9.04,30.06,7.47,anchored,unknown,transiting,transiting,0.6019141674041748,0.8599026799201965,True,True,unknown -> transiting,0.3713392856884741,0.0,0.3000001907348633,-0.05621802699208134,-3.8019355234344516,-4.872015955602876,1563.0,-3287.795155348783
0e076be5-bbf2-4651-8864-82acb1e7f558,,2.9639539539535966,0.0,10.699999809265137,3.153031439265966,143.80305346782822,0.0,359.0,115.099034476467,2519,2025-12-09 22:23:27+00:00,354.51191421763303,,,,,,,,,,,,,,,,,fishing,fishing,missing,missing,0.8785454034805298,,True,True,fishing -> missing,,,,,,,,
f7fddad5-214c-4ff4-91aa-ed1ad385a2f4,6fa82e8f-5b23-469a-9b65-fa38d888290a,3.690836839165404,0.0,12.100000381469728,2.833629770983309,195.540542891849,0.0,358.5,105.04743164321616,2139,2025-12-08 05:09:21+00:00,763.9050514499532,4.4228452186891225,0.0,12.0,2.472350692962517,172.74665650581525,0.0,358.8999938964844,104.75580654250346,1195.0,2025-12-07 13:32:19+00:00,1761.9547738693468,56222.0,2.0,0.09,0.17,0.06,fishing,fishing,transiting,transiting,0.900855302810669,0.9240752458572388,True,True,fishing -> transiting,-0.7320083795237187,0.0,0.10000038146972834,0.36127907802079173,22.793886386033734,0.2916251007126931,944.0,-998.0497224193936
5d23e5a2-6c32-45f7-9d4a-41242dfecf03,c5972c4d-47be-4540-aae7-73a46d1aea79,3.861984798065325,0.0,9.199999809265137,1.9922898478014937,184.47879764078135,0.0,359.0,105.19581493031652,2499,2025-12-09 17:02:04+00:00,1003.4483586869496,3.7352715367124607,0.0,9.300000190734863,1.842700172163774,185.24074182675872,0.0,359.0,98.51193171228572,2081.0,2025-12-09 16:33:58+00:00,812.8,1686.0,86.0,3.44,4.13,1.91,fishing,fishing,fishing,transiting,0.9185685515403748,0.8840227127075195,True,False,fishing -> transiting,0.12671326135286431,0.0,-0.10000038146972656,0.14958967563771974,-0.7619441859773701,6.6838832180308,418.0,190.64835868694968
6e831519-6284-4c9e-9cd4-b0e4e17382fb,be98697f-9e5c-48ad-9150-e67d2cd6aaaa,1.504899626721347,0.0,9.399999618530272,2.51281599044788,208.1478370472733,0.8999999761581421,358.8999938964844,95.18818334122425,2939,2025-12-07 14:35:09+00:00,325.54594962559565,1.549748070282767,0.0,9.399999618530272,2.5547316892294987,196.15290719583257,0.5,358.1000061035156,92.96142265007724,2977.0,2025-12-07 14:45:19+00:00,255.24361559139783,-610.0,380.0,12.93,12.76,6.86,fishing,fishing,anchored,unknown,0.7750769853591919,0.6951814293861389,True,True,fishing -> unknown,-0.04484844356142004,0.0,0.0,-0.041915698781618715,11.99492985144073,2.226760691147007,-38.0,70.30233403419783
7184da5e-76ac-4a38-8dd2-1aa959116992,5b91dc08-06ec-4982-acff-8d0e5dba1d51,3.833677362968325,0.0,11.399999618530272,3.7488079433935937,170.98498019915155,0.0,359.0,107.74336245560784,1841,2025-12-09 19:42:05+00:00,1344.9565217391305,3.394377795632649,0.0,12.399999618530272,3.710057882939159,183.399216026551,0.0,359.0,107.80343918623272,2917.0,2025-12-09 22:02:28+00:00,262.70438957475994,-8423.0,62.0,3.37,2.13,1.32,fishing,fishing,transiting,transiting,0.5421580672264099,0.9335747361183168,True,True,fishing -> transiting,0.4392995673356759,0.0,-1.0,0.03875006045443463,-12.414235827399438,-0.0600767306248855,-1076.0,1082.2521321643706
e9ca792b-6725-47f1-8319-baf7fb5a1fd8,bdba184c-6003-4724-bc91-1faa3dcedfdc,1.589697951613699,0.0,11.899999618530272,2.5639572025490085,152.0897837767609,0.0,358.8999938964844,118.54227172424844,1854,2025-12-09 22:07:59+00:00,1374.5547760388558,2.071238947338451,0.0,12.0,2.84547533784457,143.80535662176925,0.0,358.79998779296875,114.23320826927916,2486.0,2025-12-10 00:50:41+00:00,328.44989939637827,-9762.0,65.0,3.51,2.61,1.52,fishing,fishing,fishing,moored,0.7291298508644104,0.6713764071464539,True,False,fishing -> moored,-0.48154099572475184,0.0,-0.10000038146972834,-0.2815181352955616,8.284427154991647,4.309063454969277,-632.0,1046.1048766424776
040b88f7-00bf-49c3-b792-3a62ca1291be,451ec1d5-bb2f-45c0-b849-5a68cad2399c,3.0342921230595503,0.0,9.100000381469728,1.690790138856503,176.50885668570686,0.0,359.0,103.73018288813766,2677,2025-12-09 01:22:41+00:00,1124.296711509716,2.982661296557721,0.0,9.0,1.7408944853414936,169.3295104893896,0.0,357.79998779296875,97.86345459031024,1736.0,2025-12-08 10:00:07+00:00,1704.0743515850145,55354.0,1069.0,39.93,61.58,31.97,fishing,fishing,anchored,unknown,0.7289028763771057,0.6909677982330322,True,True,fishing -> unknown,0.051630826501829485,0.0,0.10000038146972834,-0.050104346484990625,7.179346196317255,5.866728297827422,941.0,-579.7776400752985
97b74ec8-920c-408d-9ce2-a7a7e52cf2db,7b268324-a62c-426b-9a2f-57fa06f841a8,3.5950745745790407,0.0,10.699999809265137,3.141804161448676,171.43157663504277,0.1000000014901161,353.6000061035156,104.04611643106924,2883,2025-12-09 15:28:43+00:00,365.2234559333796,3.3446143159592334,0.0,10.199999809265137,3.440327579003138,187.58494562357575,6.0,358.1000061035156,87.98274482000092,2878.0,2025-12-09 09:50:05+00:00,222.8303788668752,20318.0,36.0,1.25,1.25,0.63,transiting,transiting,fishing,fishing,0.8036812543869019,0.5169315934181213,True,True,transiting -> fishing,0.25046025861980725,0.0,0.5,-0.298523417554462,-16.153368988532975,16.06337161106832,5.0,142.39307706650442
87ef62f0-8dc4-4b13-98c7-0174d965d4ee,f1b9830d-3e98-41e6-aba6-f1b288facfb8,2.0076323963647567,0.0,56.5,2.6188564753571315,149.94384398274607,0.0,358.6000061035156,114.49903639078788,1926,2025-12-09 23:45:57+00:00,9453.9387012987,1.9910070502901296,0.0,6.900000095367432,2.322297546275713,175.77964302200584,0.0,358.5,102.92816590153164,2413.0,2025-12-10 02:25:00+00:00,305.97014925373134,-9543.0,10.0,0.52,0.41,0.23,fishing,fishing,fishing,moored,0.989017128944397,0.6382224559783936,True,False,fishing -> moored,0.016625346074627068,0.0,49.59999990463257,0.29655892908141857,-25.83579903925977,11.570870489256237,-487.0,9147.96855204497
ecd5d658-286e-41b0-83ea-41caa00075db,c582deaa-aba0-4fa0-a96a-c1a277e8e62e,1.6507375639104516,0.2000000029802322,11.600000381469728,0.9465477317641549,106.22888514706752,0.0,340.1000061035156,86.7274263685257,2915,2025-12-07 16:52:47+00:00,965.254975978037,1.5358114522757766,0.3000000119209289,7.0,0.7852045853721987,95.86513756102906,0.0,359.0,87.81456351460797,3161.0,2025-12-07 23:10:54+00:00,334.8854430379747,-22687.0,387.0,13.28,12.24,6.8,fishing,fishing,fishing,moored,0.8558716177940369,0.8269872665405273,True,False,fishing -> moored,0.11492611163467492,-0.10000000894069669,4.600000381469728,0.16134314639195613,10.363747586038457,-1.08713714608227,-246.0,630.3695329400623
54ba0a01-8964-4204-8f87-9bc411ade325,d71a1d6c-c1e7-49af-9745-85f00ec81d5b,4.041444121214214,0.0,9.199999809265137,2.535430816683873,201.6226773573817,0.1000000014901161,359.0,98.022607972415,1011,2025-12-09 23:14:05+00:00,2553.6960396039603,3.16171140544673,0.0,9.600000381469728,1.9808954163403811,226.8974429359224,0.0,358.79998779296875,93.44979832687058,1379.0,2025-12-09 23:04:23+00:00,1193.3062409288823,582.0,3.0,0.3,0.22,0.13,fishing,fishing,transiting,transiting,0.8842744827270508,0.7664064764976501,True,True,fishing -> transiting,0.8797327157674841,0.0,-0.4000005722045916,0.5545354003434917,-25.274765578540723,4.5728096455444245,-368.0,1360.389798675078
f084d043-113e-4592-ab44-27f3111524ad,8246cb49-2fac-4746-b4f6-49c7863df433,3.351673639897709,0.0,25.200000762939453,3.829172584839543,154.7272539571771,0.0,358.79998779296875,106.3805314303718,956,2025-12-09 08:56:57+00:00,2386.0607329842933,3.8423475570359424,0.0,17.700000762939453,4.040259666246201,161.9283422755704,0.0,358.70001220703125,107.26407050601308,1738.0,2025-12-09 14:10:01+00:00,1174.183649971215,-18784.0,8.0,0.84,0.46,0.3,fishing,fishing,transiting,moored,0.6923486590385437,0.4994488954544067,True,True,fishing -> moored,-0.4906739171382335,0.0,7.5,-0.21108708140665833,-7.201088318393289,-0.8835390756412806,-782.0,1211.8770830130784
693f4039-4619-482a-b8e1-51290140adf7,f3e05c3a-441f-4bcb-98c3-71dead8ae9d9,0.3364882507840507,0.0,4.5,0.8378416633909868,159.44209579730213,0.4000000059604645,358.3999938964844,107.6174749583088,3064,2025-12-09 21:56:26+00:00,791.564152791381,0.034677686526263,0.0,2.200000047683716,0.0937044626254317,222.5082074521019,0.4000000059604645,356.8999938964844,97.58588992439782,3025.0,2025-12-09 18:35:50+00:00,156.0433201058201,12036.0,33.0,1.08,1.09,0.54,fishing,fishing,fishing,anchored,0.841381847858429,0.8271906971931458,True,False,fishing -> anchored,0.3018105642577877,0.0,2.299999952316284,0.7441372007655551,-63.06611165479978,10.031585033910986,39.0,635.5208326855609
66d0c084-6c44-459a-9e4e-9131492fdf22,1300412f-85b8-42c6-811d-e193e1b8eaff,6.739192642450455,0.0,12.399999618530272,4.883311378296632,204.80616323805629,0.1000000014901161,359.0,105.74822339219818,1957,2025-12-09 11:17:26+00:00,990.284253578732,6.639917133826227,0.0,12.199999809265137,4.919662908551993,212.6665401604996,0.0,359.0,104.42753777442036,2896.0,2025-12-09 17:13:08+00:00,426.75544041450775,-21342.0,18.0,0.92,0.62,0.37,fishing,fishing,transiting,transiting,0.6023119688034058,0.7651408314704895,True,True,fishing -> transiting,0.09927550862422763,0.0,0.19999980926513494,-0.0363515302553612,-7.860376922443322,1.3206856177778263,-939.0,563.5288131642242
d3bb55a3-c5d8-4d51-9735-95b4bb7da1db,663802eb-933b-4ff2-8057-3d6c4dc9dce2,2.776947923506947,0.0,9.199999809265137,1.724244319552031,194.81530700154207,0.0,359.0,100.3210066828038,2477,2025-12-07 12:21:02+00:00,907.7964458804524,2.8503272520532863,0.0,8.100000381469727,1.6255219360292754,194.6925824142561,0.0,358.70001220703125,101.32607181841983,2903.0,2025-12-07 13:25:08+00:00,96.68194348725017,-3846.0,25.0,1.01,0.86,0.47,anchored,unknown,fishing,fishing,0.5309907793998718,0.8593258857727051,True,True,unknown -> fishing,-0.0733793285463391,0.0,1.0999994277954102,0.09872238352275553,0.12272458728597258,-1.0050651356160358,-426.0,811.1145023932023
43cf4f68-7c8d-4231-ba72-dc0bf45f37b9,4440840d-ef10-4ab5-97a4-6be6685437e3,2.3444558910966697,0.0,8.699999809265137,2.1012647527555277,151.37548907540568,0.0,357.6000061035156,118.8921886958591,2913,2025-12-08 10:23:45+00:00,800.6133241758242,2.723272513020225,0.0,8.600000381469727,1.496821809891076,203.47154665234677,0.0,357.20001220703125,97.12506415379757,3068.0,2025-12-08 06:22:56+00:00,360.6807955656994,14449.0,76.0,2.61,2.48,1.29,transiting,transiting,fishing,fishing,0.7087530493736267,0.9861003756523132,True,True,transiting -> fishing,-0.37881662192355536,0.0,0.09999942779541016,0.6044429428644518,-52.09605757694109,21.767124542061538,-155.0,439.93252861012485
16881a40-a280-4b51-8572-13eca0e1f233,c5811ea4-effd-4de2-9564-826dbe2b305e,3.2363943636795165,0.0,9.199999809265137,2.509347676716436,189.19678674841543,0.6000000238418579,358.79998779296875,99.34799086840914,1775,2025-12-09 11:57:47+00:00,640.7288613303269,2.989869280865574,0.0,9.899999618530272,2.2745604447755214,178.472483621937,1.600000023841858,358.8999938964844,95.6801654060438,1530.0,2025-12-09 10:53:01+00:00,510.5997383911053,3886.0,142.0,8.0,9.28,4.49,fishing,fishing,transiting,transiting,0.6650222539901733,0.8721644878387451,True,True,fishing -> transiting,0.24652508281394248,0.0,-0.6999998092651349,0.23478723194091478,10.724303126478446,3.667825462365343,245.0,130.12912293922165
1531f82a-209c-4809-bfa0-cb4056c7c670,d93a4ca6-0394-41ba-959b-3e16fd571f9a,2.227991322005804,0.0,10.600000381469728,2.5541370852373846,166.7833436213147,0.0,358.8999938964844,98.90345523501968,3226,2025-12-06 20:17:13+00:00,38.74387596899225,2.5113756897837924,0.0,11.100000381469728,2.874065104758015,170.64739336459434,0.6000000238418579,358.70001220703125,103.1205735315231,1134.0,2025-12-06 20:02:52+00:00,2105.5613415710504,861.0,8.0,0.25,0.71,0.18,fishing,fishing,fishing,moored,0.8325596451759338,0.6269215941429138,True,False,fishing -> moored,-0.28338436777798837,0.0,-0.5,-0.31992801952063044,-3.8640497432796224,-4.217118296503429,2092.0,-2066.8174656020583
3dd7a34a-0d6b-4a20-a812-10c5edf9f627,ee0c4ec9-9601-4bec-9de1-82c369fbd3a4,2.840318215679259,0.0,10.0,2.8728211424040713,200.29796372583317,0.2000000029802322,359.0,84.34402304395593,2954,2025-12-08 09:44:13+00:00,451.1777853030816,4.170216486237777,0.0,10.300000190734863,2.3160490027370013,208.80335584277665,0.3000000119209289,358.79998779296875,101.6175876926546,2864.0,2025-12-07 16:14:34+00:00,263.35766678309466,62979.0,31.0,1.05,1.08,0.54,moored,unknown,fishing,fishing,0.5395485758781433,0.7916949987411499,True,True,unknown -> fishing,-1.3298982705585183,0.0,-0.3000001907348633,0.55677213966707,-8.505392116943483,-17.273564648698667,90.0,187.82011851998692
8e526183-c891-4ea4-be7e-22cfabc7aa56,4f8a7dc2-f80f-4ce2-90b6-98389e7f523c,3.8817090112982666,0.0,11.600000381469728,4.106233469614356,173.5567056776476,0.0,359.0,103.0458929538556,2165,2025-12-09 20:57:47+00:00,809.3687615526802,3.1902546126630953,0.0,12.0,3.846828204695043,169.2481049957725,0.0,359.0,108.1158661544845,4556.0,2025-12-09 18:56:37+00:00,109.24083424807904,7270.0,17.0,0.79,0.37,0.25,fishing,fishing,fishing,transiting,0.9879446029663086,0.6110652685165405,True,False,fishing -> transiting,0.6914543986351713,0.0,-0.39999961853027166,0.2594052649193128,4.308600681875106,-5.069973200628894,-2391.0,700.1279273046011
2b4d33a1-96d4-4190-b176-181c8736a95e,,4.6167746380510035,0.0,10.100000381469728,2.9713338666011606,175.32389138047333,0.0,359.0,107.9889060692812,2933,2025-12-09 03:35:23+00:00,329.5900409276944,,,,,,,,,,,,,,,,,fishing,fishing,missing,missing,0.8958733677864075,,True,True,fishing -> missing,,,,,,,,
72ed6215-fe81-4929-9e96-4ee241687774,e2159d45-2987-4870-abc5-1429f69da57f,3.3275917102322814,0.0,9.899999618530272,1.943422060763043,187.21534756851503,0.0,359.0,107.4642483758604,627,2025-12-09 12:40:07+00:00,3843.341853035144,2.848794270289623,0.0,11.600000381469728,2.155934659852153,137.10134715000424,0.0,359.0,122.3833400889712,1949.0,2025-12-09 15:35:09+00:00,793.4034907597536,-10502.0,4.0,0.64,0.21,0.16,fishing,fishing,transiting,moored,0.769302248954773,0.4995557367801666,True,True,fishing -> moored,0.47879743994265844,0.0,-1.7000007629394567,-0.21251259908911013,50.114000418510784,-14.919091713110802,-1322.0,3049.9383622753903
d25a0523-d3b9-44ec-8230-01533be743bb,7abddab6-9146-4157-90f0-f17c733ad5cc,4.174562116156504,0.0,12.100000381469728,3.424294445952917,173.11560230609905,0.0,359.0,102.79822685647916,2512,2025-12-09 14:37:25+00:00,1873.0549581839905,5.632732748962916,0.0,11.399999618530272,2.9963846663948246,173.64155807645056,0.0,358.8999938964844,115.67028491710204,1665.0,2025-12-09 13:29:02+00:00,1584.8088942307693,4103.0,67.0,2.67,4.02,1.63,fishing,fishing,transiting,transiting,0.8634001016616821,0.6353706121444702,True,True,fishing -> transiting,-1.4581706328064126,0.0,0.7000007629394567,0.4279097795580924,-0.5259557703515156,-12.872058060622876,847.0,288.2460639532212
b201af4d-e100-400a-b418-17acb61b3362,,2.2297886013817627,0.0,13.0,3.5547698767409095,177.88319975385187,0.0,358.8999938964844,103.0202113221428,3122,2025-12-09 12:43:10+00:00,225.29317526433832,,,,,,,,,,,,,,,,,fishing,fishing,missing,missing,0.8340573906898499,,True,True,fishing -> missing,,,,,,,,
865e3491-40cd-491f-b560-4092549f8046,,4.7227353469472515,0.0,11.600000381469728,3.2866946870225786,197.86870512384877,0.0,358.79998779296875,103.0410661481634,1689,2025-12-07 08:55:20+00:00,463.3080568720379,,,,,,,,,,,,,,,,,fishing,fishing,missing,missing,0.7546558380126953,,True,True,fishing -> missing,,,,,,,,
49ba6076-54d4-4b4c-a7b0-6a3a9c8edfea,694b5184-2d96-47b0-a258-78579d6e7cbf,3.5172798706602832,0.0,11.899999618530272,2.327950582670073,166.4553807756512,0.699999988079071,358.79998779296875,99.13313907627264,2419,2025-12-09 23:00:29+00:00,840.9784946236559,3.5594840857979015,0.0,10.899999618530272,1.5786851752960165,160.17075716352755,0.2000000029802322,359.0,98.1499719865525,3295.0,2025-12-10 01:21:09+00:00,172.789313904068,-8440.0,24.0,0.99,0.73,0.42,moored,unknown,,,0.7859535217285156,,True,True,unknown -> nan,-0.042204215137618295,0.0,1.0,0.7492654073740566,6.284623612123653,0.9831670897201406,-876.0,668.189180719588
8f67f2fd-1c0a-4de2-b18e-f98584af83df,ad32b5c4-e8e0-40fe-a753-c263d87cbbbc,4.668106312726358,0.0,11.899999618530272,2.7230107328559168,188.2023420752175,0.0,359.0,104.7355506515654,2709,2025-12-06 21:55:22+00:00,534.7481536189069,5.4747720330988825,0.1000000014901161,12.100000381469728,2.877847913327024,184.84597944152057,0.0,359.0,111.8803950466174,2961.0,2025-12-06 19:00:24+00:00,217.3070945945946,10498.0,48.0,1.77,1.62,0.85,fishing,fishing,fishing,transiting,0.8435789346694946,0.842859148979187,True,False,fishing -> transiting,-0.8066657203725249,-0.1000000014901161,-0.20000076293945668,-0.15483718047110706,3.356362633696932,-7.14484439505199,-252.0,317.4410590243124
31d798f4-629b-4199-a2c3-4cfe68fab1ad,5444186f-152f-4a3e-94a8-02a7ce4ef542,7.296062628747419,0.0,13.600000381469728,5.223534665009585,193.97416661592823,0.0,359.0,104.113337554809,2108,2025-12-09 20:54:00+00:00,721.1737066919791,7.309716895199227,0.0,13.699999809265137,5.318906443915316,200.12920621393067,0.0,359.0,99.48219158581242,2861.0,2025-12-09 14:39:46+00:00,333.4013986013986,22454.0,37.0,1.76,1.29,0.75,fishing,transiting,transiting,moored,0.6732326149940491,0.7864324450492859,True,True,transiting -> moored,-0.013654266451808006,0.0,-0.09999942779540838,-0.09537177890573112,-6.155039598002446,4.631145968996577,-753.0,387.77230809058045
4e0094b3-552a-4d89-ac10-c7db700a0f24,c21ad8f3-5fc6-42e0-9a9b-1b983db139f0,6.324096382894403,0.0,14.800000190734863,4.741403822251521,196.7433163098211,0.0,359.0,103.65177842687356,2241,2025-12-09 00:46:19+00:00,418.79017857142856,5.966289829150092,0.0,14.699999809265137,4.247195712478534,172.45618363666634,0.0,356.20001220703125,90.22261128323773,2919.0,2025-12-09 02:10:38+00:00,94.15695681973956,-5059.0,49.0,2.19,1.68,0.96,fishing,fishing,transiting,transiting,0.8603383898735046,0.5871423482894897,True,True,fishing -> transiting,0.3578065537443109,0.0,0.10000038146972656,0.49420810977298757,24.28713267315476,13.429167143635837,-678.0,324.633221751689
993f6744-82fe-408d-85ae-d5a86969b090,43736fdb-bf6c-40a4-bd68-dcbf01f685e7,3.2088799260423877,0.0,9.899999618530272,2.265911704747172,166.3504496632636,0.0,359.0,104.40137915231642,2973,2025-12-09 21:54:12+00:00,586.193472409152,3.195823033612295,0.0,10.0,2.3066194460327263,166.24699362957966,0.0,359.0,102.11294736326822,3232.0,2025-12-09 22:25:49+00:00,389.97121634168985,-1897.0,125.0,4.2,3.87,2.06,fishing,fishing,transiting,transiting,0.9818965196609496,0.9369129538536072,True,True,fishing -> transiting,0.01305689243009267,0.0,-0.10000038146972834,-0.0407077412855541,0.10345603368392631,2.2884317890482038,-259.0,196.22225606746218
24058eca-a1a5-4803-9650-6ecead6e6731,,3.4020442975415284,0.0,9.0,1.6569294137199673,202.2344122657581,0.0,359.0,106.4809520880956,2935,2025-12-09 08:37:01+00:00,1031.807089297887,,,,,,,,,,,,,,,,,fishing,fishing,missing,missing,0.5903481245040894,,True,True,fishing -> missing,,,,,,,,
bfb723c2-3e07-4230-888e-9319aac95715,baa6c5ba-9133-42da-bbbe-289bd00ca5be,3.810085170666546,0.0,9.5,1.678632047977025,215.61661503492945,0.0,359.0,100.54259715845704,2935,2025-12-09 12:21:25+00:00,664.3725289706884,3.592449874311308,0.0,9.5,1.5635713976401235,214.91915334931105,0.0,359.0,102.00257528187402,1894.0,2025-12-09 10:59:24+00:00,1210.9154780771262,4921.0,29.0,0.99,1.53,0.6,fishing,fishing,moored,moored,0.7336883544921875,0.8449539542198181,True,True,fishing -> moored,0.21763529635523815,0.0,0.0,0.11506065033690138,0.697461685618407,-1.459978123416974,1041.0,-546.5429491064377
2cd3d757-6821-4e50-bf41-8e842a51d4f3,06745302-507e-4adf-977e-075095606d96,6.679456026383883,0.0,10.800000190734863,3.2135894877888247,187.22640765896384,0.0,359.0,98.96140988975188,1728,2025-12-08 11:24:57+00:00,1403.7492762015056,6.492878024733282,0.0,10.5,3.2202986291121634,188.9224697138009,0.0,358.8999938964844,98.03054007318636,1713.0,2025-12-08 14:29:43+00:00,1433.63726635514,-11086.0,567.0,32.81,33.1,19.73,fishing,fishing,fishing,transiting,0.9056358933448792,0.8099881410598755,True,False,fishing -> transiting,0.18657800165060046,0.0,0.3000001907348633,-0.006709141323338663,-1.696062054837057,0.9308698165655187,15.0,-29.88799015363429
9d8236d2-1847-469f-96aa-71a9b88d9e4d,fe898d9d-05d1-4ccc-ac22-32a31cb9452c,3.357519538141787,0.0,11.899999618530272,2.066654820032704,142.73289218570198,0.0,359.0,113.78942282516032,2048,2025-12-08 13:28:21+00:00,1765.6868588177822,3.695862082514726,0.0,10.699999809265137,2.0887732467420776,139.66389609462624,0.0,359.0,111.6245759667164,1305.0,2025-12-08 09:24:48+00:00,2075.2078220858893,14613.0,128.0,6.25,9.81,3.97,transiting,transiting,fishing,fishing,0.8378851413726807,0.9824659824371338,True,True,transiting -> fishing,-0.3383425443729391,0.0,1.199999809265135,-0.022118426709373473,3.0689960910757463,2.1648468584439087,743.0,-309.52096326810715
8bd142e8-9a27-46d4-8611-2bcccc5d6bde,bd26ed08-a591-464b-891c-bcb331ffd509,0.1474593159557378,0.0,8.5,0.9601958661578452,70.59272430539131,0.0,358.20001220703125,100.05507647820822,3011,2025-12-09 14:52:18+00:00,677.8860465116279,0.1562645008696757,0.0,8.399999618530273,0.9123371503907935,74.14651185135509,0.0,358.29998779296875,105.60149479689464,862.0,2025-12-09 21:03:49+00:00,2055.945412311266,-22291.0,14.0,0.46,1.62,0.36,fishing,fishing,fishing,moored,0.6233733296394348,0.8881670236587524,True,False,fishing -> moored,-0.008805184913937891,0.0,0.10000038146972656,0.047858715767051696,-3.5537875459637718,-5.54641831868642,2149.0,-1378.059365799638
db679e78-147d-49f4-b250-e62b0ee04c29,3ff3623c-2050-471a-aa88-8e0e20accf3a,3.6223771112806338,0.0,14.300000190734863,4.768968308062985,195.63736677446823,0.1000000014901161,359.0,116.85484724596962,2726,2025-12-09 21:04:00+00:00,405.2033027522935,3.649140304033907,0.0,12.5,3.743085262022345,149.71356989514854,0.0,359.0,134.1988402607796,2908.0,2025-12-09 21:08:45+00:00,144.93016855865153,-285.0,17.0,0.62,0.58,0.3,anchored,unknown,fishing,fishing,0.684947669506073,0.8749549388885498,True,True,unknown -> fishing,-0.026763192753273213,0.0,1.8000001907348633,1.02588304604064,45.923796879319696,-17.343993014809982,-182.0,260.27313419364197
0d1d463d-3eaa-47a0-bc8b-7f5c40001222,,3.492264575028433,0.0,10.0,1.603908184000391,213.85369962924932,0.0,359.0,115.99054410155696,892,2025-12-08 05:58:53+00:00,8782.922558922559,,,,,,,,,,,,,,,,,transiting,transiting,missing,missing,0.5066555738449097,,True,True,transiting -> missing,,,,,,,,
c6b62177-2b73-40b2-86b2-51cf89be9cbb,7d6d476d-71c7-46e3-9870-664949a68559,4.213668074396489,0.0,84.0999984741211,3.9116474019024743,161.93142514549425,0.0,359.0,101.15130867202522,1434,2025-12-09 19:44:27+00:00,1763.877180739707,2.776931119689986,0.0,12.699999809265137,3.2937808774930386,143.58485692278057,0.0,358.1000061035156,113.95722389807288,1916.0,2025-12-09 18:47:38+00:00,362.73211488250655,3409.0,5.0,0.35,0.26,0.15,fishing,fishing,anchored,unknown,0.7009986042976379,0.5740153193473816,True,True,fishing -> unknown,1.436736954706503,0.0,71.39999866485596,0.6178665244094357,18.34656822271367,-12.80591522604766,-482.0,1401.1450658572005
f16098b4-3179-47bf-be9e-9fe8a0fe9236,3da1bcda-ba55-4f5e-9e6b-6b7391570218,3.1901853133604066,0.0,102.3000030517578,2.8468627487532343,196.23143241987816,0.0,359.0,97.87043783109144,2914,2025-12-08 23:31:16+00:00,588.2914521112256,3.2329182416980027,0.0,10.300000190734863,2.5139180548202544,199.9469081754752,0.0,359.0,101.41387058658118,2409.0,2025-12-09 06:21:30+00:00,744.5556478405316,-24614.0,39.0,1.34,1.62,0.74,fishing,fishing,,,0.7735769152641296,,True,True,fishing -> nan,-0.04273292833759612,0.0,92.00000286102294,0.3329446939329799,-3.7154757555970264,-3.5434327554897465,505.0,-156.26419572930604
d8018155-1c92-4f62-8351-70a43515a46a,37dcfef3-86b3-4152-bda1-fb886d77093e,2.294957987400664,0.0,12.399999618530272,2.6668115357405404,169.24149860526978,0.0,359.0,95.92263735306878,1190,2025-12-09 06:02:26+00:00,2639.6139613120267,1.5557649770210562,0.0,12.100000381469728,2.7100357958415,182.59996425376704,0.0,358.8999938964844,90.82205724726536,2706.0,2025-12-09 09:41:00+00:00,304.20813308687616,-13114.0,37.0,3.11,1.37,0.96,anchored,unknown,transiting,transiting,0.7308864593505859,0.8212229013442993,True,True,unknown -> transiting,0.7391930103796078,0.0,0.2999992370605433,-0.043224260100959366,-13.358465648497258,5.100580105803417,-1516.0,2335.405828225151
82ca7705-e436-4d38-839a-c3d346ab3f66,d75a92a1-e2c7-4cfb-b91f-a8af23f4fee0,5.730244523904345,0.2000000029802322,9.800000190734863,2.288051452620844,212.49598404938848,0.0,359.0,97.556444993067,777,2025-12-07 11:55:48+00:00,1724.0038659793815,5.913559322772804,0.0,10.300000190734863,2.2858275056024535,183.2929761873671,0.0,359.0,105.2796778926152,2301.0,2025-12-06 21:56:13+00:00,787.0760869565217,50375.0,7.0,0.9,0.3,0.23,fishing,fishing,fishing,transiting,0.935438871383667,0.8613972067832947,True,False,fishing -> transiting,-0.18331479886845958,0.2000000029802322,-0.5,0.0022239470183906818,29.203007862021394,-7.723232899548194,-1524.0,936.9277790228598
a9016b02-9ec2-44a8-8e2a-7e18c9478483,36b93dce-490c-435b-a9db-f383b236c364,5.749519902584239,0.0,12.300000190734863,3.1304693617289057,182.23255221044195,0.2000000029802322,359.0,109.624322137481,729,2025-12-09 19:35:10+00:00,3228.940934065934,5.4658714431388,0.0,13.300000190734863,2.682727004620851,175.91890165744095,0.1000000014901161,359.0,104.023675705668,1509.0,2025-12-09 11:19:48+00:00,621.6167108753316,29722.0,15.0,2.06,0.99,0.67,fishing,fishing,fishing,transiting,0.9778398275375366,0.9761776328086852,True,False,fishing -> transiting,0.2836484594454385,0.0,-1.0,0.44774235710805455,6.313650553000997,5.600646431813004,-780.0,2607.3242231906024
84f9a134-7885-4aec-9032-e8804a2d2914,03001359-0c47-46a5-97e8-8146c6a42be1,0.0743451990472381,0.0,2.5,0.1582359650154566,183.32454667434027,0.0,359.0,105.35799227200648,2978,2025-12-07 21:52:23+00:00,800.1884447430299,0.0661241108025482,0.0,2.5999999046325684,0.1404173362624092,188.29667683753695,0.0,359.0,105.05145415919768,2949.0,2025-12-08 02:47:23+00:00,575.0135685210312,-17700.0,33.0,1.11,1.12,0.56,fishing,fishing,fishing,moored,0.8800817131996155,0.8503167033195496,True,False,fishing -> moored,0.008221088244689909,0.0,-0.09999990463256836,0.017818628753047377,-4.972130163196681,0.30653811280880916,29.0,225.17487622199872
7c07d000-13b1-4de0-bb8a-66f62032b2a2,,3.433202375092476,0.0,11.600000381469728,3.485869483278537,157.56033520338926,0.0,359.0,98.34524586121285,1018,2025-12-09 21:55:03+00:00,3581.1553588987217,,,,,,,,,,,,,,,,,fishing,fishing,missing,missing,0.8212056756019592,,True,True,fishing -> missing,,,,,,,,
2b2cbe7a-7ba3-4a56-8d2e-9e61f96a1818,b669c56c-9105-4340-b3dc-a49a2fbe0980,2.8623346370539777,0.0,8.699999809265137,2.5847408987743106,199.64537021019115,1.100000023841858,357.8999938964844,103.08454486916573,1285,2025-12-09 22:50:03+00:00,4982.464174454829,2.644189860373004,0.0,8.899999618530273,2.5731769790329846,198.6093298416286,0.5,357.20001220703125,103.78066878040052,1222.0,2025-12-09 23:31:08+00:00,5479.527436527436,-2465.0,685.0,53.31,56.06,37.6,fishing,unknown,transiting,transiting,0.5811206698417664,0.9328566193580629,True,True,unknown -> transiting,0.21814477668097387,0.0,-0.19999980926513672,0.011563919741325979,1.0360403685625386,-0.6961239112347926,63.0,-497.06326207260736
fecb9e3b-15da-499e-969d-ce59e287db82,6ee3af31-88be-48da-9520-6f9798931318,3.388650585468642,0.0,9.699999809265137,2.9594767447324837,170.26535349475986,0.0,358.1000061035156,109.47663231946926,1119,2025-12-09 20:15:47+00:00,2215.3846153846152,2.9782835077373275,0.0,10.0,2.9351652535772104,160.64069161443817,0.0,358.70001220703125,107.25971392330742,1538.0,2025-12-09 08:29:42+00:00,1006.4756018217306,42365.0,14.0,1.25,0.91,0.53,fishing,fishing,transiting,transiting,0.8852956891059875,0.5375074148178101,True,True,fishing -> transiting,0.41036707773131464,0.0,-0.3000001907348633,0.024311491155273313,9.624661880321696,2.2169183961618444,-419.0,1208.9090135628846
eecfa39b-7d04-4af1-8ab1-846a75142047,8807cba2-a6d4-4e0b-b624-6d9033d8276e,2.308338768003624,0.0,9.399999618530272,3.235272498249102,213.4054519929651,0.0,359.0,98.5915284150162,3070,2025-12-09 22:10:56+00:00,120.44835451287064,2.178026555918441,0.0,9.5,2.6579510277209764,190.71661291179865,0.0,358.70001220703125,122.19884693240472,1206.0,2025-12-10 00:05:58+00:00,3047.1759336099585,-6902.0,11.0,0.36,0.91,0.26,fishing,fishing,transiting,unknown,0.7043131589889526,0.6518399715423584,True,True,fishing -> unknown,0.13031221208518273,0.0,-0.10000038146972834,0.5773214705281258,22.688839081166464,-23.60731851738852,1864.0,-2926.727579097088
6e99741f-dce5-403f-87c0-801c7e63cbdf,4b12b73c-1db0-4859-a258-e861125b5aa9,2.9014964206950107,0.0,11.600000381469728,2.057694292719311,167.03357282192837,0.0,359.0,110.39863044717158,1537,2025-12-09 11:22:59+00:00,1855.7721354166667,3.033201146683004,0.0,11.0,1.7618491726406884,181.1499436595408,0.0,359.0,100.14726807907364,1765.0,2025-12-09 12:27:48+00:00,516.0289115646259,-3889.0,15.0,0.98,0.85,0.46,moored,moored,fishing,fishing,0.7471106648445129,0.8821949362754822,True,True,moored -> fishing,-0.13170472598799332,0.0,0.6000003814697283,0.29584512007862274,-14.116370837612436,10.251362368097944,-228.0,1339.743223852041
bb7766c6-66c5-4535-9485-bf835c70e3aa,c0a69f33-62ed-439d-9c92-c2879b02438f,3.53988234758377,0.0,10.300000190734863,2.3099156232336004,165.13687935582502,0.1000000014901161,358.70001220703125,112.11731374717506,850,2025-12-10 00:15:08+00:00,3311.652532391048,3.5959627500602176,0.0,10.399999618530272,2.4261271820269172,161.84126222226186,0.0,358.79998779296875,117.43051730876466,1610.0,2025-12-10 00:03:55+00:00,781.9136109384712,673.0,11.0,1.29,0.68,0.45,transiting,transiting,fishing,moored,0.6228393912315369,0.8443106412887573,True,True,transiting -> moored,-0.05608040247644741,0.0,-0.09999942779540838,-0.1162115587933168,3.295617133563155,-5.313203561589603,-760.0,2529.738921452577
ee869810-0b88-47c2-99ef-cf9eb6d18282,169a2316-eab8-472e-9fbd-a4879cea0e84,1.781222998657647,0.0,8.800000190734863,2.088522105083522,141.9023654606073,0.0,358.8999938964844,97.08702613553518,3009,2025-12-09 06:22:32+00:00,642.9175531914893,3.421080928003856,0.0,8.800000190734863,2.0808769045329587,112.37671944137804,0.0,358.29998779296875,85.65384064752095,3164.0,2025-12-09 21:20:07+00:00,92.15965855200758,-53855.0,59.0,1.96,1.86,0.96,fishing,fishing,transiting,transiting,0.8493412733078003,0.7414785027503967,True,True,fishing -> transiting,-1.6398579293462088,0.0,0.0,0.007645200550563391,29.52564601922927,11.433185488014232,-155.0,550.7578946394817
82c2635e-698c-4bb2-b435-d3244ba4aabd,f5ea2f89-e66c-41ba-84ac-e8f617549304,2.266276878681735,0.0,14.199999809265137,4.072373800636554,157.84324300750313,0.1000000014901161,358.1000061035156,113.26981758371346,2651,2025-12-07 04:32:57+00:00,42.829433962264154,3.289788263679426,0.0,15.199999809265137,4.4752725705267835,176.9961330969649,0.0,359.0,102.90364958500842,2928.0,2025-12-07 12:58:41+00:00,396.4878715408268,-30344.0,46.0,1.74,1.57,0.83,fishing,fishing,fishing,moored,0.7065455913543701,0.7949492335319519,True,False,fishing -> moored,-1.0235113849976911,0.0,-1.0,-0.4028987698902293,-19.152890089461778,10.366167998705038,-277.0,-353.65843757856265
0f726db4-2f25-48f8-80d0-36df19c3bc98,78a28dac-c76e-42ab-95ab-bded46e5669b,3.2637880250987057,0.0,11.5,1.7470980112441823,184.57413274950625,0.0,359.0,108.1047765139616,1019,2025-12-09 08:41:13+00:00,2244.4155206286837,3.243755183781199,0.0,10.100000381469728,1.4274610895831996,183.44580663923148,0.0,359.0,121.76091383706532,1209.0,2025-12-09 12:06:21+00:00,1729.1208609271523,-12308.0,9.0,0.88,0.74,0.41,fishing,fishing,fishing,moored,0.8506312966346741,0.8788650035858154,True,False,fishing -> moored,0.020032841317506822,0.0,1.3999996185302717,0.3196369216609827,1.1283261102747701,-13.65613732310372,-190.0,515.2946597015314
d28b970e-2828-4fa1-9895-4e0c1c66837a,befe904d-e1b9-4b2b-bfc2-d12e078e5948,6.865605699067444,0.0,12.300000190734863,4.62662517711597,209.82699998849915,0.0,359.0,108.66424352903216,2105,2025-12-09 18:38:01+00:00,770.9548479087453,5.537575991159039,0.0,12.399999618530272,4.687657914566446,196.04598101862555,0.1000000014901161,358.79998779296875,106.51187343548509,2632.0,2025-12-10 01:30:41+00:00,399.1809198023565,-24760.0,23.0,1.09,0.87,0.49,fishing,fishing,transiting,transiting,0.7672446966171265,0.9383583068847656,True,True,fishing -> transiting,1.3280297079084056,0.0,-0.09999942779540838,-0.06103273745047666,13.7810189698736,2.152370093547077,-527.0,371.7739281063887
12d0a1d0-5cbd-4198-a8b6-997fddd90414,a6a43614-f100-4ae8-a8f4-df0f456d24c9,3.885404108085448,0.0,60.0,3.6660462925372097,180.43689342784396,0.0,358.3999938964844,106.95051873267006,829,2025-12-09 19:30:02+00:00,3008.153381642512,3.9539890122616552,0.0,11.399999618530272,2.707044151740486,184.94924313094745,0.0,358.70001220703125,100.30075127615544,1454.0,2025-12-09 22:22:18+00:00,775.143840330351,-10336.0,10.0,1.21,0.69,0.44,fishing,fishing,fishing,moored,0.6763702630996704,0.8261631727218628,True,False,fishing -> moored,-0.06858490417620722,0.0,48.60000038146973,0.9590021407967235,-4.512349703103496,6.649767456514624,-625.0,2233.009541312161
a69f79c9-f5ad-4541-be51-8bd63197b00f,f6aae6eb-dfdd-46e2-8956-f93597d1514c,3.409964667455468,0.0,35.599998474121094,2.293137392519263,166.1434756918051,0.0,359.0,101.5572879580902,1415,2025-12-07 04:58:54+00:00,1704.375530410184,2.8793289388918892,0.0,35.599998474121094,2.113596042191062,172.22394748615318,0.0,358.8999938964844,99.25483580800366,1669.0,2025-12-07 03:10:18+00:00,1377.0941247002395,6516.0,309.0,21.84,18.51,11.14,fishing,fishing,transiting,transiting,0.7768890857696533,0.8088731169700623,True,True,fishing -> transiting,0.5306357285635785,0.0,0.0,0.17954135032820107,-6.080471794348085,2.3024521500865376,-254.0,327.28140570994447
70867c73-e6f3-41b7-bd26-c959629eb1b6,00ea7b61-8867-4ede-9149-dd7f3a159c14,3.569528338658959,0.0,9.5,2.728018602125525,173.5454025587934,0.0,359.0,108.99298937946136,2947,2025-12-09 17:46:38+00:00,771.6751527494908,3.0579181143244787,0.0,9.5,2.6151593278456873,176.97367509365847,0.0,359.0,104.5565124383225,2930.0,2025-12-10 00:08:02+00:00,702.7101399795152,-22884.0,66.0,2.24,2.25,1.14,fishing,fishing,transiting,transiting,0.5939436554908752,0.6089295744895935,True,True,fishing -> transiting,0.5116102243344804,0.0,0.0,0.11285927427983777,-3.428272534865073,4.436476941138864,17.0,68.9650127699756
d68f9994-3ea0-456a-a547-252b9d35b430,,4.146239576862992,0.0,102.3000030517578,4.16942269975416,202.95769410286323,0.0,359.0,104.79925952479088,2154,2025-12-08 07:55:50+00:00,2125.144914073386,,,,,,,,,,,,,,,,,fishing,fishing,missing,missing,0.819513738155365,,True,True,fishing -> missing,,,,,,,,
95cbbb80-5578-478a-83ee-17de644e3559,5ecccd25-3ec7-4a3d-9747-836f750e8699,3.7139057434445166,0.0,7.5,1.9541769311950328,161.6752686486225,0.0,359.0,101.30185598501356,2143,2025-12-08 10:48:06+00:00,1116.0135387488328,4.444981169316735,0.0,11.699999809265137,1.7127394294453178,113.39314887816876,0.0,358.0,91.39500539985784,2919.0,2025-12-08 07:40:30+00:00,459.5633995887594,11256.0,46.0,2.15,1.58,0.92,anchored,unknown,fishing,fishing,0.5456042885780334,0.8991730809211731,True,True,unknown -> fishing,-0.7310754258722185,0.0,-4.199999809265137,0.241437501749715,48.28211977045375,9.906850585155723,-776.0,656.4501391600734
3111f960-50d9-40c8-a53b-a8efc32552db,e63ef721-fe1e-4bec-9e5c-4b17e1e59098,4.125103884665528,0.0,14.300000190734863,4.454740649688912,184.06120757592387,0.0,359.0,106.15499723073324,2888,2025-12-09 23:06:22+00:00,84.46103221337027,3.4066027322948047,0.0,12.5,4.111331323213992,179.99422499304583,0.0,359.0,101.24606704400136,1772.0,2025-12-09 09:04:20+00:00,1137.089779785432,50522.0,4.0,0.14,0.23,0.09,fishing,fishing,transiting,transiting,0.878553569316864,0.9296512603759766,True,True,fishing -> transiting,0.718501152370723,0.0,1.8000001907348633,0.3434093264749194,4.06698258287804,4.9089301867318795,1116.0,-1052.6287475720617
dc3bbd75-2f9a-4671-9356-982d60eb3ffb,f9f13cf8-717d-41c5-8eaf-3996d1a23ee2,4.413852592533911,0.0,16.299999237060547,4.67130153196714,161.97387440479238,0.0,359.0,100.19219801293526,1913,2025-12-09 17:27:34+00:00,177.48483263598325,3.1134548732370604,0.0,15.5,3.917477184879582,177.79687108498055,0.0,358.8999938964844,102.39190940961387,2304.0,2025-12-10 00:32:07+00:00,763.1910551454624,-25473.0,19.0,0.99,0.82,0.45,fishing,fishing,fishing,transiting,0.8720693588256836,0.9474006295204164,True,False,fishing -> transiting,1.3003977192968508,0.0,0.7999992370605469,0.7538243470875581,-15.822996680188169,-2.199711396678609,-391.0,-585.7062225094792
166f21f1-086b-4c50-8e9f-d0e34bb6459a,3b097dad-74f9-431b-8ccc-939d3c52860f,2.9130083933818947,0.0,11.300000190734863,2.7406014448989553,163.17239430535454,0.1000000014901161,358.20001220703125,94.83635139615808,3098,2025-12-07 04:42:44+00:00,34.80755569906361,3.270529840832317,0.0,12.300000190734863,3.355484244692957,179.6799798897278,0.0,358.79998779296875,97.6699064193014,906.0,2025-12-07 05:52:44+00:00,2393.1381215469614,-4200.0,1.0,0.03,0.11,0.02,fishing,fishing,fishing,transiting,0.7914883494377136,0.9499043226242064,True,False,fishing -> transiting,-0.35752144745042225,0.0,-1.0,-0.6148827997940018,-16.50758558437326,-2.833555023143319,2192.0,-2358.330565847898
a9e124f4-9de4-4c1a-b999-923fa0a6746c,fda47845-b7aa-45cc-a61a-ba3bcb861598,1.4502528765557827,0.0,6.099999904632568,1.3501128373330746,193.11840400904265,0.1000000014901161,358.79998779296875,92.52214184908094,2175,2025-12-08 19:20:27+00:00,303.03265869365225,1.7126766200699322,0.0,6.099999904632568,1.4289343554006235,189.82344474737997,0.3000000119209289,358.79998779296875,100.67005648985584,2548.0,2025-12-09 05:45:16+00:00,923.1009030231644,-37489.0,233.0,10.71,9.14,5.19,fishing,fishing,fishing,moored,0.7129709720611572,0.7694575786590576,True,False,fishing -> moored,-0.26242374351414943,0.0,0.0,-0.07882151806754889,3.294959261662683,-8.1479146407749,-373.0,-620.0682443295121
21e3caa2-799b-43b8-9e94-db26434c024b,fc16a06d-9240-476f-bab8-781d18dffdaf,3.4553066692908603,0.0,11.100000381469728,2.541471882774359,165.24042105413793,0.0,359.0,106.63433144006626,1875,2025-12-08 22:10:06+00:00,1350.464247598719,2.9673959652608373,0.0,11.300000190734863,2.6001008563435595,161.55865801881143,0.0,359.0,108.13761361609436,2331.0,2025-12-08 22:10:07+00:00,703.2648068669528,-1.0,66.0,3.52,2.83,1.59,,,fishing,fishing,,0.8829705715179443,True,True,nan -> fishing,0.487910704030023,0.0,-0.19999980926513494,-0.05862897356920049,3.6817630353264974,-1.5032821760280939,-456.0,647.1994407317663
9077881a-0dde-4965-bae4-88d12b8db204,93add039-5e7e-43a2-b1b0-fe6cd15ed481,3.1231595179968816,0.0,10.0,2.061727835991081,219.6105723823428,0.0,359.0,111.22881428883828,1956,2025-12-10 00:00:32+00:00,1076.554475703325,2.8817586201639336,0.0,10.0,1.797869227067261,225.48787973837173,0.0,358.8999938964844,108.40272791606012,1831.0,2025-12-09 22:50:11+00:00,1809.51912568306,4221.0,84.0,4.29,4.59,2.27,fishing,fishing,fishing,transiting,0.7899882793426514,0.5919799208641052,True,False,fishing -> transiting,0.24140089783294805,0.0,0.0,0.2638586089238202,-5.877307356028922,2.826086372778164,125.0,-732.9646499797352
acca3094-6d8b-470d-8c08-651e7a26a9d9,2b2c9d12-19a5-4f9c-af39-3d8fb5597ea2,2.6716409393332223,0.0,10.800000190734863,2.4737516133359194,170.9582477556403,0.0,358.8999938964844,95.41004801420178,1749,2025-12-09 16:52:29+00:00,2142.6270022883295,2.407245858842696,0.0,9.800000190734863,2.164649951534564,193.7435830403512,0.0,358.5,100.04257282421312,2705.0,2025-12-10 01:14:04+00:00,671.3265532544378,-30095.0,2.0,0.11,0.07,0.04,fishing,fishing,anchored,moored,0.9592207670211792,0.5988526344299316,True,True,fishing -> moored,0.2643950804905262,0.0,1.0,0.30910166180135557,-22.785335284710925,-4.632524810011347,-956.0,1471.3004490338917
e241b2ac-339a-4c77-9ba7-f56973a91395,a78f68e7-80e0-4210-acfb-d92d7453c8ed,3.262673156679748,0.0,10.600000381469728,2.296916067675469,209.65558953083504,0.1000000014901161,358.8999938964844,98.43745101562082,2671,2025-12-09 11:49:53+00:00,840.0142322097379,3.2550017683652044,0.0,10.600000381469728,2.1597579966931844,214.28633411576192,0.0,358.5,92.47738547665747,2849.0,2025-12-08 18:25:01+00:00,92.77247191011236,62692.0,27.0,1.01,0.95,0.49,transiting,transiting,fishing,fishing,0.811903178691864,0.80695641040802,True,True,transiting -> fishing,0.007671388314543837,0.0,0.0,0.13715807098228483,-4.630744584926873,5.960065538963349,-178.0,747.2417602996255
c77fb5f5-115c-4331-ac07-2053f0d43355,bfbd5e3f-023b-4c47-acd6-623dbdf2c524,4.18805621341627,0.0,11.399999618530272,2.726299480462448,165.31275434733743,0.0,358.79998779296875,105.3078113525154,1281,2025-12-09 20:16:03+00:00,1784.68203125,4.554594983199042,0.0,20.399999618530273,2.823977915180992,156.79262362072967,0.0,358.79998779296875,109.1688732471063,1469.0,2025-12-09 21:41:44+00:00,737.8092643051771,-5141.0,6.0,0.47,0.41,0.22,fishing,fishing,transiting,transiting,0.6552053093910217,0.8712295889854431,True,True,fishing -> transiting,-0.366538769782772,0.0,-9.000000000000002,-0.09767843471854398,8.52013072660776,-3.861061894590904,-188.0,1046.8727669448228
d2284bf4-01d6-4ee4-8caa-e61ce4b1e6ce,fd61f7b9-6811-4157-812f-af2569aa4bac,2.6553133524440984,0.0,9.100000381469728,2.278622890577292,177.17185092351,1.0,357.29998779296875,95.37455833970688,2569,2025-12-09 22:27:47+00:00,755.6503115264798,3.530379141454829,0.0,8.800000190734863,2.839334536280612,154.7091347302972,0.0,358.0,99.27807870459024,2031.0,2025-12-10 01:05:30+00:00,551.9827586206897,-9463.0,97.0,3.78,4.78,2.15,fishing,fishing,transiting,transiting,0.8334572315216064,0.8507038950920105,True,True,fishing -> transiting,-0.8750657890107307,0.0,0.30000019073486506,-0.5607116457033201,22.4627161932128,-3.903520364883363,538.0,203.6675529057901
473f320b-43cc-46b9-928a-d131b2cde92b,3d5717bd-fce5-4aaa-8bda-f462ff1dc5b6,5.901446655823784,0.0,12.399999618530272,4.425181600197536,161.3278158685434,0.0,359.0,90.64605469241124,2212,2025-12-09 17:01:04+00:00,592.5020352781547,1.654853544607202,0.0,10.100000381469728,2.486428868458547,188.5184671413938,0.0,359.0,118.03349664535644,1741.0,2025-12-09 23:00:52+00:00,930.1902298850574,-21588.0,6.0,0.27,0.34,0.15,transiting,transiting,fishing,fishing,0.7057598233222961,0.9412521123886108,True,True,transiting -> fishing,4.246593111216582,0.0,2.2999992370605433,1.9387527317389894,-27.190651272850403,-27.387441952945196,471.0,-337.6881946069027
5c2a0c12-1373-4f4c-811e-5f2980c139bf,54e36031-aab0-4029-8598-d3b27ce1b924,2.8179864373260357,0.0,10.699999809265137,3.129287384002349,163.77120252179992,2.0,359.0,100.97560055090923,884,2025-12-09 09:49:04+00:00,3576.144960362401,3.430186189423771,0.0,11.100000381469728,3.2725119566538647,168.18597461398716,0.0,359.0,99.50406424045248,1504.0,2025-12-09 09:59:43+00:00,1869.5874916833,-639.0,506.0,57.24,33.64,26.89,fishing,fishing,moored,moored,0.7383735775947571,0.8805173635482788,True,True,fishing -> moored,-0.6121997520977351,0.0,-0.4000005722045916,-0.14322457265151556,-4.414772092187235,1.4715363104567558,-620.0,1706.557468679101
a14ff3ef-5c34-48fd-8c59-44f3500cba41,,2.4539562292986545,0.0,9.300000190734863,1.8311659722923943,176.8998311855913,0.2000000029802322,358.8999938964844,102.08549705387745,1188,2025-12-09 09:04:05+00:00,3487.7784330244313,,,,,,,,,,,,,,,,,fishing,fishing,missing,missing,0.8749022483825684,,True,True,fishing -> missing,,,,,,,,
3a5adc14-6a75-44a1-9100-c7b49d96777a,ad9fb784-bb9d-4f62-b3f9-2f11da4ba8c1,4.877658507238395,0.0,11.5,3.683205678335611,154.8656030596829,0.0,358.8999938964844,95.1642462805862,2981,2025-12-09 15:43:31+00:00,229.39261744966444,4.61518618573203,0.0,11.600000381469728,3.8324861407840953,179.40118932474277,0.0,358.79998779296875,101.62955464126176,2364.0,2025-12-09 21:26:04+00:00,343.5556495979687,-20553.0,82.0,2.75,3.47,1.56,fishing,fishing,anchored,transiting,0.7545462846755981,0.7052903175354004,True,True,fishing -> transiting,0.26247232150636446,0.0,-0.10000038146972834,-0.14928046244848447,-24.535586265059862,-6.465308360675564,617.0,-114.16303214830424
4fd98e22-0809-41f6-86b4-44fb5ec2d9ea,5ce5dba1-e141-4e1c-b5e3-b6b531d5459a,1.4120653689772886,0.0,10.800000190734863,2.6115390317956706,167.4236956197683,0.0,359.0,98.69233196074558,2876,2025-12-09 13:34:28+00:00,838.2994782608696,1.4812561700470313,0.0,11.100000381469728,2.579408065474566,120.86615098000917,0.0,359.0,108.5837203237444,3041.0,2025-12-09 14:10:38+00:00,460.0529605263158,-2170.0,186.0,6.47,6.12,3.25,fishing,fishing,transiting,transiting,0.9698381423950196,0.6539558172225952,True,True,fishing -> transiting,-0.06919080106974262,0.0,-0.30000019073486506,0.03213096632110446,46.55754463975913,-9.891388362998825,-165.0,378.2465177345538
df59ce3b-726a-43d7-9a69-f24be0dfd428,,2.143523319382124,0.0,9.800000190734863,2.6044830571348787,180.74713911090535,0.1000000014901161,358.79998779296875,111.8733364009357,965,2025-12-09 19:28:23+00:00,3558.352697095436,,,,,,,,,,,,,,,,,fishing,fishing,missing,missing,0.9792245030403136,,True,True,fishing -> missing,,,,,,,,
848f3042-8d40-4293-8065-46fd6d1f6d59,ca8e6782-9113-4eff-84f0-f125017d8bc8,5.841017485929384,0.0,10.5,2.5813220308070055,175.39952265979687,0.2000000029802322,358.6000061035156,99.07477662240017,2516,2025-12-09 23:58:57+00:00,603.5161033797217,5.901331058386141,0.0,10.5,2.7932651326623885,175.481892865379,0.0,358.79998779296875,100.42406905937648,2930.0,2025-12-09 13:33:27+00:00,363.4445203141004,37530.0,54.0,2.15,1.84,1.0,fishing,fishing,fishing,transiting,0.8150675892829895,0.8655426502227783,True,False,fishing -> transiting,-0.06031357245675739,0.0,0.0,-0.211943101855383,-0.08237020558212294,-1.349292436976313,-414.0,240.07158306562133
da726dd7-3e4c-495e-98a7-690da61641e5,4a4f5245-c3e9-48ba-bb44-e5cad4d1a655,1.2769983144423611,0.0,15.699999809265137,2.9079774852554534,161.10731051221555,0.0,359.0,121.54449331426416,2965,2025-12-09 20:28:35+00:00,919.0384615384615,0.9559327792420108,0.0,16.299999237060547,2.716043210571072,134.21820371714506,0.0,359.0,127.8180308840883,2975.0,2025-12-09 14:50:01+00:00,259.5975117686617,20314.0,45.0,1.52,1.51,0.76,fishing,fishing,moored,moored,0.9832696914672852,0.8983041644096375,True,True,fishing -> moored,0.3210655352003503,0.0,-0.5999994277954102,0.1919342746843813,26.88910679507049,-6.273537569824143,-10.0,659.4409497697998
8b161c10-a3dc-4b43-a96a-5469f066e95d,8f7abcf5-2570-44da-a295-6e575644c328,3.568857428908127,0.0,10.199999809265137,1.938969565685238,181.13219536778743,0.1000000014901161,359.0,101.5730794030732,2967,2025-12-08 09:21:30+00:00,488.93088334457184,3.971621185754601,0.0,9.899999618530272,1.4681365745822506,172.18948522877585,0.2000000029802322,358.79998779296875,95.58636215297528,2967.0,2025-12-07 16:30:41+00:00,180.15542818610925,60649.0,49.0,1.65,1.65,0.83,transiting,transiting,fishing,fishing,0.8375128507614136,0.8522065877914429,True,True,transiting -> fishing,-0.4027637568464737,0.0,0.30000019073486506,0.4708329911029874,8.94271013901158,5.986717250097911,0.0,308.7754551584626
d20e4e2c-0952-47e3-9089-2bdd248e89fb,56e4b6f6-5c20-4a9b-92ed-dda58a33b1b0,4.4422723707138445,0.0,10.399999618530272,2.772288562618201,169.45180883289638,0.0,359.0,110.75838055374,2394,2025-12-09 01:56:39+00:00,1064.5315503552026,5.1371112597441995,0.0,11.0,3.044583336992028,166.41496268176152,0.0,359.0,111.65337838752784,2347.0,2025-12-09 08:57:58+00:00,396.4658994032396,-25279.0,7.0,0.29,0.3,0.15,transiting,transiting,fishing,fishing,0.7758951783180237,0.586211621761322,True,True,transiting -> fishing,-0.694838889030355,0.0,-0.6000003814697283,-0.2722947743738269,3.036846151134853,-0.8949978337878406,47.0,668.0656509519631
