int_subpath_id,prod_subpath_id,int_sog_mean,int_sog_min,int_sog_max,int_sog_std,int_cog_mean,int_cog_min,int_cog_max,int_cog_std,int_num_messages,int_last_timestamp,int_avg_time_gap_seconds,prod_sog_mean,prod_sog_min,prod_sog_max,prod_sog_std,prod_cog_mean,prod_cog_min,prod_cog_max,prod_cog_std,prod_num_messages,prod_last_timestamp,prod_avg_time_gap_seconds,timestamp_diff_seconds,num_overlapping_timestamps,overlap_percentage_of_int,overlap_percentage_of_prod,overlap_percentage_of_union,int_pre_postprocessing_class,int_post_postprocessing_class,prod_pre_postprocessing_class,prod_post_postprocessing_class,int_confidence,prod_confidence,post_outputs_different,pre_outputs_different
1fdd1933-8c69-4f57-94e9-edfb9b4afec2,30b442bc-78e9-42d5-bfcf-b1eadb9d4d3d,3.8331971380493046,0.0,10.100000381469727,2.720033243386675,198.8740373030762,0.10000000149011612,357.8999938964844,93.43565181410678,2937,2025-12-09 02:21:29+00:00,437.58889645776566,4.378135691219548,0.0,10.699999809265137,3.0522011554950077,190.74934400182008,0.30000001192092896,359.0,98.26556955275491,3508.0,2025-12-08 20:17:56+00:00,427.67693185058454,21813.0,122.0,4.15,3.48,1.93,fishing,fishing,fishing,fishing,0.941920280456543,0.8601928949356079,False,False
a137e8fa-4531-492e-b094-4094558a611b,b92d0d65-bab5-46c2-bfe8-947c9ffff5c8,9.207887791534855,0.20000000298023224,11.899999618530273,1.6367399369035267,257.03126477518265,40.900001525878906,285.3999938964844,23.31282700965568,3030,2025-12-06 20:04:10+00:00,455.2664245625619,9.023691219235534,0.10000000149011612,12.699999809265137,2.1746326845529143,245.10695481279186,18.200000762939453,278.3999938964844,33.540500102398056,3381.0,2025-12-06 13:21:48+00:00,216.56834319526627,24142.0,48.0,1.58,1.42,0.75,fishing,fishing,fishing,fishing,0.8954282402992249,0.7941201329231262,False,False
6938b9bf-fd90-4d31-8cab-ca52bc5bae18,,1.4846806150748946,0.0,10.300000190734863,2.6439543982455938,217.99337248231467,0.800000011920929,358.5,91.11841931877001,1769,2025-12-09 04:37:50+00:00,2445.241515837104,,,,,,,,,,,,,,,,,transiting,unknown,missing,missing,0.6416037678718567,,True,True
be9bbdb3-d0ce-4b03-97f1-fd7a4b819b94,586ea77b-60bd-42ae-ae86-130385d0ec5e,2.7384285709368332,0.0,10.300000190734863,3.657151701428971,173.42385679517474,2.0,358.5,93.93658014539561,700,2025-12-09 19:40:47+00:00,3483.9170243204576,5.205941470846471,0.0,10.5,4.3089296279916285,155.03302719537092,0.0,358.70001220703125,93.27592453251494,1195.0,2025-12-09 21:01:45+00:00,1660.8299832495813,-4858.0,8.0,1.14,0.67,0.42,fishing,fishing,fishing,fishing,0.803004801273346,0.8629990816116333,False,False
0b75ea15-d8ac-4ce1-9070-0c2051f88877,27e71fe3-4cdb-4155-85e7-2c4b8cc84220,2.499139706671484,0.0,10.800000190734863,2.104859378723878,182.49133834676024,0.10000000149011612,359.0,112.121255212247,2906,2025-12-09 04:32:30+00:00,38.81480206540448,2.5629767317738517,0.0,10.100000381469727,2.082456944585518,180.68480146356993,0.0,359.0,106.02115164748524,2963.0,2025-12-09 07:26:52+00:00,141.76975016880485,-10462.0,65.0,2.24,2.19,1.12,fishing,fishing,fishing,fishing,0.5788238048553467,0.7931486368179321,False,False
3345cf42-c49e-4206-a994-0779197b292e,acd46f44-4fb9-4a4a-b2c9-ad6c13758e57,3.092324564707253,0.0,8.199999809265137,2.495164654631923,179.85394745163228,0.6000000238418579,358.3999938964844,100.58835164996758,912,2025-12-06 15:20:15+00:00,2259.293084522503,2.039411772726213,0.0,7.800000190734863,1.9349703795696183,169.2108379033766,1.5,358.0,91.21714480918979,850.0,2025-12-06 19:49:32+00:00,1763.208480565371,-16157.0,36.0,3.95,4.24,2.09,fishing,fishing,fishing,moored,0.9639249444007874,0.8279126286506653,True,False
dbbc7fc6-dfbb-47c2-9c59-0aab1423cb2d,8b397258-82ab-40fc-866e-938a45ca8ac6,10.229057103390684,0.0,19.100000381469727,4.547906020446554,185.41475513851097,0.0,359.0,95.61988558056731,1559,2025-12-09 23:14:16+00:00,450.1258023106547,9.122413906190273,0.0,17.700000762939453,5.571376491668768,196.97472590645566,0.10000000149011612,359.0,82.2096095632764,2088.0,2025-12-09 22:15:03+00:00,216.43219932918063,3553.0,47.0,3.01,2.25,1.31,fishing,fishing,transiting,transiting,0.9584668278694153,0.8850665092468262,True,True
fe7c0db0-a906-41c7-bc7c-61dea22147c5,b91013d3-e79b-4b8b-8db7-d029d07504d0,3.2758220502930175,0.0,53.70000076293945,2.1411778123567924,166.40576759671913,0.0,359.0,104.6118555599134,1034,2025-12-09 15:51:38+00:00,2275.119070667957,3.5660208834310225,0.10000000149011612,79.9000015258789,4.851544935924797,145.12811377357102,0.0,359.0,127.27824738940402,1342.0,2025-12-10 01:23:15+00:00,1128.8240119313946,-34297.0,2.0,0.19,0.15,0.08,fishing,fishing,fishing,fishing,0.8744180202484131,0.8853433728218079,False,False
1e17feb5-223a-48ec-a354-9d25032fada3,469874b9-be0e-4fc9-82c0-f7f0274ace73,4.658769638145937,0.0,9.899999618530273,3.1346693339261296,188.45978134420162,0.0,359.0,106.82973386328617,2292,2025-12-09 19:18:47+00:00,469.77389786119596,4.119801304808174,0.0,9.699999809265137,2.7821136080434683,160.3417312232763,0.10000000149011612,359.0,101.09024900251792,2919.0,2025-12-10 01:10:00+00:00,113.32111034955449,-21073.0,31.0,1.35,1.06,0.6,fishing,fishing,fishing,fishing,0.8248019814491272,0.8686659336090088,False,False
a3434383-88d5-4ecc-b30f-bc0c0ef983f9,b3e855b6-8735-4a69-9998-baa114643bca,3.832526523711293,0.0,12.699999809265137,2.343955866472472,178.17221105036762,0.0,359.0,100.47520286550561,3016,2025-12-09 15:55:17+00:00,706.9615257048093,4.0040876646839845,0.0,13.300000190734863,2.538796727019175,181.20765532765577,0.0,359.0,95.53826191459655,3058.0,2025-12-09 19:16:54+00:00,184.66208701341185,-12097.0,15.0,0.5,0.49,0.25,fishing,fishing,fishing,fishing,0.6148237586021423,0.7842704057693481,False,False
aff5e923-7e6e-43a3-87dd-57e366cd596d,332294bb-0ad1-455e-afc8-2cf8aa550854,6.483040332591296,0.10000000149011612,11.0,3.3629064649037943,210.32240362195722,0.0,359.0,118.27436595434494,2901,2025-12-07 13:59:59+00:00,488.0306896551724,5.940615475416129,0.10000000149011612,10.699999809265137,3.4002364598692796,181.60206174093025,0.0,359.0,113.2756263385296,3282.0,2025-12-07 14:16:44+00:00,267.6885096007315,-1005.0,31.0,1.07,0.94,0.5,fishing,fishing,fishing,fishing,0.850944995880127,0.8981152772903442,False,False
7f200f9f-9039-47e5-9a87-9a13e0642108,79154914-2487-41a2-a682-659dcd344a61,2.305867454566222,0.0,10.300000190734863,2.3493627370561057,159.02713068937743,0.0,358.8999938964844,110.0333459379257,2369,2025-12-08 01:34:10+00:00,912.1288006756756,2.2085048641886527,0.0,9.600000381469727,2.2193228426481224,157.72733035084397,0.0,359.0,119.09998131084413,2575.0,2025-12-07 19:47:56+00:00,306.7843822843823,20774.0,66.0,2.79,2.56,1.35,fishing,fishing,fishing,fishing,0.5774534344673157,0.5749766230583191,False,False
bfc6e839-5821-4214-b3d4-508dbf9423a2,6ca28e3d-4ab2-4700-a579-0124de2815cd,3.927457625482042,0.0,12.0,3.2917105226300523,174.66195670372056,0.10000000149011612,358.6000061035156,101.32974772168377,1475,2025-12-06 23:25:08+00:00,1240.9484396200814,4.746445508889047,0.0,12.100000381469727,3.7606053885863324,180.18124340265118,0.10000000149011612,359.0,101.40910708027357,2743.0,2025-12-07 00:04:23+00:00,504.5036469730124,-2355.0,12.0,0.81,0.44,0.29,fishing,fishing,fishing,fishing,0.9117921590805054,0.9167100191116333,False,False
6bf52b47-7482-4fdb-92e5-98f0defd277e,ed8e6060-1284-42aa-9252-5b8e7d61e540,4.576196031268934,0.0,7.800000190734863,2.0206915623135124,189.6718454092184,1.399999976158142,358.8999938964844,100.45898110076227,857,2025-12-09 17:44:34+00:00,1721.3551401869158,4.407001367543666,0.0,8.0,2.0511853362571912,178.08580230603144,0.0,359.0,103.7625177506343,2928.0,2025-12-09 22:49:44+00:00,702.4246668944312,-18310.0,36.0,4.2,1.23,0.96,fishing,fishing,fishing,fishing,0.8648080825805664,0.8852559924125671,False,False
197da145-7910-497e-8293-99c3c12fb1d4,9dc3482e-6681-40ef-b22a-53710612d23c,2.6124999985193975,0.10000000149011612,7.900000095367432,0.8005071893321074,184.56684602823864,0.10000000149011612,358.70001220703125,100.0184068285121,2976,2025-12-09 09:06:34+00:00,433.7458823529412,2.6197390420435265,0.10000000149011612,8.0,0.8544738950617567,182.8574161540692,0.0,359.0,99.99615513940235,2989.0,2025-12-09 06:52:00+00:00,293.90763052208837,8074.0,268.0,9.01,8.97,4.7,fishing,fishing,fishing,fishing,0.770499587059021,0.7504264712333679,False,False
c16339b5-f796-4900-af34-5996fca469fe,28f9d8a0-ece3-4f90-89ce-684836851812,2.933961059366633,0.0,9.5,1.7148408070685817,126.36426250952223,0.0,359.0,100.81445329769124,3133,2025-12-06 16:21:08+00:00,457.41347381864625,3.057617313179172,0.0,9.5,2.0926027996592027,120.4742253156355,0.0,359.0,100.92424001973394,3282.0,2025-12-06 11:46:05+00:00,182.6424870466321,16503.0,60.0,1.92,1.83,0.94,fishing,fishing,fishing,fishing,0.9201798439025879,0.8890255689620972,False,False
b7a8c9c7-f9c0-4727-9dfc-71524805a1a1,167fb83a-93a9-4bbd-a4a4-85e748bf1975,2.6960710975906914,0.0,9.399999618530273,2.5085205324227187,162.839122131236,0.0,359.0,103.85941089436149,2138,2025-12-07 17:55:45+00:00,1201.2643893308377,2.2104278104685706,0.0,7.800000190734863,2.3240831283420764,142.0940214141128,0.0,359.0,114.48294003301272,2618.0,2025-12-07 14:31:43+00:00,797.6557126480703,12242.0,306.0,14.31,11.69,6.88,fishing,fishing,fishing,fishing,0.7677564024925232,0.6801514029502869,False,False
cb6e2551-8b68-4f8e-b180-4a79bda8786a,89ac04a9-3335-4f0a-8647-33ec4aa3ee4f,3.5997289122741574,0.0,11.600000381469727,2.0471046010543175,172.8472259354998,0.4000000059604645,358.29998779296875,90.63379538122875,2951,2025-12-09 12:43:08+00:00,791.4518644067797,2.9010064139560017,0.0,11.399999618530273,1.5211728898387045,157.44803222805442,0.699999988079071,358.6000061035156,95.61909032158923,2186.0,2025-12-09 07:37:18+00:00,967.9254004576659,18350.0,150.0,5.08,6.86,3.01,fishing,fishing,fishing,fishing,0.811481237411499,0.5973659157752991,False,False
b1d527c6-00e7-4a0a-aa5d-1c6e0b085966,c576e9ee-5918-48f3-9ecc-dad0b1f93336,2.9798234076195995,0.0,9.600000381469727,1.8163869374129429,156.44931985727493,0.0,358.6000061035156,95.99987114668471,2265,2025-12-10 00:34:29+00:00,1099.5384275618374,2.898358656045326,0.0,9.600000381469727,1.8475690300745837,144.83439496068644,0.0,358.70001220703125,100.30816843593638,2437.0,2025-12-09 23:17:06+00:00,935.1703612479474,4643.0,269.0,11.88,11.04,6.07,fishing,fishing,fishing,fishing,0.6308214068412781,0.7166389226913452,False,False
f8af8d4a-f7f7-410d-ae66-de8d349e3b8a,c9c1add1-dba7-45a9-b3e8-90a069ff3909,1.5205967727102188,0.0,10.800000190734863,2.533986759503743,121.61770595248451,0.0,359.0,130.725289516726,2413,2025-12-08 20:59:49+00:00,1391.3880597014925,1.549790654050684,0.0,11.0,2.587308597926838,108.70741794769313,0.0,358.8999938964844,128.8295997842403,2866.0,2025-12-08 16:37:02+00:00,927.0275741710296,15767.0,93.0,3.85,3.24,1.79,transiting,transiting,fishing,fishing,0.5826850533485413,0.824230432510376,True,True
051a087c-b8c1-43d9-b723-0f6a10592b96,1c8b8f78-b8f0-4f6d-bd4a-9718cc190d77,3.091058702437484,0.0,8.800000190734863,1.9646246191624837,174.08967589520282,1.2000000476837158,359.0,94.12090256842654,1823,2025-12-08 20:12:18+00:00,746.5570801317234,2.3960658140208717,0.0,7.599999904632568,1.3723016111558246,170.75164662446073,0.0,357.79998779296875,92.54083958032312,2796.0,2025-12-09 14:25:00+00:00,389.7309481216458,-65562.0,187.0,10.26,6.69,4.22,fishing,fishing,fishing,fishing,0.5022534728050232,0.6525702476501465,False,False
22b5ac4b-8ba9-4674-b86c-9734980b8010,2a0fa46b-19ef-48d4-898f-42bea7f4f013,5.4398480319603175,0.0,14.100000381469727,3.780598049104689,166.33074295083037,0.0,359.0,100.85198018526475,2369,2025-12-08 08:11:01+00:00,787.3146114864865,3.7889827635666733,0.0,10.899999618530273,2.5014857544103632,170.2856175972927,0.0,359.0,105.48016229298953,2959.0,2025-12-08 22:05:30+00:00,86.91210277214334,-50069.0,21.0,0.89,0.71,0.4,fishing,fishing,fishing,fishing,0.8457179069519043,0.8808793425559998,False,False
e65b29b7-7fb5-4e28-8a1a-05f3ee215bb9,28c7b527-5e26-4b4e-9795-3f37d4143faf,2.0271143243128424,0.0,10.800000190734863,2.419305691078369,187.15422216873546,0.0,359.0,113.50113138671998,2353,2025-12-06 20:51:26+00:00,878.718537414966,2.318603774088985,0.0,11.100000381469727,2.1813315138162115,175.72084995327566,0.0,358.8999938964844,114.30549473925632,2607.0,2025-12-06 22:39:08+00:00,243.40099769762088,-6462.0,55.0,2.34,2.11,1.12,fishing,fishing,transiting,transiting,0.5003198981285095,0.9187288284301758,True,True
0d3a20ae-1082-440c-b623-7b224b90c687,2a750fe2-4068-4db1-8950-bd0c49b2d0b1,5.890951573734782,0.4000000059604645,14.5,3.618627571111437,183.7857080456005,0.0,359.0,121.58860656092169,2354,2025-12-06 14:07:17+00:00,375.2609434764131,5.3613439590812435,0.0,13.699999809265137,3.270617538582893,197.99526156235333,0.0,359.0,138.42630614865251,2887.0,2025-12-06 10:36:57+00:00,138.1916146916147,12620.0,141.0,5.99,4.88,2.76,fishing,fishing,fishing,fishing,0.8015959858894348,0.8627041578292847,False,False
6ec61892-bfca-4b5a-9173-1021def4249c,ccf972a7-d91f-4afa-96c6-e67cbab54637,5.169230767325852,0.0,12.800000190734863,4.404620921481417,175.62984685123374,0.0,359.0,100.83579920658973,2353,2025-12-08 09:08:54+00:00,103.1764455782313,4.060813328695385,0.0,12.800000190734863,4.407383444935642,180.05203740883758,0.0,358.79998779296875,96.39008585782457,2164.0,2025-12-08 19:04:33+00:00,761.7471104946833,-35739.0,14.0,0.59,0.65,0.31,fishing,fishing,fishing,moored,0.9109222888946533,0.9088781476020813,True,False
298cd9ca-0ae5-4f2f-9afb-772d63a1f66e,06c034bd-bd91-4e98-ac6e-dd3fe6774751,4.0697002770506066,0.0,11.100000381469727,3.80026080713006,169.45398889607418,0.0,359.0,90.47458733840351,1835,2025-12-09 22:48:53+00:00,742.1962922573609,2.62458546379099,0.0,11.600000381469727,3.0676819253471352,177.0122669726223,0.6000000238418579,358.70001220703125,95.47660374429893,1387.0,2025-12-09 22:03:26+00:00,1438.0007215007215,2727.0,5.0,0.27,0.36,0.16,fishing,fishing,fishing,moored,0.8256563544273376,0.6135194301605225,True,False
49ac9326-33ec-40a1-ac64-d2fc171706b5,32e6398a-6fa5-4b21-8761-b000c17b48a2,5.9211447165630435,0.0,102.30000305175781,11.483832781271294,207.82686344144258,0.0,358.8999938964844,94.69250050490973,2516,2025-12-10 00:25:04+00:00,991.4445328031809,5.1492464958478745,0.0,102.30000305175781,6.557665180114266,201.69089425087427,0.0,359.0,94.52369326954049,2256.0,2025-12-10 00:38:01+00:00,1053.4678492239468,-777.0,355.0,14.11,15.74,8.04,,,transiting,transiting,,0.5290108323097229,True,True
8dba3c6d-97ab-4cc4-b2ef-3a7ebdde9c12,e43a43e2-d194-47b9-868d-09e238357e2e,4.300068678280625,0.0,12.5,3.976374748224691,181.83530625616342,0.0,358.79998779296875,95.75735860431655,2912,2025-12-09 01:05:35+00:00,243.3215389900378,2.975983799867045,0.0,11.899999618530273,3.483705048286049,173.24920768591022,0.0,359.0,107.24819317124381,2465.0,2025-12-10 00:59:03+00:00,620.4561688311688,-86008.0,21.0,0.72,0.85,0.39,fishing,fishing,moored,moored,0.6224360466003418,0.9628339409828186,True,True
2d7511be-c77a-4044-b0d7-513ce6b30c99,e49ac46d-7acd-49ff-887b-c02247ee1bda,2.56616231682294,0.10000000149011612,8.699999809265137,0.8488058703116976,182.86529063969328,0.5,358.79998779296875,96.38345276618897,2908,2025-12-08 06:11:51+00:00,480.406260749914,2.568837523387605,0.0,8.100000381469727,0.9004102861954506,187.09514677000357,1.899999976158142,356.0,95.36427374497116,3071.0,2025-12-08 12:35:09+00:00,241.36579804560262,-22998.0,225.0,7.74,7.33,3.91,fishing,fishing,fishing,fishing,0.8181129693984985,0.7834768295288086,False,False
1148874e-1a9d-4644-b487-5d9b983a1514,74dabb31-d886-4ca5-acaf-f7dd63c525d1,1.596523238805711,0.0,9.899999618530273,1.8585717255706125,196.75336115392776,0.10000000149011612,358.70001220703125,105.37483988963982,2905,2025-12-07 05:34:43+00:00,466.62396694214874,1.808802221758657,0.0,9.300000190734863,2.016419622455247,192.68832839537666,0.4000000059604645,358.70001220703125,97.83360768790818,2897.0,2025-12-07 04:41:14+00:00,142.63812154696132,3209.0,28.0,0.96,0.97,0.48,fishing,fishing,fishing,fishing,0.8365378975868225,0.8820932507514954,False,False
c9eb3523-04ab-4c6f-b0fe-5b97be64edf1,d31fd6d7-32cb-405a-a6c3-874a7ad366fd,3.234563861016753,0.0,11.100000381469727,2.4722990046857363,199.6372891995779,0.0,359.0,106.93230294607935,3359,2025-12-08 23:35:41+00:00,689.5297796307326,3.638161392214772,0.0,10.600000381469727,2.9051106846591135,192.39975840962768,0.0,359.0,105.97644498799664,3024.0,2025-12-09 06:25:47+00:00,549.5987429705591,-24606.0,110.0,3.27,3.64,1.75,fishing,fishing,fishing,transiting,0.936253547668457,0.6720858812332153,True,False
578d5084-49db-4a42-b908-93f1a275ed09,ad05e966-2a01-4559-b53a-0971999aa77d,3.3636254610455767,0.0,85.0,5.317447766734637,171.1315150028106,0.0,359.0,111.24988281012348,833,2025-12-09 08:42:38+00:00,1934.8461538461538,3.1687111305859355,0.0,85.0999984741211,2.991940306618593,180.7349431961908,0.0,359.0,121.31844574179462,1125.0,2025-12-09 06:10:30+00:00,1332.1476868327402,9128.0,2.0,0.24,0.18,0.1,fishing,fishing,fishing,fishing,0.8418697118759155,0.9199317097663879,False,False
e03417e2-5021-4d1b-aeef-d89b38b29bd7,b95b8fc4-6449-477d-a06f-947f895f64e1,2.889566997327152,0.0,12.199999809265137,3.8023311151206447,180.44478158138458,0.5,359.0,86.74033311563606,2933,2025-12-08 14:54:42+00:00,122.2731923601637,1.247191406652104,0.0,102.30000305175781,2.7107632210998123,201.27585846295258,2.299999952316284,356.3999938964844,61.34284614553918,2884.0,2025-12-08 18:31:33+00:00,31.244536940686785,-13011.0,45.0,1.53,1.56,0.78,fishing,fishing,fishing,moored,0.8774866461753845,0.9004986882209778,True,False
04557d7b-32e1-4997-83a7-8f1402d6c2dd,6075233e-84b7-4c89-9eb3-0704c77ec9ac,3.5704545601113855,0.0,10.199999809265137,2.113696084562516,173.5078437162283,0.0,358.79998779296875,116.09450844727083,616,2025-12-09 10:21:36+00:00,5158.2,2.91411890390857,0.0,10.899999618530273,2.4213013304696376,148.29639464198533,0.0,359.0,120.63332328066694,1884.0,2025-12-09 14:40:07+00:00,862.2193308550186,-15511.0,3.0,0.49,0.16,0.12,fishing,fishing,transiting,transiting,0.7848565578460693,0.8587931394577026,True,True
57250bd6-6f18-49a2-b576-02aa906405ce,51d65031-2ebd-42a9-b204-c4f59f999759,4.339668661112534,0.0,12.600000381469727,3.0799342148482123,151.35688611269958,0.20000000298023224,357.8999938964844,91.02199670700762,2173,2025-12-07 20:03:45+00:00,653.1247697974218,3.9843247006168268,0.10000000149011612,12.800000190734863,2.6876477418406437,203.27964960883148,0.20000000298023224,358.79998779296875,94.67794803450495,2858.0,2025-12-07 20:54:50+00:00,84.70668533426671,-3065.0,9.0,0.41,0.31,0.18,transiting,transiting,fishing,fishing,0.8650299310684204,0.8827921748161316,True,True
7e85deb7-6fac-49d0-b8bf-ce8fdd227ced,a67d4412-c4b7-4502-ac14-a82e069d9a49,4.51367202343271,0.4000000059604645,10.399999618530273,2.6184438138048653,182.12823017228018,0.0,359.0,84.50694731093552,2677,2025-12-07 19:02:18+00:00,500.4674887892377,5.770173654787224,0.4000000059604645,10.399999618530273,2.6311542240373345,164.946698333678,0.0,359.0,102.19858032688782,2937.0,2025-12-08 05:14:36+00:00,161.53303814713897,-36738.0,25.0,0.93,0.85,0.45,fishing,transiting,fishing,fishing,0.8867956399917603,0.862496018409729,True,False
ed141fb2-ffd6-4d5d-b161-b103b6eb7f65,8fc5db4b-1aae-4ccf-bb41-92eedda6071b,3.7013988411699046,0.0,10.5,1.7918553189644824,201.08845557956883,0.0,359.0,97.25453155403517,2931,2025-12-09 11:59:51+00:00,1470.6539249146758,3.539766423652846,0.0,10.5,1.851857164024217,191.8621533353965,0.0,357.6000061035156,95.56683381128802,1798.0,2025-12-09 03:16:38+00:00,2682.395659432387,31393.0,787.0,26.85,43.77,19.96,fishing,fishing,fishing,fishing,0.7643291354179382,0.8133758902549744,False,False
314e599d-5a45-47b9-8e5a-d7b41561e789,bea392b2-e568-44d9-bb48-dbaa125fff6b,4.078593272453784,0.0,11.0,2.553513886742185,182.90722143092063,0.0,359.0,112.83137862512345,2289,2025-12-09 23:23:08+00:00,869.1608391608391,3.8500000125335774,0.0,10.0,2.3908268599863938,185.49777024186182,0.0,359.0,113.02750738183488,2926.0,2025-12-09 23:46:36+00:00,559.0023931623932,-1408.0,75.0,3.28,2.56,1.46,fishing,fishing,transiting,transiting,0.9292716979980469,0.6642444133758545,True,True
706c5eed-8419-42da-9468-69ba821d385b,,2.043713602103081,0.0,12.800000190734863,3.20171636330972,172.12067894084925,0.10000000149011612,359.0,101.7344410306241,2919,2025-12-09 14:31:52+00:00,265.54112405757365,,,,,,,,,,,,,,,,,transiting,transiting,missing,missing,0.9373242855072021,,True,True
43c01c8c-0626-4ab8-9e20-cb67b10da412,1c1b0c00-2923-44ba-9329-568f1db696c9,9.423582923420666,0.699999988079071,11.899999618530273,1.838092109522635,130.2811056957994,0.30000001192092896,341.1000061035156,30.84020835215089,2858,2025-12-07 22:14:26+00:00,383.4599229961498,9.181946993228287,0.6000000238418579,10.899999618530273,1.9498497458999378,134.28692875658137,33.0,340.6000061035156,24.90566783830112,4376.0,2025-12-07 22:15:45+00:00,159.62765714285715,-79.0,66.0,2.31,1.51,0.92,fishing,fishing,fishing,fishing,0.8924257755279541,0.8844410181045532,False,False
949bc9ed-6c0c-45bd-a28c-2ee9281107f0,fad8c24e-4b9b-403c-a36e-c173786d2049,3.1113963638693,0.0,10.0,2.49073125833166,176.55258845726047,0.0,359.0,105.91539562065088,1597,2025-12-08 05:37:36+00:00,1383.4812030075188,3.18280444962842,0.0,10.699999809265137,1.6616691242103654,165.7720887936291,0.0,359.0,115.27031280232295,1355.0,2025-12-08 08:12:26+00:00,400.692023633678,-9290.0,7.0,0.44,0.52,0.24,fishing,fishing,fishing,fishing,0.7376490235328674,0.9345030784606934,False,False
ef044a0a-3eca-411a-9ba6-ac37b7004d61,3bf138cf-7ca2-497c-9039-30eff587e412,6.23796160479504,0.0,12.399999618530273,4.331943139823195,219.88934900298625,0.6000000238418579,358.6000061035156,102.33348710219614,677,2025-12-09 18:18:09+00:00,2187.346153846154,6.785967907512521,0.0,12.399999618530273,4.132614401788859,212.48095069703342,0.0,359.0,103.98760685257824,2929.0,2025-12-10 00:53:58+00:00,465.5443989071038,-23749.0,8.0,1.18,0.27,0.22,fishing,fishing,fishing,fishing,0.831913411617279,0.8772062659263611,False,False
2491e4e2-11c4-4f6e-b5d0-0c96e6a1040d,410d6821-2c82-40f4-ae5b-5264e25ed1f2,5.036753510965971,0.0,15.300000190734863,4.7189664754328495,147.85575621318395,0.0,358.29998779296875,95.85963918276649,2495,2025-12-09 14:52:52+00:00,138.36688051323176,5.077359526693694,0.0,16.200000762939453,4.622632813978468,171.6529452509842,0.0,358.20001220703125,101.06913141676976,1886.0,2025-12-09 14:49:31+00:00,801.9527851458886,201.0,6.0,0.24,0.32,0.14,fishing,fishing,fishing,fishing,0.601645827293396,0.7387263178825378,False,False
109936a9-a8aa-4488-b1f5-7bcee4204586,40375a15-11fa-4fec-b4cd-7add76a4b404,3.2176883423724463,0.0,11.300000190734863,3.383751053027337,173.38754694851437,0.0,358.8999938964844,105.05060053330077,2137,2025-12-09 21:40:19+00:00,576.8558052434457,3.5045591640728775,0.0,11.300000190734863,3.363353695743928,172.3063699692985,0.10000000149011612,358.79998779296875,103.53797441735074,2325.0,2025-12-09 18:11:52+00:00,447.6755593803787,12507.0,83.0,3.88,3.57,1.9,moored,unknown,fishing,fishing,0.9463704824447632,0.8654831647872925,True,True
207ea026-2302-4f89-979b-a4479d045a5a,7c27e993-37bc-4b2f-a11e-4aa5a8c6d2d3,5.52787049507874,0.0,13.100000381469727,4.357098587166837,168.82953176399735,0.0,358.5,97.29968152647872,2996,2025-12-07 02:54:24+00:00,141.2888146911519,6.355795742954861,0.0,13.5,4.278924153018384,171.1326996250297,0.0,358.29998779296875,94.52312915713695,1527.0,2025-12-07 08:14:34+00:00,1446.2686762778505,-19210.0,17.0,0.57,1.11,0.38,fishing,fishing,fishing,transiting,0.8312633633613586,0.5595541000366211,True,False
dd5b0f96-5cc4-4be4-83e7-688a8fb19b3b,1431fd48-0158-4afd-a39a-918a7f4a431d,1.1872708764374864,0.0,9.899999618530273,2.2785090835904858,186.63621320768573,0.20000000298023224,359.0,114.90973436053235,2946,2025-12-07 10:12:57+00:00,285.2706281833616,2.305273712929761,0.0,9.800000190734863,2.6766695657031545,141.90839875204446,0.0,359.0,125.30876782991582,2996.0,2025-12-07 06:10:40+00:00,268.83439065108513,14537.0,44.0,1.49,1.47,0.75,transiting,transiting,fishing,fishing,0.5251574516296387,0.8942411541938782,True,True
85458422-9a36-4662-b664-098cdd1f7c55,,7.000000002700451,0.0,11.899999618530273,3.5395280485114147,166.5771507695471,0.0,359.0,109.55951680890976,1454,2025-12-09 12:21:25+00:00,1970.0633172746043,,,,,,,,,,,,,,,,,fishing,fishing,missing,missing,0.8945354223251343,,True,True
2a839efa-76d0-4054-a9a5-1cc71a4cbb01,3960ca3c-8817-4d89-8b2f-d67607526a82,4.864404895849468,0.0,12.600000381469727,3.5823099936555516,166.87905008512112,1.399999976158142,358.79998779296875,100.88211252572661,1798,2025-12-06 22:22:13+00:00,909.5948803561491,4.062504385127933,0.20000000298023224,11.600000381469727,3.0040873818551184,153.74249817492256,0.4000000059604645,358.8999938964844,98.29682467508665,2851.0,2025-12-07 00:43:19+00:00,110.9119298245614,-8466.0,15.0,0.83,0.53,0.32,fishing,fishing,fishing,fishing,0.8545975089073181,0.9835002422332764,False,False
5b486709-af9e-4b97-85af-50fccaacf100,,5.5558874032447685,0.0,12.600000381469727,4.0026708761305425,158.85263340253633,0.30000001192092896,358.8999938964844,103.1256297927879,2913,2025-12-08 05:34:57+00:00,489.42960164835165,,,,,,,,,,,,,,,,,fishing,fishing,missing,missing,0.9820047616958618,,True,True
7c7c6ee8-d29b-41d1-b3ab-92bdd252b279,248b2315-b7eb-4dbb-9ce1-83e13da83cb6,2.9780942738642326,0.0,11.399999618530273,3.2106296571591284,187.14307082765583,0.10000000149011612,359.0,100.46994678333454,2949,2025-12-08 04:46:25+00:00,70.62279511533242,2.249903382472514,0.0,10.199999809265137,2.900033748954441,180.38410640246627,0.0,359.0,103.63377253039023,2070.0,2025-12-09 04:23:14+00:00,1160.9207346544224,-85009.0,11.0,0.37,0.53,0.22,fishing,fishing,transiting,transiting,0.5784693360328674,0.8528122305870056,True,True
185f3fe3-8665-4a33-8aeb-d9698b106e4c,4cb58d03-3afb-4691-930d-78851644bde6,3.304570579546771,0.0,9.899999618530273,3.071722921759814,151.6064679746085,0.0,358.6000061035156,93.15811733682959,1991,2025-12-08 08:29:20+00:00,1203.8949748743719,3.5422616252772934,0.0,9.899999618530273,3.1390293992660796,171.3676527570085,0.0,358.29998779296875,105.60816332587751,2087.0,2025-12-08 13:10:07+00:00,1098.378715244487,-16847.0,60.0,3.01,2.87,1.49,fishing,fishing,fishing,fishing,0.6370612382888794,0.8224737644195557,False,False
d780480f-1cb1-4da1-8994-c43fdf9c52ef,7cf4203d-e042-4553-8469-a8b11634385a,5.153080413729378,0.0,11.699999809265137,3.0637763328406695,188.32869270105877,0.4000000059604645,359.0,103.06879912668799,2873,2025-12-07 17:07:02+00:00,458.55640668523677,7.289688988754361,0.0,11.600000381469727,2.790107383450037,157.4621494159025,0.4000000059604645,351.1000061035156,118.84324428189383,2958.0,2025-12-07 18:15:48+00:00,348.2035847142374,-4126.0,39.0,1.36,1.32,0.67,fishing,fishing,fishing,fishing,0.7980386018753052,0.717792272567749,False,False
a2778d80-955d-4f53-b5e4-2eaea96c6fe8,8d2419e4-96dd-4f81-9f91-c2b75a81d206,4.0186925440288475,0.0,8.600000381469727,2.2437394688305483,215.1713407626919,0.0,358.70001220703125,96.20679638389504,1958,2025-12-07 10:43:32+00:00,757.4338272866632,4.025090912594036,0.0,10.100000381469727,2.258575189914461,215.24448535320371,0.0,358.3999938964844,95.46308491673052,2200.0,2025-12-07 11:47:04+00:00,592.0554797635289,-3812.0,186.0,9.5,8.45,4.68,fishing,fishing,fishing,fishing,0.8205230236053467,0.8284633159637451,False,False
b161a768-73eb-495c-86bf-1685c2618ac9,53628f9e-cc06-47c3-ac48-38122fb0b753,2.1142328468503613,0.0,10.300000190734863,3.0569776094522187,158.04639005051692,0.0,358.8999938964844,92.6659963773846,2972,2025-12-06 23:49:04+00:00,201.79165264220802,2.835812914059526,0.0,11.600000381469727,3.0000918200648656,175.4929470542847,0.10000000149011612,359.0,118.72835632617577,1304.0,2025-12-06 22:38:51+00:00,1578.0353031465847,4213.0,5.0,0.17,0.38,0.12,fishing,fishing,fishing,moored,0.8965011835098267,0.7360693216323853,True,False
3219e83b-5cdd-4111-abbd-68e120c598af,f91fee68-7b28-47e3-b29b-49c3311781a6,4.105368107180197,0.0,10.399999618530273,3.158124444805745,167.26474282740617,0.0,359.0,112.60132597749966,652,2025-12-09 13:30:13+00:00,2623.8064516129034,3.3943571018315266,0.0,10.300000190734863,3.0606456225907563,167.61992461810348,0.0,359.0,113.10073273452447,1081.0,2025-12-09 17:08:36+00:00,2304.3611111111113,-13103.0,2.0,0.31,0.19,0.12,fishing,fishing,fishing,fishing,0.9601439833641052,0.7868695259094238,False,False
3bf241a3-4cf9-4a50-b087-e8ebdc660ac9,096d3177-0f55-43f0-a1c8-2cbc8dfe3173,4.052257834244436,0.0,14.100000381469727,3.7780325832921595,227.75476017494927,0.0,359.0,113.90026349314142,2901,2025-12-08 19:29:18+00:00,499.34758620689655,4.803114058928235,0.0,14.199999809265137,3.6128713587735666,238.89398876694327,0.0,359.0,112.75207659263145,2858.0,2025-12-08 16:30:01+00:00,331.52922646132305,10757.0,38.0,1.31,1.33,0.66,fishing,fishing,fishing,fishing,0.961164116859436,0.8132590651512146,False,False
a3d438e7-7512-4a7c-80b1-54e095c3ba2e,d3cd251a-4019-4b5a-9789-557fa31a56a3,2.8439525725813253,0.0,9.699999809265137,3.266648718824026,155.33898184379726,0.0,358.70001220703125,119.67757093006482,1265,2025-12-08 01:23:57+00:00,1789.506329113924,2.574103242648425,0.0,9.600000381469727,3.0637791498701024,154.74659959997405,0.0,358.8999938964844,111.690389554202,2286.0,2025-12-08 03:21:59+00:00,348.67089715536105,-7082.0,100.0,7.91,4.37,2.9,fishing,fishing,fishing,fishing,0.7779546976089478,0.8442189693450928,False,False
02d38a67-da84-4c71-8d78-63efea3be72d,df0c3ff1-98e8-46d0-abf9-fb66a67b0cd9,1.721774641973984,0.0,11.199999809265137,3.4684360402678887,156.65746983603017,0.5,359.0,108.55618046324523,1837,2025-12-09 19:16:16+00:00,936.3322440087146,1.5858221836247437,0.0,11.199999809265137,3.4093442141014614,179.4962466327222,0.20000000298023224,359.0,106.41301855218971,2913.0,2025-12-09 17:14:58+00:00,416.06490384615387,7278.0,38.0,2.07,1.3,0.81,fishing,fishing,fishing,fishing,0.8917354345321655,0.8115153312683105,False,False
194fcddc-baae-4e93-a86e-0fc95c0f6709,301fe161-29f5-4bcb-8eaf-87bd76bf5db9,5.705130866110407,0.0,10.0,2.3951203184448837,184.77696044575023,0.0,359.0,83.30691707275436,2904,2025-12-06 18:23:15+00:00,479.4037202893558,6.242507789215276,0.0,9.100000381469727,2.0215275930187757,203.2068375862043,0.0,359.0,80.65828583278207,4825.0,2025-12-06 22:27:02+00:00,169.325456053068,-14627.0,57.0,1.96,1.18,0.74,fishing,fishing,fishing,fishing,0.8473097681999207,0.8898655772209167,False,False
54ed96ea-2e36-41b4-8320-9657b577fe2a,47bbd130-2d01-4fc6-9128-8dede3ec1d74,2.549423075667941,0.0,9.199999809265137,1.8809355978829612,173.2574753463413,0.0,358.79998779296875,106.60227862573319,520,2025-12-09 19:30:31+00:00,3835.2235067437377,3.0761740639939577,0.0,9.5,1.874881819557977,178.90983590276247,0.0,358.70001220703125,105.412182629239,1448.0,2025-12-09 22:08:57+00:00,1855.338631651693,-9506.0,2.0,0.38,0.14,0.1,fishing,fishing,fishing,fishing,0.902061402797699,0.8630767464637756,False,False
b2c9a16b-6b84-4274-8593-8c6385d5867c,5c5a6128-bb82-46f9-a602-910b407aaa4d,2.2293490688792117,0.10000000149011612,9.300000190734863,3.179836758067151,208.32138292217996,0.20000000298023224,358.5,99.29442463347539,1782,2025-12-09 20:19:30+00:00,904.8764738910725,1.9411381721767327,0.0,9.100000381469727,3.1085077193350408,198.57569653928084,0.0,358.8999938964844,101.05021432135649,2917.0,2025-12-09 22:46:28+00:00,382.06515775034296,-8818.0,33.0,1.85,1.13,0.71,fishing,fishing,fishing,fishing,0.8925076723098755,0.8329727053642273,False,False
15d64432-ad2d-4bb2-aa9a-517571d264f7,d36cf455-8b65-4a1b-a222-08f052444f9a,2.6900906415054084,0.0,10.100000381469727,2.692431681453394,185.5045240132917,0.0,359.0,107.28619536391173,1655,2025-12-08 15:56:12+00:00,1397.842200725514,2.6483340420530737,0.0,9.399999618530273,2.653900853582659,182.3942590274143,0.0,359.0,107.719766067455,2431.0,2025-12-08 15:55:47+00:00,365.66460905349794,25.0,6.0,0.36,0.25,0.15,fishing,fishing,fishing,fishing,0.6953589916229248,0.8089138269424438,False,False
e6156331-5bbd-4d4f-a8b0-ee4ac4ac71a9,5525ef95-5b3e-44c5-8652-1fed912ab1a6,1.46535067500082,0.0,11.5,2.606539813328258,234.7960002688197,0.30000001192092896,357.79998779296875,85.77886072868836,2153,2025-12-07 11:06:22+00:00,580.8136617100372,2.2547571891244975,0.0,9.0,2.8411017031412396,238.42908857362593,5.5,356.79998779296875,86.7746255801469,2018.0,2025-12-07 11:05:10+00:00,334.79127416955873,72.0,24.0,1.11,1.19,0.58,fishing,unknown,fishing,fishing,0.6952369213104248,0.9881569743156433,True,False
a4f5f418-82c7-45bf-888c-5187bd42306f,8b02834c-67e7-498f-ab72-ba1c46d8194b,3.5386421625113047,0.0,10.0,2.963530869077822,179.7329574334681,0.10000000149011612,359.0,106.75575012609734,1959,2025-12-09 10:52:57+00:00,224.14096016343208,3.8781183690892074,0.0,63.0,3.363805223336997,173.92701697746722,0.0,358.5,103.38736609376467,2349.0,2025-12-09 08:21:36+00:00,184.15289608177173,9081.0,180.0,9.19,7.66,4.36,fishing,fishing,fishing,fishing,0.8815765976905823,0.9353460669517517,False,False
2a7e40c8-bbb8-474b-8af9-7b3428409fcf,a04eb5c8-5e79-4343-bd38-53f7701d4428,6.652865321794391,0.0,102.30000305175781,5.611938059234874,156.3380710693094,0.0,359.0,107.42133994094138,1396,2025-12-08 18:25:42+00:00,1393.8035842293907,5.9523212415652536,1.0,13.300000190734863,3.272005642365866,174.82722335369994,0.0,359.0,111.4715409129614,2951.0,2025-12-08 10:16:33+00:00,107.86813559322034,29349.0,11.0,0.79,0.37,0.25,fishing,fishing,fishing,fishing,0.720038890838623,0.7984952926635742,False,False
971d0478-adad-4825-a4ef-482a947851ca,273117e8-cfa3-45b2-bb01-17985b40d893,3.4266446285430066,0.0,10.899999618530273,3.139528258417963,181.03557685074404,0.0,359.0,103.35436583806116,3025,2025-12-06 23:14:30+00:00,252.09821428571428,2.442320110390381,0.0,9.600000381469727,3.0097391703747878,185.66943082511744,0.0,358.70001220703125,98.99089943832416,931.0,2025-12-07 02:35:50+00:00,2992.1731182795697,-12080.0,0.0,0.0,0.0,0.0,fishing,fishing,transiting,transiting,0.7622071504592896,0.8911930918693542,True,True
14088a77-8c50-4177-9b5e-587140ae158b,5c2667f1-178b-4d17-b94d-d0dc7da91e27,3.095270499863382,0.0,11.300000190734863,2.681205816986357,168.9855974470733,0.0,359.0,96.65970790331947,2939,2025-12-07 04:19:01+00:00,39.040844111640574,2.5136543231139337,0.0,10.800000190734863,2.6622772816935494,171.43727211361633,0.0,359.0,104.31171396227187,1267.0,2025-12-07 04:47:06+00:00,2127.635860979463,-1685.0,1.0,0.03,0.08,0.02,fishing,fishing,fishing,transiting,0.73786860704422,0.6552044153213501,True,False
027e99a4-2070-42fa-871f-e6c602dbcd2c,1b97b167-b5ae-4e48-b8fd-f9335dea62fd,4.269083788349224,0.0,11.699999809265137,4.087588770610709,173.1823845617473,0.0,358.70001220703125,104.70627456413702,2041,2025-12-09 02:43:27+00:00,158.20343137254903,3.3719940563695836,0.0,12.100000381469727,4.146551163671483,169.24460357470045,0.0,358.6000061035156,100.13215793485575,1339.0,2025-12-09 09:09:29+00:00,3132.2675635276532,-23162.0,9.0,0.44,0.67,0.27,fishing,fishing,moored,moored,0.9306091666221619,0.927778422832489,True,True
03978379-8802-4e65-a6fc-4a9edbc04977,b4685f06-c5dc-4003-99c5-642dc2dd3d71,5.868711864241099,0.5,11.300000190734863,3.6745863183975835,180.96109763547958,0.0,359.0,106.64487293575445,2950,2025-12-07 23:59:42+00:00,234.0556120718888,7.805308236345036,0.800000011920929,11.0,2.674687400686026,113.5490750750218,0.0,359.0,90.05144140826395,2920.0,2025-12-07 20:22:28+00:00,46.56457690990065,13034.0,74.0,2.51,2.53,1.28,fishing,fishing,fishing,fishing,0.8670119047164917,0.8702113032341003,False,False
a12d97b5-4410-46cd-87c3-c895991cf10f,a4daad0a-9582-46d3-9a91-338b48d7f8f4,6.53563662849939,0.0,12.600000381469727,3.218850148528695,173.50698703085857,0.0,357.6000061035156,96.06641883293769,2851,2025-12-09 09:19:57+00:00,583.4901754385965,5.260493886470795,0.0,12.300000190734863,3.4607453762415674,167.89950769878303,0.0,358.79998779296875,91.75538301596282,1620.0,2025-12-09 07:30:37+00:00,1176.5663990117357,6560.0,26.0,0.91,1.6,0.58,fishing,fishing,anchored,unknown,0.9572591185569763,0.7546834349632263,True,True
6e1f9d31-2fb9-4428-a316-74065c2dfb73,,5.338961044028079,0.0,11.699999809265137,3.6511805692357444,150.38331524891305,0.0,358.79998779296875,105.56347718920915,2772,2025-12-09 15:21:23+00:00,483.6225189462288,,,,,,,,,,,,,,,,,transiting,transiting,missing,missing,0.5476305484771729,,True,True
627ab0e9-15b4-46a5-8b16-0bd2aaf9f3b2,1bdc164a-4654-420a-bffa-dff2635f702b,5.625498292751328,0.0,9.199999809265137,2.3474500840362733,182.70120638970033,0.20000000298023224,359.0,100.93969136366258,2910,2025-12-08 11:28:12+00:00,303.9422481952561,5.43551724498385,0.0,8.899999618530273,2.3362480873819744,179.21826363998954,0.0,359.0,100.00220205920326,2900.0,2025-12-08 09:53:15+00:00,163.15902035184547,5697.0,51.0,1.75,1.76,0.89,fishing,fishing,fishing,fishing,0.8495395183563232,0.900135338306427,False,False
b392e5e3-34ec-4023-982a-03d50780e3d4,a93f1ded-5e46-4cee-a60a-bc63a60c3727,5.5460304014944795,0.10000000149011612,13.199999809265137,3.3374614928455166,168.57731685504928,0.10000000149011612,359.0,97.24936342478718,2368,2025-12-09 02:02:08+00:00,608.297845373891,6.609873595197921,0.10000000149011612,13.100000381469727,3.921468719899822,170.92489712140332,0.0,359.0,102.76490417369638,2927.0,2025-12-08 00:00:07+00:00,232.73991797676007,93721.0,116.0,4.9,3.96,2.24,fishing,fishing,fishing,fishing,0.8675360083580017,0.881415605545044,False,False
ca5e430d-18c5-4672-bde1-6ad40a46c9ea,247a6546-68e1-4934-9bf3-883c9dd8eb0d,2.598601933467292,0.0,58.5,3.061397709012933,181.28607528373598,0.0,358.3999938964844,107.41653612890956,1359,2025-12-09 19:45:01+00:00,2248.5670103092784,2.6583892846496084,0.0,9.300000190734863,1.9291764799878663,164.0608075820661,0.0,358.20001220703125,108.24140153652654,1043.0,2025-12-09 17:49:47+00:00,2439.7840690978887,6914.0,420.0,30.91,40.27,21.19,fishing,fishing,moored,moored,0.6370335221290588,0.5242515206336975,True,True
26671e8b-5ada-4fbe-a5fc-d0e0e0f96c98,40cbc4f6-3f06-4f38-af36-4083994a771b,4.001693483539853,0.10000000149011612,12.800000190734863,4.45344054953174,211.01593245550737,1.2999999523162842,357.8999938964844,76.5760734719496,1181,2025-12-08 16:14:25+00:00,971.5932203389831,4.065598072822507,0.0,13.199999809265137,4.545473184149696,213.93975872890704,0.0,359.0,76.0821826300355,2901.0,2025-12-08 02:15:05+00:00,387.2789655172414,50360.0,31.0,2.62,1.07,0.77,fishing,fishing,fishing,fishing,0.8830332159996033,0.8941418528556824,False,False
c03b452e-da0d-42ab-b371-96fa8468025c,a2fb9a04-4cb9-4355-92d2-8f170b605642,3.212192306252053,0.0,9.300000190734863,1.7070349290006641,209.85386111106078,0.4000000059604645,358.6000061035156,98.690374292125,2600,2025-12-08 14:37:31+00:00,824.7964601769911,2.9888889026353715,0.10000000149011612,9.300000190734863,1.5006455752018022,193.9286089049164,0.20000000298023224,358.70001220703125,105.38801577711317,2772.0,2025-12-08 12:49:15+00:00,120.0122699386503,6496.0,28.0,1.08,1.01,0.52,transiting,transiting,fishing,fishing,0.7728577256202698,0.8379985094070435,True,True
8a531330-525f-4c35-8563-5a2e30e1e05a,d9636d8a-b457-4ef4-b0ad-511dd07d3461,5.254513401052112,0.0,14.0,5.094907101652028,158.8604306010125,0.0,358.6000061035156,101.37172190485403,2836,2025-12-09 23:42:47+00:00,182.20634920634922,5.800099251961838,0.0,14.5,5.198169264652418,162.3502000175357,0.0,358.79998779296875,97.3450972883422,1008.0,2025-12-09 14:49:28+00:00,2817.542204568024,31999.0,13.0,0.46,1.29,0.34,fishing,fishing,transiting,transiting,0.8498064875602722,0.9360308051109314,True,True
88744a76-8268-4283-9844-81c29676ede5,91477a5e-3aad-45ee-804b-ea4ad001defa,1.7857142866839713,0.0,7.599999904632568,1.5691197861157522,172.4088236985105,0.20000000298023224,358.70001220703125,100.35021720583603,2282,2025-12-09 06:43:22+00:00,1296.9386234107847,1.7467819410702796,0.0,7.300000190734863,1.447177143203142,170.06389453331582,0.20000000298023224,358.8999938964844,99.67317633228058,2082.0,2025-12-09 13:31:53+00:00,1410.774627582893,-24511.0,1241.0,54.38,59.61,39.74,fishing,fishing,fishing,moored,0.7466621994972229,0.9446672201156616,True,False
0d4b9541-5cdb-461c-bb59-f7721a098375,,3.8041595082516193,0.0,11.0,1.8296070827080055,193.26354921198714,0.0,359.0,106.84384695481718,2909,2025-12-08 08:44:02+00:00,1614.587689133425,,,,,,,,,,,,,,,,,transiting,transiting,missing,missing,0.5268808603286743,,True,True
6f8c0ed0-06ee-430a-a29f-761be9592a29,5283429e-ea49-4d31-8d79-fdfe3cad1229,2.8704753886128436,0.0,10.399999618530273,2.502158409114549,170.7719044282073,0.0,359.0,96.81993571108907,2398,2025-12-07 20:07:08+00:00,682.6554025865665,2.4665977262173673,0.0,10.5,2.2084581426782854,168.44235932695034,0.0,359.0,97.97912372766807,2901.0,2025-12-08 12:35:04+00:00,198.98310344827587,-59276.0,82.0,3.42,2.83,1.57,fishing,fishing,fishing,fishing,0.9862620830535889,0.8692288994789124,False,False
5d649b1f-491c-44ed-9401-5f0226664cbe,,2.389208643724003,0.0,7.900000095367432,1.5373216309910096,203.02097372768378,2.200000047683716,359.0,94.61492633868366,1112,2025-12-09 23:32:00+00:00,2715.1188118811883,,,,,,,,,,,,,,,,,fishing,fishing,missing,missing,0.9413992166519165,,True,True
ab5bc612-e63c-440f-bd28-d7d7f230df16,212c755b-b722-4d54-9a53-d489695e50c6,4.141971542992122,0.10000000149011612,11.100000381469727,2.178200563194188,166.07027229029958,0.0,359.0,121.25388473729234,2952,2025-12-08 03:10:17+00:00,630.5052524567943,5.244176462824122,0.10000000149011612,11.300000190734863,2.959143663881689,161.3753864301021,0.0,359.0,129.88314080087324,2902.0,2025-12-08 00:34:45+00:00,344.85211995863494,9332.0,35.0,1.19,1.21,0.6,fishing,fishing,fishing,fishing,0.9105492830276489,0.9411443471908569,False,False
b62472c7-e126-41ab-8424-068fb1d522ab,b9abac9f-866d-4403-8f83-7e93bd037731,3.061735427552007,0.0,9.300000190734863,2.702816907510747,175.18379409534873,0.0,359.0,111.24653113277238,2109,2025-12-08 10:51:54+00:00,710.8477229601518,3.383808400349209,0.0,9.0,2.8024337275252154,174.36009601773327,0.0,359.0,111.99358323352732,2526.0,2025-12-08 11:30:01+00:00,867.9057425742574,-2287.0,80.0,3.79,3.17,1.76,fishing,fishing,fishing,fishing,0.9795081615447998,0.7265950441360474,False,False
6c490e07-2335-4901-a457-8084cdff977c,bdc9476f-84aa-43ed-bf20-9da833e483c0,4.834248587769063,0.0,11.800000190734863,3.4405722759169417,178.0457982783732,0.0,358.79998779296875,85.32833670869981,692,2025-12-09 20:04:37+00:00,4138.923299565847,5.360130750227208,0.0,13.399999618530273,3.269602141498959,181.47872422099016,0.0,358.6000061035156,99.92738664785445,1224.0,2025-12-09 21:30:09+00:00,2029.7179067865904,-5132.0,28.0,4.05,2.29,1.48,transiting,transiting,transiting,transiting,0.5213842988014221,0.7588370442390442,False,False
97fd4b42-8b91-4601-9a9d-bb8a53e3dde1,c7bfc0f3-9b57-4806-8d05-418238041411,3.1824223961299047,0.0,11.600000381469727,2.6882485948259887,209.8846153846154,0.0,359.0,92.76197778143934,2964,2025-12-09 10:24:02+00:00,363.9861626729666,3.1920284818418154,0.0,11.5,2.7772307641219642,215.11567164179104,1.0,359.0,95.5365850115025,2948.0,2025-12-09 16:25:12+00:00,127.45198506956227,-21670.0,174.0,5.87,5.9,3.03,fishing,fishing,fishing,fishing,0.8374846577644348,0.8575718402862549,False,False
c44cab02-84e2-4f9b-ae09-5c766854c5b0,59157c62-a5cc-41c4-b138-ffb208978ccf,3.9444007205382015,0.0,12.0,3.826075621077782,162.85226137984253,0.0,358.70001220703125,95.79293799653132,2795,2025-12-09 14:14:36+00:00,219.46313528990694,2.6067243835550253,0.0,14.100000381469727,3.5075403980222726,169.07671833433972,0.0,358.79998779296875,100.68398512198216,1502.0,2025-12-09 11:14:33+00:00,1763.549633577615,10803.0,2.0,0.07,0.13,0.05,fishing,fishing,fishing,moored,0.7824368476867676,0.6997530460357666,True,False
e1f124b9-197a-415a-bb82-d283d715c424,27f4e85b-7a44-41a3-af08-9cfe63603a9b,3.803657256845334,0.0,10.399999618530273,2.603069188725466,225.9836185275936,0.10000000149011612,359.0,103.6510311137554,2871,2025-12-08 23:57:27+00:00,417.9254355400697,3.157924052959731,0.0,10.100000381469727,3.1347958925440604,278.46328993074565,0.0,359.0,97.62661363315407,3054.0,2025-12-08 18:56:54+00:00,166.6075990828693,18033.0,209.0,7.28,6.84,3.66,moored,unknown,fishing,fishing,0.9152688384056091,0.8400152921676636,True,True
117255fe-b9c7-4041-b984-d68c6c0371b4,9c60b196-1bfa-495c-8773-c9ed8af77785,3.8355946420275386,0.0,10.0,2.5523615054554845,191.69093971419454,0.800000011920929,358.20001220703125,101.01580602161597,1194,2025-12-09 11:31:16+00:00,888.7367979882649,3.4974433905598104,0.0,9.5,2.667138259733365,192.57297341313304,0.0,358.5,101.62336365861698,1369.0,2025-12-09 08:13:07+00:00,583.7675438596491,11889.0,132.0,11.06,9.64,5.43,fishing,fishing,transiting,transiting,0.5315036177635193,0.911355197429657,True,True
7dbf7010-1a1b-4661-b42f-341084d6b869,68092820-b4d6-4362-97ac-5adf8af7c74f,3.540094339670965,0.0,10.899999618530273,2.2891579224825493,190.48854793343415,0.20000000298023224,359.0,103.47782582965297,1696,2025-12-09 23:20:18+00:00,1492.5669616519174,3.6219295300887415,0.0,12.300000190734863,2.18149962317972,179.6610905873038,0.0,358.6000061035156,106.8046820390344,2923.0,2025-12-10 02:25:01+00:00,436.34496919917865,-11083.0,93.0,5.48,3.18,2.05,fishing,fishing,anchored,moored,0.9644322991371155,0.5389732122421265,True,True
4fb746e4-39c6-4c07-96f1-158119292984,b6db6304-8fba-4c42-ad04-4a83819ba061,3.1119986610402437,0.0,10.399999618530273,2.406260592037429,217.62937648504433,0.10000000149011612,359.0,106.55916802945427,2992,2025-12-08 13:25:25+00:00,222.01471079906386,3.0581622979441088,0.0,9.899999618530273,2.427986606381742,219.0080824834491,0.0,359.0,110.42785733802263,3167.0,2025-12-08 16:15:04+00:00,196.32154137713204,-10179.0,192.0,6.42,6.06,3.22,fishing,fishing,fishing,fishing,0.8319344520568848,0.8737307786941528,False,False
07ea70a5-5f83-47a1-b090-5f8fd9e6fcd5,e4f514a4-6e08-491b-b2c9-4acc4420ce18,3.2039055832721646,0.0,12.600000381469727,2.0518979864701854,198.45210678030128,0.0,358.8999938964844,99.61120449829961,2330,2025-12-07 16:58:40+00:00,963.2494632889652,2.9920659340823823,0.0,10.100000381469727,1.4612171766848716,210.49371261290202,0.4000000059604645,358.70001220703125,101.07725798435699,2609.0,2025-12-07 15:36:52+00:00,351.777990797546,4908.0,54.0,2.32,2.07,1.11,fishing,fishing,fishing,fishing,0.696480393409729,0.8035130500793457,False,False
f1273c7d-1b51-48ec-96e2-47d010a6eaea,,3.533996567590159,0.0,10.300000190734863,1.799592046028356,198.09849092506423,0.0,359.0,99.3067254474067,2915,2025-12-08 08:20:35+00:00,1202.9673987645847,,,,,,,,,,,,,,,,,fishing,fishing,missing,missing,0.8310095071792603,,True,True
32acc759-2655-4932-ae67-fdcbb32988c7,da334e62-55b0-41bd-90a1-1c72ccff58e7,5.709813086845189,0.10000000149011612,13.800000190734863,3.1300765378929447,166.9446909944718,0.20000000298023224,359.0,93.13026699453073,2140,2025-12-09 14:54:23+00:00,816.7774661056568,6.197699058711137,0.10000000149011612,14.100000381469727,3.308741955042496,169.5293683921433,0.0,359.0,82.29064425752249,2738.0,2025-12-09 15:11:21+00:00,395.6547314578005,-1018.0,27.0,1.26,0.99,0.56,fishing,fishing,fishing,fishing,0.8434608578681946,0.857447624206543,False,False
df2ec196-ba18-49a8-b866-65a4edc75dde,4e01c782-2ad2-4423-b42d-b7a86d458bb5,5.553663567262168,0.0,11.800000190734863,4.062199150054694,178.8597384614784,0.0,358.79998779296875,92.93030432394943,2907,2025-12-09 18:12:00+00:00,245.30763936682726,3.287574627148154,0.0,12.300000190734863,4.019283449639832,168.38327079530984,0.0,358.8999938964844,96.31632357763085,1843.0,2025-12-09 22:42:02+00:00,859.1384364820847,-16202.0,29.0,1.0,1.57,0.61,fishing,fishing,fishing,fishing,0.9747777581214905,0.826056182384491,False,False
689d22df-903b-4085-94d5-ab77ac71245d,a025c579-3bad-4b7b-9ce3-1b62830138b9,2.838711130314848,0.0,7.900000095367432,1.7684904546783078,147.92125750644774,0.0,359.0,104.17020111204776,2219,2025-12-06 13:24:35+00:00,1277.899458972047,2.9066222727910658,0.0,7.900000095367432,1.804707585738824,146.6156508342595,0.0,359.0,104.64780854653301,2703.0,2025-12-06 13:38:36+00:00,1003.6447076239822,-841.0,295.0,13.29,10.91,6.38,fishing,fishing,fishing,fishing,0.8408027291297913,0.98592609167099,False,False
6d97eeea-181c-4c89-aa5b-0249a57336f2,,1.8942189517088446,0.0,9.899999618530273,3.247744957545463,187.17499168092968,0.0,358.70001220703125,98.28533348343612,3252,2025-12-09 15:53:42+00:00,133.96124269455552,,,,,,,,,,,,,,,,,fishing,fishing,missing,missing,0.6498116254806519,,True,True
ade4f457-7d44-4fd0-a6a8-7841291fbd9a,2158a883-4467-4308-9d28-6d63f58a157a,2.7786905494247636,0.0,11.100000381469727,3.276495570229409,189.27337862246563,0.30000001192092896,358.20001220703125,97.67716165954874,1619,2025-12-08 17:23:13+00:00,979.6384425216316,3.448582816900367,0.0,11.100000381469727,3.722637368399884,180.0987139997124,0.10000000149011612,359.0,99.88852481695669,4516.0,2025-12-08 02:32:36+00:00,127.94972314507199,53437.0,30.0,1.85,0.66,0.49,fishing,fishing,fishing,fishing,0.8498771786689758,0.8525789380073547,False,False
fce2b160-295f-4376-b128-c872c7c207fd,a1921ffc-f6dd-4256-842b-9a834e1e9f4f,0.02899566252737949,0.0,7.0,0.3269545725966004,197.99508836023284,0.0,359.0,102.66815217826546,2997,2025-12-09 12:14:22+00:00,821.1355140186915,0.055102041083844186,0.0,7.300000190734863,0.4787005178191893,204.43232147661652,0.0,358.8999938964844,93.0963284191417,3136.0,2025-12-09 13:30:38+00:00,283.62583732057413,-4576.0,48.0,1.6,1.53,0.79,fishing,unknown,fishing,moored,0.5963631272315979,0.6878983974456787,True,False
2f348ae1-d246-4437-88b2-db0f004c5d8b,3a968e8a-53c8-488d-ad94-bf09a4692240,4.460150634480314,0.20000000298023224,9.600000381469727,2.1755649278646167,213.20285719643488,0.0,359.0,110.26781829550981,2921,2025-12-09 14:20:06+00:00,253.7777397260274,5.124333451295518,0.0,9.5,1.7993617710223666,227.81329185751616,0.0,359.0,121.15663784541839,2963.0,2025-12-09 19:05:49+00:00,103.54085077650237,-17143.0,42.0,1.44,1.42,0.72,fishing,fishing,fishing,fishing,0.8626483082771301,0.8710494041442871,False,False
f2afa53f-77f7-424b-81b8-050c21e589fa,fe814402-631f-48af-acca-e6b06f7885bf,3.9286147655186565,0.10000000149011612,10.100000381469727,2.4583082705360093,186.9711679871766,0.0,358.79998779296875,108.82398383656286,989,2025-12-09 10:03:23+00:00,2899.7074898785427,3.46752138553404,0.0,10.0,2.49806183866109,174.0628051832269,0.0,358.79998779296875,97.86861056148388,1521.0,2025-12-09 08:48:44+00:00,812.9217105263158,4479.0,7.0,0.71,0.46,0.28,fishing,fishing,transiting,transiting,0.8206174969673157,0.5920422077178955,True,True
1229701b-0ae5-4310-8fe0-cfa9969a5271,23e67fd5-2bc2-4b73-a24e-302147c88fa2,5.928354193669551,0.5,9.5,3.2074157351383215,200.4734828969348,0.0,359.0,105.25144555810506,2959,2025-12-07 19:00:29+00:00,195.4945909398242,8.819725293011345,3.799999952316284,9.399999618530273,0.30854374017312075,90.58592503526181,0.0,359.0,37.22850303217783,2839.0,2025-12-07 18:00:25+00:00,57.710711768851304,3604.0,77.0,2.6,2.71,1.35,fishing,fishing,fishing,transiting,0.8933387398719788,0.8658153414726257,True,False
27ac3ca0-0b70-4550-839b-5d83cd47068f,d818b3dd-1f1d-4c19-a811-eeaf233185c0,4.74121351631355,0.0,12.699999809265137,2.979284407455922,143.67625093767703,0.0,359.0,109.65344323548842,1747,2025-12-10 00:10:59+00:00,2646.1506300114547,4.495267275861881,0.0,13.899999618530273,2.9340257194298673,140.38774552630292,0.0,358.5,106.42957936645536,1796.0,2025-12-10 00:20:27+00:00,1168.4245125348189,-568.0,57.0,3.26,3.17,1.64,fishing,fishing,fishing,fishing,0.8447216749191284,0.7183258533477783,False,False
9fed9b67-e8f4-431b-b334-9351e5022f67,79d3335e-7856-4634-a17f-56794f657ac0,4.0359916035926355,0.30000001192092896,10.699999809265137,1.5672446473587345,162.9877509030788,0.10000000149011612,358.8999938964844,108.3472826643347,953,2025-12-08 20:22:58+00:00,1777.922268907563,3.8745821681195314,0.30000001192092896,10.199999809265137,1.0419969607341193,166.6877367747001,0.10000000149011612,359.0,106.56894406830006,1436.0,2025-12-09 01:00:03+00:00,582.0564459930314,-16625.0,19.0,1.99,1.32,0.8,fishing,fishing,fishing,fishing,0.8353351950645447,0.8664164543151855,False,False
56911f9a-53d1-4294-958f-5b61354ea81e,f4cb0907-a68e-4993-99c7-06d90677e9b8,2.2560217318410993,0.0,102.30000305175781,3.934855475630141,181.0702799277173,0.0,358.8999938964844,109.30518040854561,2026,2025-12-09 13:33:19+00:00,1204.492839506173,1.7612330327955574,0.0,9.899999618530273,2.702432482416484,153.86384699446722,0.0,359.0,116.07571854204222,2871.0,2025-12-09 03:21:46+00:00,223.99024390243903,36693.0,56.0,2.76,1.95,1.16,fishing,fishing,fishing,fishing,0.9768065810203552,0.8422917127609253,False,False
10c1d5f2-afdf-46f2-950a-2c1856fc0c99,8632904b-527e-4641-9fef-5c827d53ee95,6.07585056240806,0.0,12.100000381469727,2.790805674971311,151.69898758749352,0.0,359.0,110.70338195340882,1793,2025-12-09 09:30:07+00:00,628.4871651785714,6.540076043661307,0.0,11.699999809265137,2.58556280314409,160.12652346083794,0.0,359.0,81.82039031283054,4736.0,2025-12-09 00:45:07+00:00,166.8244984160507,31500.0,30.0,1.67,0.63,0.46,fishing,fishing,fishing,fishing,0.8676913976669312,0.8234931826591492,False,False
4b89a39d-e633-4cb4-a895-e8de5833dabc,b963d399-4673-4fa0-9c3e-bae571350471,3.4804276373694862,0.0,10.699999809265137,2.798874403376112,196.77138095492194,0.0,359.0,111.99201392053656,1824,2025-12-08 19:15:07+00:00,1318.3905650027427,4.539687813738098,0.0,10.600000381469727,2.612076535761286,179.6629658733004,0.0,359.0,108.28032227135918,2114.0,2025-12-09 19:15:07+00:00,411.6881211547563,-86400.0,12.0,0.66,0.57,0.31,fishing,fishing,fishing,fishing,0.9124903082847595,0.9339079856872559,False,False
b307baee-fa34-4969-971a-d160f6b72383,704feb6f-c31f-49c1-a4e2-7fd6bd15898e,1.8164339857684886,0.0,102.30000305175781,3.072559830013954,162.5194723935017,0.0,358.79998779296875,127.70326017564666,2507,2025-12-08 19:16:16+00:00,1056.0458898643255,2.4126831260132806,0.0,9.699999809265137,2.273032499967726,178.13720838049647,0.0,359.0,119.28310131760192,2594.0,2025-12-08 14:21:45+00:00,329.97531816428847,17671.0,43.0,1.72,1.66,0.85,fishing,fishing,fishing,fishing,0.9891601204872131,0.7053111791610718,False,False
49b00e8c-2f36-49e9-a34e-f908a2042cf6,ed3a6c12-4f5f-42e1-96ee-8fc849b789b9,1.6476624986515758,0.0,10.399999618530273,1.9968661928697726,145.02776601199008,0.0,358.5,121.15435408809061,877,2025-12-09 07:36:38+00:00,4169.224885844749,2.972707208274807,0.0,10.399999618530273,1.642789254423065,181.91127578219505,0.0,359.0,120.31774823592716,905.0,2025-12-09 19:29:11+00:00,3914.4269911504425,-42753.0,182.0,20.75,20.11,11.38,fishing,fishing,fishing,fishing,0.563914954662323,0.866766631603241,False,False
d54b5eb5-9de6-48bf-904a-7b5f5d82a042,7aa6c20f-6537-4732-8a58-eeba88b3711a,3.3758853320654287,0.0,10.399999618530273,2.0772095577979166,195.41741788391528,2.0,358.1000061035156,94.37080051286263,2965,2025-12-08 14:34:39+00:00,1764.5435222672065,3.3241994228028315,0.0,10.300000190734863,1.9008703071054485,188.72341823398168,0.0,358.20001220703125,98.64981408703424,3029.0,2025-12-08 10:37:36+00:00,495.92140026420077,14223.0,143.0,4.82,4.72,2.44,fishing,fishing,fishing,fishing,0.7413216829299927,0.8361263275146484,False,False
24cb3c73-08b1-4bee-a900-53389a73e208,482c890b-246e-4aae-aa37-146f2d5383fc,2.5616752151036875,0.0,9.100000381469727,2.707562357878,153.326691464393,0.30000001192092896,358.20001220703125,105.36273461294708,2925,2025-12-09 09:29:23+00:00,581.6857045143639,2.4502515973600114,0.0,9.0,2.6096048945102237,156.66118653791037,0.0,359.0,109.94892785582877,2981.0,2025-12-09 19:43:13+00:00,229.31275167785236,-36830.0,105.0,3.59,3.52,1.81,fishing,fishing,fishing,fishing,0.7223168015480042,0.7538256049156189,False,False
3bfc4859-eb17-42b6-ae0f-4958d3dcbb8c,7a602184-f545-4980-b01c-da5aa57749d6,2.884772373635316,0.0,8.800000190734863,2.4099382496762094,161.32314951438605,0.0,357.6000061035156,108.23192145124318,637,2025-12-07 19:46:03+00:00,2402.4654088050315,3.3635794105926595,0.0,34.0,2.600325001474957,173.04129666563196,0.0,355.0,106.38839335366698,1436.0,2025-12-08 08:58:59+00:00,1034.2299651567944,-47576.0,27.0,4.24,1.88,1.32,fishing,fishing,fishing,fishing,0.5836878418922424,0.6310778260231018,False,False
a2b5e26b-fe73-4c9e-827d-49e2b882db31,3f267faf-231a-4da4-8683-8fe241dad796,3.4378580909801926,0.0,9.899999618530273,3.291369329315441,181.75572406349633,0.0,359.0,123.12370635230296,2269,2025-12-09 13:59:28+00:00,737.3906525573192,3.820748442346366,0.0,10.0,3.073291834096907,180.46449218584138,0.0,359.0,95.73645883382581,2405.0,2025-12-09 07:45:39+00:00,297.0016638935108,22429.0,19.0,0.84,0.79,0.41,fishing,fishing,fishing,fishing,0.8147245645523071,0.8735816478729248,False,False
7ef04838-2e0c-417b-96ac-f5cb71cfb2aa,df54ffe4-660a-48bb-9867-3f77e60a31fa,2.6690598287312395,0.0,8.800000190734863,1.5034376830830172,181.99727519095387,0.0,358.79998779296875,100.98891759501582,2925,2025-12-09 08:20:02+00:00,329.5355677154583,3.0520812274588747,0.0,8.399999618530273,1.5662437299911904,172.86836734223309,0.0,358.79998779296875,97.11766326197709,2955.0,2025-12-09 03:11:56+00:00,84.05822613405552,18486.0,62.0,2.12,2.1,1.07,fishing,fishing,fishing,fishing,0.7633821368217468,0.7545747756958008,False,False
a41f4c51-2ef7-48df-a440-fca280d47b25,6f5b04db-f15b-4516-ac40-e0facae34731,5.30055021201523,0.0,10.199999809265137,2.539827231269017,194.39095914672887,0.10000000149011612,357.5,95.3742765658794,1454,2025-12-10 00:16:26+00:00,1183.2677219545767,4.851189378680069,0.0,9.800000190734863,2.6476479321622146,200.42760540542906,0.0,359.0,99.73669929835178,3237.0,2025-12-09 23:45:01+00:00,427.0061804697157,1885.0,34.0,2.34,1.05,0.73,fishing,fishing,fishing,fishing,0.9096563458442688,0.7699518203735352,False,False
898338ab-35ec-4414-b1fd-1680849a3799,4285beda-955b-4f2a-9870-76c35b1afc16,2.229694918320846,0.0,11.300000190734863,2.5366823052271044,180.64840145111592,0.0,358.8999938964844,114.8063117633546,2950,2025-12-09 14:56:23+00:00,820.116988809766,1.5165721966315802,0.0,8.600000381469727,1.3668629517823523,189.06840775913523,0.0,358.8999938964844,110.05310356042385,2999.0,2025-12-10 01:23:18+00:00,191.5903935957305,-37615.0,167.0,5.66,5.57,2.89,fishing,fishing,transiting,transiting,0.9832968711853027,0.7134025692939758,True,True
dc9689d9-59af-44a6-9793-2f33a3378c26,9dd02049-deeb-43be-a780-4f823c8db81d,5.084765220193759,0.0,9.100000381469727,2.1905862967571084,169.12721698181628,0.0,359.0,107.34703512415675,2875,2025-12-07 00:55:24+00:00,496.0542797494781,5.373070022398446,0.0,9.300000190734863,2.1714146750308116,169.2519333398096,0.0,359.0,109.52829405167796,3899.0,2025-12-06 22:22:38+00:00,216.91662390969728,9166.0,38.0,1.32,0.97,0.56,fishing,fishing,fishing,fishing,0.8656586408615112,0.89557945728302,False,False
75892811-bfd5-4b9f-88ee-957e8b9eba7b,4d596cbf-5870-45c4-80aa-38f826164877,3.466745966455264,0.0,10.0,1.5534496760820227,170.46151697213887,0.0,359.0,122.49233678310407,2102,2025-12-08 17:07:27+00:00,1160.1156592099,3.289015165408791,0.0,10.699999809265137,1.7543494896805594,176.2736491698316,0.0,359.0,110.90918482074963,2640.0,2025-12-09 00:50:03+00:00,688.5778704054566,-27756.0,4.0,0.19,0.15,0.08,fishing,fishing,fishing,fishing,0.9215564131736755,0.7885766625404358,False,False
c19d843a-cf8f-4f86-990b-fc589f31e97c,2fc1585c-4d33-4c02-833f-81183567b1c4,3.541238515750309,0.0,9.0,1.47284726878498,217.08900616702942,0.0,357.1000061035156,97.79145244333428,2939,2025-12-08 22:24:02+00:00,567.0534377127298,3.721312129319781,0.0,9.199999809265137,1.6034342768557215,210.01022262517705,0.0,357.3999938964844,96.2633686287822,2515.0,2025-12-08 23:05:30+00:00,881.5588703261734,-2488.0,176.0,5.99,7.0,3.33,fishing,fishing,fishing,fishing,0.6283583641052246,0.8283673524856567,False,False
a11fca85-b874-44af-9274-2a07f2fdce74,cfe70000-5c9e-4ee7-96ca-6ce47e205a81,1.9940332616987584,0.0,10.399999618530273,2.8776973102959404,163.42804336188487,0.0,358.79998779296875,101.05548277839323,3067,2025-12-08 08:48:39+00:00,154.1917808219178,3.6764439143467693,0.0,10.100000381469727,3.6609412186647554,157.96588782003226,0.0,359.0,105.49990385202173,1541.0,2025-12-08 15:00:51+00:00,1210.0759740259741,-22332.0,6.0,0.2,0.39,0.13,fishing,fishing,anchored,transiting,0.7587926387786865,0.7957316040992737,True,True
741511e3-8ee9-4689-82c4-39c8906ac4e9,2287fffc-98f1-43fe-be16-977c48d22a65,3.756279290776836,0.0,32.5,3.5081414192418814,159.50897138904887,0.5,358.79998779296875,99.92845465570994,2134,2025-12-07 03:43:46+00:00,647.393811533052,3.2706810067658143,0.0,12.5,3.486992770034733,160.1396197335492,0.10000000149011612,358.8999938964844,102.76076276128585,2790.0,2025-12-07 01:31:56+00:00,62.97024022947293,7910.0,14.0,0.66,0.5,0.29,fishing,fishing,fishing,fishing,0.8726004958152771,0.7983497977256775,False,False
1fd86614-4d07-40f2-a443-c16d23881d00,3d9ebb06-8e94-43e1-a439-70270f17a234,3.012559615498064,0.0,9.0,2.081001817763409,186.8234821617271,0.10000000149011612,359.0,104.65359644576385,1887,2025-12-08 11:50:34+00:00,820.6055143160128,2.9735624143830273,0.0,9.0,2.1342217202541534,180.98505276625886,0.0,359.0,104.61877326315017,2852.0,2025-12-08 22:31:28+00:00,604.0929498421607,-38454.0,155.0,8.21,5.43,3.38,fishing,fishing,moored,moored,0.6275295615196228,0.8861530423164368,True,True
7a554847-fb7b-41a0-a4c8-b920eeb6993c,ccc70dc2-7f10-4f67-bf60-ab0ee0e0c45f,3.165612647646108,0.0,11.100000381469727,1.8100760573221277,181.84655197402486,0.0,358.8999938964844,108.82308130182258,759,2025-12-09 15:31:39+00:00,2588.258575197889,3.4867956451288387,0.0,10.5,1.9341696921079758,177.18541267234278,0.0,359.0,115.77166727569588,1189.0,2025-12-09 19:28:26+00:00,2051.992424242424,-14207.0,0.0,0.0,0.0,0.0,fishing,fishing,fishing,fishing,0.6251680850982666,0.7201142311096191,False,False
abcca4a1-c469-408c-944c-f91a834607c3,cf7ebfb8-b782-475c-b76b-4daf7cf8e325,2.7321128991043904,0.0,55.099998474121094,4.093338285345291,171.24185198432585,0.0,358.8999938964844,114.39445885020295,1311,2025-12-09 02:44:18+00:00,2579.954961832061,2.666666687491965,0.0,41.79999923706055,4.00993258194755,142.97741883675536,0.0,359.0,114.22501569570301,2133.0,2025-12-08 08:27:20+00:00,440.87898686679176,65818.0,9.0,0.69,0.42,0.26,fishing,fishing,fishing,fishing,0.9152445197105408,0.7541428208351135,False,False
a3c6353a-3ece-486c-8572-4bdd0602bcbc,2b689284-fede-4dd7-b9a3-eb2cfef0bbef,4.649494949894894,0.0,12.399999618530273,3.3501126541201365,166.69808526774963,0.0,359.0,106.8701749418343,693,2025-12-09 06:32:49+00:00,2608.842485549133,4.457142878337616,0.0,11.899999618530273,3.7311756059776817,170.27281321405746,0.0,359.0,110.70990045742012,1078.0,2025-12-09 05:39:01+00:00,1940.799442896936,3228.0,6.0,0.87,0.56,0.34,fishing,fishing,fishing,fishing,0.9853416681289673,0.6768950819969177,False,False
071a32e1-bb73-4409-9a17-a0cafd31b917,cf98e2f2-4328-4c7b-a059-2b5167b64532,2.2460681318226268,0.0,102.30000305175781,4.171724113862071,187.46478930043995,0.0,358.6000061035156,95.0105034445945,3141,2025-12-09 05:14:16+00:00,280.57898089171977,3.495269080304462,0.0,9.699999809265137,2.803742378449304,180.68067475675005,0.20000000298023224,358.70001220703125,94.29076277433387,2769.0,2025-12-09 12:02:33+00:00,131.91618497109826,-24497.0,39.0,1.24,1.41,0.66,fishing,fishing,fishing,fishing,0.6249086856842041,0.7320175170898438,False,False
4bb2789a-e816-435c-bf9a-2ce640d2f67c,05873dab-b50e-47dc-9508-946c5a4921a4,2.430549115196089,0.0,12.5,3.3760130170158176,166.86539955890922,0.0,359.0,109.24875495360806,1293,2025-12-09 09:44:32+00:00,2048.1323529411766,3.258563573930145,0.0,12.300000190734863,3.9998837546773296,138.00484564025922,0.0,358.0,119.05894163515235,1448.0,2025-12-09 09:56:09+00:00,767.4132688320664,-697.0,6.0,0.46,0.41,0.22,transiting,transiting,fishing,fishing,0.7564727663993835,0.8086774945259094,True,True
5db96502-2274-439f-8fbc-417ccd348921,0fc2b9aa-ddde-4b00-bf90-df95277228ef,6.303978118932496,0.0,12.5,4.485124562924045,193.14945046894707,0.0,358.3999938964844,120.17407000122272,2011,2025-12-09 18:59:10+00:00,839.8796019900498,3.1556482638279717,0.0,13.300000190734863,3.9270564647649606,188.70023013516422,0.0,358.8999938964844,104.84514691586212,1319.0,2025-12-09 18:51:42+00:00,1320.0887708649468,448.0,12.0,0.6,0.91,0.36,fishing,fishing,fishing,fishing,0.8414728045463562,0.8363706469535828,False,False
d88a7f91-0a7d-4084-a1e9-14661851d0da,bcf86c1d-a091-4d9c-b6b9-6432daa771ca,7.442085129134481,0.0,13.300000190734863,4.926229793652074,218.08429127435247,0.10000000149011612,358.79998779296875,105.59827432732259,2091,2025-12-09 14:35:12+00:00,1081.4244019138755,6.9511348115820875,0.0,13.600000381469727,4.977078747510506,214.93248203778714,0.0,359.0,105.09837787930022,2908.0,2025-12-09 21:29:44+00:00,499.05985552115584,-24872.0,18.0,0.86,0.62,0.36,fishing,fishing,fishing,transiting,0.8577837944030762,0.6247746348381042,True,False
36cbae54-c697-4231-8ca7-8e412786fc18,8a01171d-5067-44a4-976d-f5fb1b33cafd,5.112342031560423,0.5,10.5,2.858474155897944,148.10089213294168,0.30000001192092896,354.3999938964844,80.62540313116274,1345,2025-12-09 05:40:56+00:00,967.1540178571429,5.205376749455112,0.5,10.100000381469727,2.883631274842377,148.1405617048088,1.0,356.29998779296875,82.95249686227703,2920.0,2025-12-09 13:30:26+00:00,372.94484412470024,-28170.0,46.0,3.42,1.58,1.09,fishing,fishing,fishing,fishing,0.8851538300514221,0.853996753692627,False,False
eb8d8918-372b-40c9-bd92-ab1e90c35abf,5c564fed-6833-459a-93a3-0c2152ffd063,6.098487204835224,0.0,14.899999618530273,4.848269143442055,263.43431794440704,0.20000000298023224,358.3999938964844,65.23284894243353,2578,2025-12-08 09:41:09+00:00,570.1691889794334,1.6055079949062878,0.0,10.899999618530273,1.7379612165417255,276.1969383279481,0.10000000149011612,358.8999938964844,85.88257563058085,3504.0,2025-12-08 08:22:41+00:00,182.87610619469027,4708.0,27.0,1.05,0.77,0.45,fishing,fishing,fishing,fishing,0.9377421736717224,0.8328791260719299,False,False
28a0929c-9c43-473b-a68c-4ad18e124880,7d14de96-4e6e-46a8-b568-3c698708682a,5.189728131287048,0.0,12.800000190734863,3.6865212721746774,166.1345812541379,0.0,358.79998779296875,92.90378323937462,993,2025-12-09 16:21:46+00:00,2795.701612903226,4.37638789091637,0.0,11.800000190734863,3.07189133396607,169.595060964299,0.4000000059604645,358.8999938964844,97.91200361126883,1351.0,2025-12-09 11:37:38+00:00,1345.494074074074,17048.0,9.0,0.91,0.67,0.39,fishing,fishing,transiting,transiting,0.7322906255722046,0.7288737297058105,True,True
58ec01f1-5dac-4bdc-a46b-9c4ef5f55cd5,74ff1154-4f39-4c77-8b06-7b517b8148cf,4.399722664677516,0.0,12.300000190734863,3.8832255994169507,170.64238691831585,0.0,358.79998779296875,103.59429333769324,2524,2025-12-07 12:24:37+00:00,703.4716607213635,5.8192676303399535,0.0,12.300000190734863,3.6054062477098285,127.27548012252646,0.0,359.0,108.13655283199762,2922.0,2025-12-07 13:10:48+00:00,254.1691201643273,-2771.0,44.0,1.74,1.51,0.81,fishing,fishing,fishing,fishing,0.5174852013587952,0.8552361726760864,False,False
f153d546-9c1f-4949-9f3a-f308ca886322,e13035d5-8976-4de9-a7f9-e8d66fc21de0,5.4058629536408125,0.0,14.800000190734863,4.765311260188406,188.86062381873438,0.0,358.3999938964844,90.90349217734516,2729,2025-12-08 22:00:12+00:00,477.3610703812317,3.143949088530176,0.0,13.100000381469727,4.111080982781703,196.01234160431667,0.0,358.6000061035156,113.71110407351321,1570.0,2025-12-09 01:51:02+00:00,911.2689611217336,-13850.0,12.0,0.44,0.76,0.28,transiting,transiting,anchored,unknown,0.5088862776756287,0.5474519729614258,True,True
e4e2c878-e1b0-4414-9dd4-18bbe9c14813,51740c4f-8efb-4c95-ab2c-dfc2709750ac,2.267268997424682,0.10000000149011612,10.600000381469727,3.3400105130216433,234.48880657626032,0.4000000059604645,358.70001220703125,93.0184610518675,2435,2025-12-09 01:01:41+00:00,705.4264585045194,2.6791666672788255,0.0,10.699999809265137,3.699170356063395,227.28674033255888,0.0,358.8999938964844,104.65607038382113,2904.0,2025-12-08 05:24:14+00:00,366.60006889424733,70647.0,32.0,1.31,1.1,0.6,fishing,moored,fishing,fishing,0.7993450164794922,0.8399426341056824,True,False
3598d43f-60e5-40b9-a69b-5680db3f8e27,3ca371d5-bd8f-4b42-bedb-8460fc2d15cf,2.3629107936423894,0.0,28.899999618530273,2.2433569567389866,169.65086078196063,0.30000001192092896,358.5,103.0639419081469,639,2025-12-09 20:05:48+00:00,3143.888714733542,1.923894394550583,0.0,8.800000190734863,1.9056571330205487,177.49418485531015,0.5,358.0,99.2071084530565,1515.0,2025-12-09 21:53:57+00:00,909.0601056803171,-6489.0,9.0,1.41,0.59,0.42,fishing,fishing,transiting,transiting,0.8505499362945557,0.7984071373939514,True,True
c222f29a-23b8-4118-94b1-721ee7180cf9,d14520e5-15ea-43ef-ab17-29e705751bc1,2.6506967581882726,0.0,9.899999618530273,3.2104156398318215,184.16310701593113,0.0,358.70001220703125,102.60457328047434,3014,2025-12-09 16:11:44+00:00,114.92399601725855,3.102535012406069,0.0,12.300000190734863,3.6901897783154767,162.75626785234334,0.0,358.1000061035156,102.05394785707114,1144.0,2025-12-09 19:25:33+00:00,2551.268591426072,-11629.0,10.0,0.33,0.87,0.24,,,anchored,moored,,0.696583092212677,True,True
a425e018-05e6-4b32-b293-1d627b985e9f,92c9de81-0573-427a-918a-da7551c9c7f1,5.452865182613055,0.0,102.30000305175781,4.687416180531891,156.3585415285923,0.30000001192092896,359.0,94.39874098263341,3019,2025-12-08 03:24:56+00:00,160.649436713055,6.746112713970233,1.0,13.699999809265137,3.7602464152695223,147.95991441369398,1.899999976158142,347.20001220703125,73.56944330242324,2804.0,2025-12-07 22:57:34+00:00,58.57937923653229,16042.0,124.0,4.11,4.42,2.18,fishing,fishing,fishing,fishing,0.8723567724227905,0.8848752975463867,False,False
2bbdba3a-2563-40d7-8546-d6e62be9a5f5,68620aaf-c332-4afa-9bec-2d3a81d86e84,1.8874063976844448,0.0,10.399999618530273,3.0605162897049505,250.60434650606555,0.0,359.0,102.10828626043211,2938,2025-12-07 20:05:07+00:00,311.8975144705482,2.7594311029006575,0.0,10.399999618530273,3.4568801616395466,257.0924245749141,0.0,359.0,101.50672338591225,2953.0,2025-12-08 00:56:44+00:00,140.81063685636857,-17497.0,144.0,4.9,4.88,2.51,fishing,fishing,fishing,fishing,0.6845693588256836,0.8421814441680908,False,False
33a47f05-cfde-47d7-8607-7d212f036330,857e0ac7-581f-49e1-a641-c37704a0c71d,2.902554743046308,0.0,9.899999618530273,1.7445110128070755,172.4917284420059,0.0,359.0,107.55981877168554,822,2025-12-08 09:48:29+00:00,3355.409257003654,3.2970304560544053,0.0,10.100000381469727,2.204734231536332,188.68869891051136,0.10000000149011612,359.0,108.79991263393782,1347.0,2025-12-08 06:03:35+00:00,643.3268945022288,13494.0,4.0,0.49,0.3,0.18,fishing,fishing,fishing,fishing,0.8217619061470032,0.8776207566261292,False,False
879cd076-14fd-4f9c-969a-247da2841994,2a3c9e9b-667c-4649-8079-f7725d6bcd5c,2.752885275987626,0.0,9.800000190734863,2.893196792095604,170.08272098419667,0.0,358.70001220703125,93.11872720984105,2946,2025-12-06 21:10:32+00:00,38.49779286926995,2.61855830317306,0.0,10.0,2.689411182312977,178.77599817779532,0.5,357.70001220703125,95.57610413637283,1304.0,2025-12-07 22:34:14+00:00,1650.905602455871,-91422.0,2.0,0.07,0.15,0.05,fishing,fishing,fishing,fishing,0.7463462352752686,0.6966061592102051,False,False
b0b52a4e-5e4a-4118-84b6-6310bd655762,aa94a736-7cab-43fa-bdc1-0c72679ae900,0.9644503878672864,0.0,9.0,2.085601070814025,183.00685606820377,0.10000000149011612,358.20001220703125,102.0407906162216,2993,2025-12-09 10:35:51+00:00,247.0745320855615,2.1924283055786176,0.0,8.800000190734863,2.7180766683718764,187.31915399516706,1.7000000476837158,358.79998779296875,96.24891136833223,2998.0,2025-12-09 09:51:04+00:00,115.51918585251919,2687.0,100.0,3.34,3.34,1.7,fishing,fishing,fishing,fishing,0.5041112899780273,0.7893604040145874,False,False
f0e286bd-181b-4800-8188-26c0db1ce799,dc96dce8-7b16-442b-b6ed-b76f13575348,4.630715539662678,0.0,12.199999809265137,2.9900137661968067,197.45685532263533,0.0,359.0,108.68687767706078,2292,2025-12-06 22:04:37+00:00,515.0327367961589,4.554789029179068,0.0,12.199999809265137,2.8773974322372613,185.10097427863585,0.0,358.79998779296875,112.33650067429075,2986.0,2025-12-07 08:55:17+00:00,332.85762144053604,-39040.0,56.0,2.44,1.88,1.07,fishing,fishing,fishing,transiting,0.9357324242591858,0.6924453973770142,True,False
8399bd54-29b4-49c9-ba6d-6d2d6399a340,4d35b9bc-54eb-473a-956a-1716c7dff1f5,6.113051826594086,0.0,14.5,3.804588162473695,157.28935844056477,1.0,357.29998779296875,94.14630565714586,2605,2025-12-09 17:18:55+00:00,438.30145929339477,5.375699433981015,0.10000000149011612,13.199999809265137,2.758505176307018,147.6538891376054,0.699999988079071,356.29998779296875,92.50929933799621,3074.0,2025-12-09 21:27:17+00:00,175.0758216726326,-14902.0,39.0,1.5,1.27,0.69,fishing,fishing,fishing,fishing,0.8992506861686707,0.8529890179634094,False,False
f979b51a-4bb1-4d5a-90e1-aacc6ce4a8cd,b15a13b9-bf1b-4468-a958-919a596190f3,2.3350925407639873,0.0,9.5,2.337291159117981,187.6453958325293,0.10000000149011612,358.70001220703125,100.35108302463055,2918,2025-12-06 23:44:43+00:00,875.2098045937607,2.3750656386299593,0.0,9.800000190734863,1.9488406926159274,168.4630971264377,0.0,359.0,99.77992748566162,3048.0,2025-12-08 14:23:30+00:00,339.58188382015095,-139127.0,33.0,1.13,1.08,0.56,fishing,fishing,fishing,fishing,0.7707805037498474,0.7768799066543579,False,False
f0c20a14-27c5-4b0f-a5de-567bc11b1cc2,e87e8bc1-1dd1-40ff-b7d7-81ed4e428835,1.7085063619650176,0.0,8.600000381469727,1.9067177297866529,196.1943271264744,0.0,358.79998779296875,106.45042801453852,2986,2025-12-07 17:59:17+00:00,383.33031825795643,2.4551759559142536,0.0,8.100000381469727,1.5900247142766268,183.99734927954114,0.800000011920929,357.20001220703125,104.9187994588625,1961.0,2025-12-07 15:56:47+00:00,495.12602040816324,7350.0,17.0,0.57,0.87,0.34,fishing,fishing,transiting,transiting,0.8603737354278564,0.49955323338508606,True,True
45764ca6-094a-4a87-9a58-2fe15f7b6ec0,57fbe19c-f802-43b2-af57-a21bbd6c10b2,2.9123595837980045,0.10000000149011612,12.600000381469727,3.920175478319914,206.799787902363,0.0,358.3999938964844,78.9167674592975,1869,2025-12-07 10:48:01+00:00,666.8019271948608,3.941494527072761,0.0,12.300000190734863,4.4081021353661365,213.75093190873827,0.4000000059604645,358.29998779296875,78.10706204618879,2904.0,2025-12-07 03:00:04+00:00,264.66758525663107,28077.0,32.0,1.71,1.1,0.67,fishing,fishing,fishing,fishing,0.8387919068336487,0.9051839709281921,False,False
c1bc5d46-b3f7-4571-86bc-d632e6ad2609,7a42c6b3-7620-42e8-8e58-bdb3285619ec,2.9337004538346494,0.0,11.600000381469727,2.3805635509899976,183.36916623261249,0.20000000298023224,359.0,101.33316135827688,2724,2025-12-09 11:41:36+00:00,1041.453911127433,2.5376174301449863,0.0,10.800000190734863,1.918289853883457,185.94018871350872,0.20000000298023224,358.70001220703125,97.62394696760896,2342.0,2025-12-09 12:57:19+00:00,772.5642887654849,-4543.0,18.0,0.66,0.77,0.36,fishing,fishing,fishing,fishing,0.9267917275428772,0.916113555431366,False,False
9bd4560b-2eb7-464d-8ad6-77702a7a2bb9,5b1367e3-d3ce-4600-b45e-416bc262b726,2.943875284342796,0.0,8.399999618530273,1.6681052995911585,189.91666675634212,0.0,358.79998779296875,105.55805820747752,1796,2025-12-07 23:51:38+00:00,1228.9949860724234,2.497585047766262,0.0,7.900000095367432,1.0529391282621696,186.81747361322311,0.0,358.8999938964844,104.51977447507895,2940.0,2025-12-07 21:40:38+00:00,105.35862538278326,7860.0,25.0,1.39,0.85,0.53,fishing,fishing,fishing,fishing,0.7655754685401917,0.8548626899719238,False,False
ef16b57e-6874-420e-965c-84c8e10fd7aa,31a169f4-9005-4f97-9778-dce0934e405b,2.834520890265337,0.0,102.30000305175781,3.824843622670184,195.80356485757935,0.30000001192092896,359.0,93.53033291980647,1628,2025-12-08 23:07:50+00:00,1461.0860479409957,2.70973084987012,0.0,10.800000190734863,2.262311559682857,203.68392711625972,0.0,359.0,99.42939372545855,2415.0,2025-12-08 17:04:58+00:00,308.4424192212096,21772.0,25.0,1.54,1.04,0.62,fishing,fishing,fishing,fishing,0.7586616277694702,0.6098681092262268,False,False
66321c42-8cec-42fc-aeb7-7856db6ecf85,,5.459505508852033,0.0,12.0,3.2134198033657735,173.09002999648797,0.0,358.8999938964844,107.64513875102537,2993,2025-12-09 20:51:27+00:00,325.91945187165777,,,,,,,,,,,,,,,,,anchored,unknown,missing,missing,0.6804824471473694,,True,True
971454c3-316f-429f-83c9-0dd270093ccf,3064fa35-a62b-4f95-9d95-569c01062082,4.2179370131029055,2.5999999046325684,5.5,0.3569563592163317,165.10922636059556,0.0,359.0,106.68654166033541,2191,2025-12-09 08:57:31+00:00,774.0187214611872,4.222696493796216,3.0,5.5,0.35441703906111005,151.1407176456249,0.0,359.0,112.68014613869433,2952.0,2025-12-09 13:45:02+00:00,315.1941714672992,-17251.0,21.0,0.96,0.71,0.41,fishing,fishing,fishing,fishing,0.859205424785614,0.8779985308647156,False,False
ebfac300-a64b-4964-b529-cbf6f8895fd3,ea8ee52c-d139-4982-887b-a73744c6fed4,3.372671839576669,0.0,10.199999809265137,2.6397787617319737,190.29955551384225,0.0,358.70001220703125,107.99693752245992,1804,2025-12-09 08:12:56+00:00,628.2595673876872,3.080959919117045,0.0,9.800000190734863,2.437863450006413,187.02998425253622,0.0,358.70001220703125,105.64371473713376,1896.0,2025-12-09 18:41:46+00:00,448.18786279683377,-37730.0,188.0,10.42,9.92,5.35,fishing,fishing,fishing,fishing,0.8740820288658142,0.6601102948188782,False,False
d349e5c5-dcbf-4779-a118-b9b4df71312c,9ebf3b02-a708-47bd-9435-5b3792249fe7,3.8321088446899743,0.0,9.600000381469727,1.6337509577406266,199.57424307248755,0.0,359.0,103.42862885917128,2940,2025-12-08 07:47:17+00:00,994.1177271180674,3.7518710803002477,0.0,9.300000190734863,1.5765447744233616,205.16154965555714,0.0,358.6000061035156,106.89330919797355,1737.0,2025-12-08 12:26:15+00:00,2065.490207373272,-16738.0,290.0,9.86,16.7,6.61,fishing,fishing,transiting,transiting,0.934678316116333,0.5593226552009583,True,True
4566f0a0-12ec-4e97-bd83-34034c2b1e7f,f2be1b3a-1126-4f55-8d63-aab04b9a6a51,2.8504208113083243,0.0,9.100000381469727,1.5362459094787135,179.7595715889476,0.0,358.79998779296875,103.3631982446304,1307,2025-12-09 10:10:49+00:00,2094.2848392036753,2.834839928600579,0.0,9.100000381469727,1.5211518370348203,178.90160372943248,0.0,358.79998779296875,108.21463860401926,1062.0,2025-12-08 19:27:37+00:00,2007.2082940622054,52992.0,136.0,10.41,12.81,6.09,fishing,fishing,transiting,transiting,0.7386884689331055,0.6036132574081421,True,True
fe86cf72-6e97-44d7-8975-ecc47c2fc054,169af168-583f-459d-bfd1-b05ba3569d86,2.3326012395225164,0.0,14.199999809265137,3.195775995609135,179.26088000745114,0.0,358.79998779296875,111.35207139181456,2914,2025-12-07 10:11:56+00:00,849.5187092344662,2.6146859241102414,0.0,12.600000381469727,3.3874071940497883,175.03130669685842,0.0,358.79998779296875,107.3049691043195,2356.0,2025-12-07 01:00:39+00:00,358.3915074309979,33077.0,25.0,0.86,1.06,0.48,fishing,fishing,fishing,transiting,0.9249426126480103,0.7460538148880005,True,False
47eb6563-3343-4f1b-8cc2-6225d6e40864,0fcee100-ef20-4a43-a1ce-774ff4ce9012,3.5310117688239115,0.0,10.800000190734863,2.8691942238771757,211.74495467340876,0.0,358.8999938964844,93.42144861226889,2886,2025-12-06 18:41:13+00:00,493.64090121317156,3.6133400447446333,0.0,10.800000190734863,2.9065998896001246,218.86688100102077,0.0,358.8999938964844,95.6919022954387,2976.0,2025-12-07 00:32:21+00:00,285.7653781512605,-21068.0,33.0,1.14,1.11,0.57,moored,unknown,fishing,fishing,0.9468940496444702,0.8602177500724792,True,True
aeee1e7c-aa5d-4883-8080-9166c22e00d3,ceb246dc-e657-43e7-948f-faaf6629ce57,4.559180934043409,0.0,11.199999809265137,3.57873713284523,212.91545988412045,0.0,359.0,109.36766875546618,2979,2025-12-07 20:52:54+00:00,405.4764942914708,5.455094991902304,0.10000000149011612,11.300000190734863,3.1366352103685333,186.68131499874139,0.800000011920929,359.0,108.74562120771573,2895.0,2025-12-07 23:33:35+00:00,105.29163787145819,-9641.0,41.0,1.38,1.42,0.7,fishing,fishing,fishing,fishing,0.8251638412475586,0.865489661693573,False,False
838a4128-891a-4a04-847e-555bdb077d90,d65a0919-25cc-484d-ae5f-616dc14cfa45,2.6689155504464925,0.0,102.30000305175781,3.2798221948337427,173.67710442862125,0.0,358.8999938964844,107.91664274733617,2001,2025-12-09 17:06:18+00:00,1354.7075,2.1963350858405812,0.0,8.300000190734863,2.0550498655205724,136.5085178163472,0.0,357.79998779296875,113.30743937392786,2483.0,2025-12-09 20:52:26+00:00,270.8327961321515,-13568.0,43.0,2.15,1.73,0.97,fishing,fishing,transiting,transiting,0.6679490804672241,0.9226426482200623,True,True
0171d16d-56e9-4c1a-9ed5-1ede7f7d1b78,7726c86d-aebf-446d-8cfb-f40a9b918aa6,4.7190947721359695,0.0,13.300000190734863,3.7951419221693428,165.15258001886974,0.20000000298023224,359.0,118.65406779300872,2121,2025-12-09 14:49:05+00:00,1122.2400943396226,5.638307402583853,0.0,13.300000190734863,2.4886946135105164,178.03671238062816,0.10000000149011612,359.0,113.75260445389806,2694.0,2025-12-09 06:01:39+00:00,389.67879688080205,31646.0,20.0,0.94,0.74,0.42,transiting,transiting,fishing,fishing,0.8876344561576843,0.8670446872711182,True,True
dd690316-934b-4c4c-84e3-e1bc2a0aef5a,c2241eea-1794-4d7c-a3c1-f38986f395ab,5.209771660536207,0.0,10.399999618530273,3.0322931976948073,181.86816308742888,0.0,359.0,108.87302495370426,2978,2025-12-08 20:42:54+00:00,103.02620087336244,4.366411859603003,0.0,10.5,3.0368694285315714,172.65310767270896,0.10000000149011612,357.5,101.24082788489882,2093.0,2025-12-09 21:36:57+00:00,710.7686424474188,-89643.0,10.0,0.34,0.48,0.2,fishing,fishing,transiting,transiting,0.7351229190826416,0.7634565830230713,True,True
6907f024-2fae-4dfd-bc98-4a1a11ba85d8,23cbec47-b9ef-4409-a3d8-23b8a473d97f,2.9700317983063966,0.0,9.699999809265137,2.2377253211752977,211.6779467184429,0.0,359.0,107.23636923277017,1258,2025-12-09 09:09:12+00:00,1980.4653937947494,3.6969382684730037,0.0,9.800000190734863,2.252232327781022,209.22223497735482,0.10000000149011612,359.0,108.77397401965837,1927.0,2025-12-09 13:46:18+00:00,493.3608515057113,-16626.0,23.0,1.83,1.19,0.73,fishing,fishing,fishing,fishing,0.6139172315597534,0.9818260669708252,False,False
42e277c0-e321-4ba4-babf-ec6caa59e727,81757194-8b1d-4e36-b392-13cba2035f71,3.925308641644172,0.0,10.300000190734863,1.5057411238027818,202.63409339054158,0.0,359.0,105.83336981247699,2916,2025-12-09 11:54:27+00:00,828.7643224699829,3.769199625684256,0.0,10.199999809265137,1.4997307622248026,196.6177692481709,0.0,359.0,107.1567538706664,987.0,2025-12-09 05:13:53+00:00,3535.7221095334685,24034.0,128.0,4.39,12.97,3.39,moored,unknown,anchored,unknown,0.8041175603866577,0.7091221809387207,False,True
ae2a846d-d9ff-46fc-bc7a-7b1c2f7598fd,2f0c7e27-5a96-4dd4-862b-c58f8bf287f8,3.3969506277177133,0.0,77.69999694824219,2.558543622216711,166.455701886718,0.0,359.0,107.63233210760538,2066,2025-12-08 14:53:41+00:00,1216.4062953995158,2.9580010832314603,0.10000000149011612,9.899999618530273,1.2797610498620189,167.84749059241392,0.0,359.0,103.01816880025527,1881.0,2025-12-07 22:07:41+00:00,463.2058510638298,60360.0,2.0,0.1,0.11,0.05,fishing,fishing,fishing,fishing,0.7156907320022583,0.8738797903060913,False,False
ded79966-ed0c-46bb-83fb-deb388579d60,178ad502-e796-4761-bb53-a758a851d1c9,2.048699998743832,0.0,9.0,2.0561325030580013,181.43178156012019,0.0,359.0,123.41463574759567,3000,2025-12-09 13:51:59+00:00,303.6008669556519,3.101662720881926,0.0,9.0,1.6230060522139407,157.75334564024655,0.0,359.0,109.87187190949628,2947.0,2025-12-09 14:35:38+00:00,215.5325865580448,-2619.0,157.0,5.23,5.33,2.71,fishing,fishing,fishing,fishing,0.7389844655990601,0.7727508544921875,False,False
6746ef8e-6333-4694-bef7-720f5210edcf,11055745-ab64-49d1-8498-d7b3924b72d5,5.502915252346104,0.0,10.300000190734863,1.1071816126721117,232.25809295078557,0.0,359.0,95.79538806965192,2950,2025-12-08 08:14:07+00:00,1997.086469989827,5.530891273325423,0.5,10.300000190734863,0.9124041566505118,217.62878506088924,0.0,359.0,88.02882532668706,2143.0,2025-12-08 07:58:45+00:00,4692.86741363212,922.0,1013.0,34.34,47.27,24.83,fishing,fishing,moored,unknown,0.6207232475280762,0.7019398212432861,True,True
4163ac16-f558-4e2f-bc4b-88a9937dbf89,5e8a56d8-f742-4da0-b6bb-49541020b087,3.933848126840561,0.0,12.300000190734863,3.932328245426783,133.0695319865229,0.0,358.8999938964844,89.4485112256431,3108,2025-12-07 19:03:54+00:00,553.2845188284518,5.607480445888751,0.10000000149011612,12.300000190734863,3.2311376175931805,123.39417986985147,0.10000000149011612,358.70001220703125,100.51913712206805,2941.0,2025-12-07 20:14:33+00:00,328.20238095238096,-4239.0,46.0,1.48,1.56,0.77,fishing,fishing,fishing,fishing,0.8700792193412781,0.8544654846191406,False,False
d6cca1d5-75c2-4e32-9e6e-133db98d612d,9afc5847-2551-40aa-bf98-f72dc5f83954,7.071670439029834,2.0999999046325684,15.5,2.3902383438959096,195.20361315628944,0.10000000149011612,358.8999938964844,99.72866845071384,2658,2025-12-07 02:40:19+00:00,261.8878434324426,7.003589200143197,2.5,14.699999809265137,2.115768993249285,210.56589620684142,0.10000000149011612,359.0,96.62660118695916,2814.0,2025-12-06 23:43:49+00:00,125.3917525773196,10590.0,102.0,3.84,3.62,1.9,fishing,fishing,fishing,fishing,0.6670556664466858,0.8110620379447937,False,False
ca90bce7-33ec-4898-94ac-72ee3057c8a5,6fbf8c6a-9c3e-4814-ad5f-e9facdf66b8d,0.2433513169064858,0.0,7.699999809265137,1.0905420539232928,250.08740450258418,0.0,358.79998779296875,93.30556305884767,3151,2025-12-09 13:37:31+00:00,253.9079365079365,0.1845974722060456,0.0,7.699999809265137,0.9999828414897851,254.71735243199467,0.0,359.0,90.86706312006193,3006.0,2025-12-09 13:40:00+00:00,181.18835274542428,-149.0,121.0,3.84,4.03,2.0,fishing,fishing,fishing,fishing,0.5546368360519409,0.6436524391174316,False,False
9e834db3-3791-4ef5-b70e-fb2102798fb2,b2568c66-1fab-42e1-863d-4246e2309b3f,4.666419293862769,0.0,15.0,3.4136253738478475,207.87236743508072,0.8999999761581421,358.79998779296875,102.47051844144501,1617,2025-12-07 22:58:05+00:00,941.5061881188119,5.312482900112338,1.399999976158142,12.800000190734863,2.3096292741486386,207.18925080169598,0.8999999761581421,357.8999938964844,91.8801065914503,2924.0,2025-12-07 18:22:33+00:00,220.19466301744782,16532.0,54.0,3.34,1.85,1.2,fishing,fishing,fishing,fishing,0.9497469067573547,0.8347420692443848,False,False
6361af1a-0c0b-4725-9ae1-72caa0084d04,1cc58f94-bbfa-49e1-a4ed-c257807f1231,2.1156043949554038,0.0,9.800000190734863,1.9188764761163244,180.21303903445957,0.10000000149011612,358.29998779296875,98.42204498442425,2730,2025-12-08 06:45:53+00:00,912.739831440088,2.9153873077740933,0.0,9.100000381469727,1.7214713864335494,184.5378925090937,0.4000000059604645,358.29998779296875,98.47231907000005,2879.0,2025-12-08 12:29:16+00:00,262.7612925642807,-20603.0,88.0,3.22,3.06,1.59,transiting,transiting,fishing,fishing,0.8826045989990234,0.9878208041191101,True,True
f3b765a8-5d1d-4e0c-8449-5cb3af6fa629,a53510eb-425b-4bec-bf58-ed8f5b7150bd,2.89344263076122,0.0,11.0,3.3427851230535035,186.73939642282377,0.0,358.6000061035156,97.61709113873758,2257,2025-12-09 23:39:02+00:00,909.6875,2.7913747991479267,0.0,11.0,3.193550527863162,183.1483142905221,0.0,359.0,100.5280469292418,2284.0,2025-12-09 04:39:43+00:00,569.9754708716601,68359.0,6.0,0.27,0.26,0.13,fishing,fishing,transiting,transiting,0.750972330570221,0.5475091338157654,True,True
19d34f93-9827-4a7c-bcb4-f074f63f27ce,1eec3b9f-ef71-4a6d-8adb-257b83218a44,1.2117328530022813,0.0,11.0,2.2575546198105005,178.86225107793584,0.0,358.5,112.44531366709705,554,2025-12-09 05:08:01+00:00,3417.8426763110306,1.562995310915325,0.0,11.399999618530273,2.6574417716275756,169.28984585333774,0.0,358.8999938964844,113.14292029714781,1489.0,2025-12-09 04:01:51+00:00,1494.8729838709678,3970.0,0.0,0.0,0.0,0.0,fishing,fishing,fishing,fishing,0.8843048810958862,0.8845740556716919,False,False
b7596fd3-744e-4454-93b0-4ccc630aafad,95c8bd1f-d7c9-451b-91ee-0923f146535f,4.8039933350774,0.0,10.100000381469727,2.101803691622327,177.7276870560944,0.0,358.79998779296875,98.71974761181791,2404,2025-12-08 04:28:29+00:00,908.812734082397,5.082801245800049,0.0,9.699999809265137,2.2394616357585866,179.56955636480828,0.0,359.0,97.3214705716262,2913.0,2025-12-08 14:20:46+00:00,536.3482142857143,-35537.0,147.0,6.11,5.05,2.84,fishing,fishing,moored,moored,0.9148255586624146,0.8005123138427734,True,True
54929162-cbf6-4543-a660-ddab959345eb,b261844a-aaeb-4262-b879-48b4e9babf09,1.0377963826143426,0.0,42.599998474121094,2.3776207725156495,175.09454572017376,0.0,358.5,91.45865177601148,717,2025-12-10 00:31:50+00:00,14314.958100558659,0.8937705055612033,0.0,11.300000190734863,1.6750837026807643,174.01480357113638,0.0,357.8999938964844,93.7621443392965,610.0,2025-12-08 21:21:03+00:00,16669.3973727422,97847.0,438.0,61.09,71.8,49.27,fishing,fishing,fishing,fishing,0.8715393543243408,0.8707873225212097,False,False
75d7ffac-18eb-4532-bcf2-eaf3f1a7744b,e3b8224b-ff71-49eb-a6c6-76bb2fc591cc,2.2557040117106726,0.0,10.100000381469727,2.859588021207667,217.0282488500642,0.4000000059604645,358.79998779296875,104.53917188663662,973,2025-12-09 17:54:54+00:00,3576.3796296296296,1.9547557810380505,0.0,10.5,2.751947850068788,197.57390687813574,0.5,358.6000061035156,104.06543961409488,1167.0,2025-12-09 17:26:48+00:00,2370.188679245283,1686.0,505.0,51.9,43.27,30.89,fishing,fishing,fishing,fishing,0.923651933670044,0.5932655930519104,False,False
7b2fe2c2-727b-47cd-ad4b-de8e7101859a,a9536255-2326-469a-a056-0a6fccd71d1e,5.207081764722336,0.30000001192092896,102.30000305175781,3.37427377360023,196.75382244504954,0.0,358.8999938964844,94.80293184104588,2923,2025-12-08 15:27:42+00:00,225.61841204654345,4.099966167276965,0.0,102.30000305175781,2.7827733719961234,202.2077157150973,0.4000000059604645,357.70001220703125,90.88256011942681,2956.0,2025-12-08 20:19:19+00:00,116.73570219966159,-17497.0,69.0,2.36,2.33,1.19,fishing,fishing,fishing,fishing,0.8783786296844482,0.9295006990432739,False,False
1d05f66d-70a2-4381-9cd1-0ee16e35afbc,,4.111744384865223,0.0,10.199999809265137,2.6821024480272393,177.42357517874098,0.0,358.0,95.33358646933927,1158,2025-12-09 03:18:36+00:00,6781.2731201382885,,,,,,,,,,,,,,,,,fishing,fishing,missing,missing,0.9863063097000122,,True,True
388ab851-6a88-48a1-984c-239121ba09ef,17cc0da1-07c1-48ac-8a55-ed6810044df5,1.7968085119472448,0.0,9.399999618530273,2.3850445060767607,124.46768303856072,0.0,358.20001220703125,129.7616784838556,658,2025-12-07 23:53:42+00:00,3259.7412480974126,1.2952211130192548,0.0,10.100000381469727,2.2229108932148347,110.60925337899558,0.0,358.29998779296875,130.35990462182096,2804.0,2025-12-07 19:58:09+00:00,634.1402069211559,14133.0,24.0,3.65,0.86,0.7,fishing,fishing,fishing,fishing,0.8140095472335815,0.8117905855178833,False,False
15317da1-a7e8-4448-bd05-783979aff86a,8425629b-397d-42b9-9f4d-b0a28dee6dab,4.0050549457033915,0.0,8.600000381469727,2.7790859560550984,178.3994596692356,1.5,357.79998779296875,95.27420614272678,910,2025-12-09 10:16:45+00:00,1650.015401540154,4.515732509470327,0.0,8.899999618530273,2.6342536383371384,190.69228089147202,0.0,359.0,99.0298030214185,2587.0,2025-12-09 13:42:25+00:00,872.9980665119876,-12340.0,44.0,4.84,1.7,1.27,fishing,fishing,fishing,fishing,0.7301786541938782,0.6854304671287537,False,False
d0d0807b-d7db-43f8-bad4-efbd8da0679a,f29e4828-f4b9-46d2-956c-03a387a6bbad,2.9050154606502967,0.0,9.899999618530273,2.762666351110494,169.7345979702931,4.199999809265137,358.8999938964844,94.60299637204879,2911,2025-12-10 00:54:48+00:00,568.0549828178695,3.240006866277715,0.0,9.0,1.4865285782131439,173.40257251093007,0.800000011920929,358.20001220703125,91.48217304425125,2917.0,2025-12-10 01:28:58+00:00,96.27229080932784,-2050.0,62.0,2.13,2.13,1.08,transiting,transiting,fishing,fishing,0.8671892881393433,0.7811874747276306,True,True
63b67b6d-64a9-4731-a999-d42d1e4874fa,b0aa8ed1-563d-480b-9deb-8fb6c8eab502,0.3410353139145022,0.0,8.899999618530273,0.8473751282733065,198.20915691768744,0.0,359.0,105.68415128414557,2917,2025-12-09 19:51:11+00:00,702.9478737997257,0.1802305891685423,0.0,8.0,0.45085379783295293,192.3588318427311,0.0,359.0,105.50307557362818,2949.0,2025-12-09 15:07:27+00:00,428.5393487109905,17024.0,27.0,0.93,0.92,0.46,fishing,fishing,fishing,fishing,0.867368221282959,0.8733710050582886,False,False
c818a2b7-55c4-406f-aa4e-19908c00bd6c,61466347-b3f1-4644-a5c1-7e909d3939b4,5.300562338158139,0.0,11.100000381469727,3.0197908349323805,185.13872257480048,0.0,358.79998779296875,98.8070590527924,1067,2025-12-07 12:02:43+00:00,2835.541275797373,6.3846905727352015,0.0,11.0,3.2925482261394894,210.09926708306153,0.0,356.8999938964844,91.77554876209608,1228.0,2025-12-07 09:41:32+00:00,2166.679706601467,8471.0,438.0,41.05,35.67,23.59,fishing,fishing,transiting,transiting,0.6374995112419128,0.6886759996414185,True,True
a03dbf95-e399-4ae3-9cd8-8460754493a0,,5.817241387004996,0.10000000149011612,9.600000381469727,2.5249797299608265,164.1721453551448,0.0,358.8999938964844,86.30062592662894,580,2025-12-09 06:11:49+00:00,2434.854922279793,,,,,,,,,,,,,,,,,fishing,fishing,missing,missing,0.8558348417282104,,True,True
cc7bf1ff-a963-423e-82e2-9c9f419dff9e,26329acb-4dc7-4291-8cde-0b66a5fda4e6,3.862953376517163,0.0,12.199999809265137,2.199192299202303,175.4464156730137,0.0,359.0,102.71073809604772,772,2025-12-09 19:54:55+00:00,3263.7950713359273,2.833414646668163,0.0,10.399999618530273,2.7910231486088204,146.41670818387635,0.0,358.8999938964844,118.10792290437128,1230.0,2025-12-09 13:27:37+00:00,1635.3563873067535,23238.0,1.0,0.13,0.08,0.05,fishing,fishing,transiting,transiting,0.8859187960624695,0.9349332451820374,True,True
25ec17d2-be5b-4dad-bf56-407732403026,,2.248046866065124,0.0,6.199999809265137,1.0581507734440607,204.785937292967,0.0,359.0,100.1066469658689,512,2025-12-09 07:15:37+00:00,4098.0469667318985,,,,,,,,,,,,,,,,,fishing,fishing,missing,missing,0.7752665281295776,,True,True
8e7d4b1f-dfe4-4395-a935-12c010d3bff6,481d083a-47f9-46ae-8057-2a02908b9404,3.6859259249656287,0.10000000149011612,10.100000381469727,2.1689255047844647,172.6007468355347,0.0,358.8999938964844,104.78975773753633,675,2025-12-08 03:46:57+00:00,2614.084569732938,3.8243692086769605,0.20000000298023224,10.0,2.1295197271196367,162.7095474814362,0.0,358.6000061035156,95.83788265086311,1506.0,2025-12-08 08:37:21+00:00,964.7382059800665,-17424.0,1.0,0.15,0.07,0.05,fishing,fishing,fishing,fishing,0.8664191961288452,0.8895760774612427,False,False
002a34e7-4a5d-4ca7-a543-44413873c67f,dfb5344a-afbc-4567-accb-e3057f02055a,4.020212402627888,0.0,11.600000381469727,3.6951623250744645,184.70632088402422,0.4000000059604645,358.79998779296875,70.38737178210702,2919,2025-12-08 21:57:40+00:00,216.01405071967102,4.11376114719798,0.0,11.199999809265137,3.6428407171818806,191.68787985807833,2.299999952316284,356.1000061035156,59.917569741707496,2805.0,2025-12-08 19:34:23+00:00,40.43188302425107,8597.0,57.0,1.95,2.03,1.01,fishing,moored,fishing,fishing,0.8739439845085144,0.8671799302101135,True,False
cb77079c-10f8-4a7b-ae02-f61e8776f465,27bf9627-3292-4db2-b410-a59e93b57c12,4.823662432650947,0.0,10.100000381469727,1.3680805736330248,213.80060533392628,0.0,359.0,98.61428870171555,3140,2025-12-08 11:10:12+00:00,1100.0713603058298,4.674939590726141,0.0,9.300000190734863,1.1323005463930256,205.88553177108273,0.0,358.20001220703125,92.82759750992108,2482.0,2025-12-08 10:01:02+00:00,1408.2873841193068,4150.0,606.0,19.3,24.42,12.08,fishing,fishing,fishing,fishing,0.6766176223754883,0.9819157123565674,False,False
2e502dca-fb6d-437d-8120-3674fa57c90e,e653394d-e0ab-403a-b70c-c2e158673519,2.159261894297989,0.0,11.399999618530273,2.671884033547729,133.37077732706018,0.0,358.70001220703125,117.63175690264111,1409,2025-12-09 14:13:58+00:00,2531.8373579545455,3.066269660351701,0.0,10.899999618530273,1.961637806480138,138.90358193878728,0.0,359.0,99.32987861634929,2099.0,2025-12-09 08:15:33+00:00,261.0381315538608,21505.0,12.0,0.85,0.57,0.34,fishing,fishing,fishing,fishing,0.850025475025177,0.8305026888847351,False,False
b45c4269-6f41-43bd-bd69-9dc83e7231e6,99863761-f78b-4fae-8b87-2a78dd592f53,1.5426405552664062,0.0,8.0,2.1084730242968677,164.5643084533442,0.0,358.8999938964844,124.6129607871382,1583,2025-12-08 16:24:24+00:00,1018.1908975979773,1.2425925930755006,0.0,8.399999618530273,1.9018775534196453,167.0513242729254,0.0,359.0,124.67050311353263,2160.0,2025-12-08 16:02:46+00:00,878.1899027327466,1298.0,105.0,6.63,4.86,2.89,fishing,fishing,fishing,fishing,0.8182403445243835,0.9666816592216492,False,False
8d5381d2-5d26-4e19-a294-6bba8c6ae981,cd86163c-9b1a-49e0-aaf0-8fb5cbe97358,3.5771482556150755,0.0,12.100000381469727,3.706420146638809,170.3260911210834,0.0,358.3999938964844,100.36361384799484,2118,2025-12-08 04:48:43+00:00,123.87293339631555,5.4209836697725,0.0,12.600000381469727,4.382604060585679,158.73326137988,0.0,358.6000061035156,100.02400619985367,915.0,2025-12-08 11:59:31+00:00,4123.78227571116,-25848.0,1.0,0.05,0.11,0.03,fishing,fishing,transiting,moored,0.8231928944587708,0.5010291337966919,True,True
1efcf083-1cb8-4ec6-a4d9-039e2b615867,f64b95bb-8c44-4da5-acaf-ac6edf7bf0bd,1.9285861089040015,0.0,11.800000190734863,3.1064175287610465,176.46619758446872,0.0,359.0,101.57744404515888,2921,2025-12-09 13:07:31+00:00,94.07945205479452,0.6238884126480081,0.0,11.300000190734863,1.9692568624370266,258.60235841715314,2.0,359.0,91.53371281663426,2294.0,2025-12-09 19:30:33+00:00,1082.2660270388137,-22982.0,15.0,0.51,0.65,0.29,fishing,fishing,moored,moored,0.9759959578514099,0.7354230880737305,True,True
412e7685-3f04-4ffc-b64a-5c2d29ef05a3,a85b9df6-56aa-485a-b2cc-6833fc2c0fbe,3.8836031737196786,0.0,10.600000381469727,1.9039912051624786,218.52646467549474,0.0,359.0,104.86274361246434,2903,2025-12-09 21:19:23+00:00,2087.8232253618194,3.6454273096021863,0.0,10.300000190734863,2.1962682032042924,205.24504697929183,0.0,358.70001220703125,118.02048736381322,667.0,2025-12-09 21:20:19+00:00,5419.195195195195,-56.0,243.0,8.37,36.43,7.3,fishing,fishing,moored,moored,0.7201411724090576,0.7560141682624817,True,True
6e543afb-2f94-4f6a-afce-dc0995a480fb,0cfc28e5-e890-40a8-a89e-d380b5d62138,2.719652173642231,0.0,8.699999809265137,1.0165425365247487,179.88318028820166,0.10000000149011612,359.0,99.21457909848613,2300,2025-12-09 12:01:33+00:00,634.734667246629,2.719912106243036,0.0,8.0,1.1106605489684893,187.42723287902078,0.20000000298023224,359.0,101.83674319233667,2958.0,2025-12-08 16:55:35+00:00,376.5018599932364,68758.0,308.0,13.39,10.41,6.22,transiting,transiting,fishing,fishing,0.9339377284049988,0.622742772102356,True,True
c28c2f34-f7db-4f0b-ab47-a1dfc00b383a,29dc75cd-e052-4321-b315-36bd9735f887,2.9928838964583395,0.4000000059604645,9.300000190734863,1.1069266214855729,144.02707769707536,0.8999999761581421,358.0,94.84210920021604,2937,2025-12-09 22:38:18+00:00,776.3906675749319,2.9889970472050176,0.20000000298023224,9.5,1.0004600846654914,159.53073724612253,0.6000000238418579,357.20001220703125,91.67853207733502,2363.0,2025-12-10 01:59:16+00:00,211.997883149873,-12058.0,141.0,4.8,5.97,2.73,fishing,fishing,fishing,fishing,0.8437010049819946,0.8477957248687744,False,False
53ab34f7-e1bc-4e89-97ce-b2e9ae0c6f30,9d5c606e-c823-4228-b795-a6624dcff792,4.423186442291333,0.0,8.899999618530273,1.8938461763627195,201.66481866949147,0.0,359.0,104.99488789876473,1475,2025-12-09 19:25:29+00:00,1232.802578018996,4.501215278714274,0.0,8.899999618530273,1.858789506045568,197.92875975333055,0.0,359.0,106.20244699239969,1152.0,2025-12-09 02:05:59+00:00,1899.994787141616,62370.0,184.0,12.47,15.97,7.53,transiting,unknown,anchored,unknown,0.8847407102584839,0.7078996896743774,False,True
c095b7d3-c7bf-4b29-af6c-aa65f524d47d,53305144-9594-4822-9cb5-3a0e6dfb4d5c,2.1594018604889405,0.0,12.100000381469727,3.283414374477224,171.25518432344768,0.0,358.8999938964844,104.75317798840287,2909,2025-12-09 19:41:25+00:00,487.4494497936726,1.7781893302383738,0.0,12.100000381469727,3.1091156373266977,190.7063611205652,0.0,358.79998779296875,101.09926800422245,1215.0,2025-12-10 01:43:46+00:00,1764.2207578253706,-21741.0,6.0,0.21,0.49,0.15,fishing,fishing,anchored,moored,0.651656985282898,0.6138007044792175,True,True
5410a918-7776-41c1-a144-779c3c79b1cb,1c9681ae-bd0a-4661-b257-045064275d7e,4.1737864149282276,0.0,11.399999618530273,4.191731745176837,171.64163433972035,0.0,356.5,106.64931906604518,515,2025-12-09 14:19:27+00:00,5045.696498054474,2.803628284225678,0.0,11.0,3.9576701039868585,163.86468807831503,0.0,358.3999938964844,105.73931314602115,1571.0,2025-12-09 18:01:38+00:00,789.1063694267516,-13331.0,1.0,0.19,0.06,0.05,moored,unknown,moored,unknown,0.9622087478637695,0.5092045068740845,False,False
4503dc41-965b-483a-a4ac-4d75f214b5a3,c51a4f77-4576-4f3d-a00c-0cc795fac579,4.8371802155498145,0.0,12.5,2.6920889103731382,176.53810333218718,0.0,359.0,109.67109277374277,1759,2025-12-09 17:48:30+00:00,1931.1302616609785,4.7784862238369765,0.0,12.5,2.7625676161097017,180.75113051588735,0.0,359.0,108.14197915844177,2431.0,2025-12-09 17:02:01+00:00,1189.1592592592592,2789.0,973.0,55.32,40.02,30.25,fishing,fishing,fishing,fishing,0.6226652264595032,0.8975966572761536,False,False
3290c222-3ca0-4b1b-9c5f-0633a746dbc2,30e9687c-a7f6-4c9f-8bdf-6d1c0edca7e8,6.777618583932283,0.0,102.30000305175781,5.637376910421094,197.95541761367667,0.10000000149011612,359.0,105.04810013110021,2024,2025-12-09 08:12:46+00:00,753.5778546712803,6.452152965229445,0.0,63.0,5.172861972834461,201.30413383038746,0.0,359.0,104.75574952744947,2694.0,2025-12-09 22:16:27+00:00,295.37467508354996,-50621.0,25.0,1.24,0.93,0.53,fishing,fishing,fishing,fishing,0.901221752166748,0.8067306280136108,False,False
9860cb6d-cb56-4db0-a121-c68948701ea9,590777b5-7810-4409-9699-7b73fefb96c3,3.9789293049339283,0.0,102.30000305175781,3.1618177463259984,225.65510127717218,0.0,359.0,103.24390162153092,2914,2025-12-08 03:11:41+00:00,981.4970820460007,4.625521823530575,0.10000000149011612,102.30000305175781,4.9278849421758535,252.80247337709258,0.30000001192092896,358.29998779296875,106.96762351392665,1054.0,2025-12-08 00:31:07+00:00,2822.2744539411206,9634.0,260.0,8.92,24.67,7.01,fishing,fishing,transiting,transiting,0.6333011984825134,0.7691290974617004,True,True
3c0f20dd-818d-48d5-8b7e-99037e128170,8266ad51-35f4-47d8-9001-88ff9beb162b,4.971299929560375,0.0,11.399999618530273,3.0879030864539403,182.07500963105375,0.0,359.0,99.7608520313648,2554,2025-12-09 06:19:45+00:00,988.4343909126518,4.443620693523052,0.0,11.0,3.136304274186679,182.87362061245688,0.0,359.0,96.63290213322908,1160.0,2025-12-09 13:20:02+00:00,1908.500431406385,-25217.0,5.0,0.2,0.43,0.13,fishing,fishing,fishing,fishing,0.984236478805542,0.8046704530715942,False,False
44f52216-7052-4416-9db8-d5fdaacd2c1b,f5ed46a7-a907-41f1-9d4e-ad030303b402,6.599493036431429,0.0,10.600000381469727,2.077579014914712,191.33367292935836,0.20000000298023224,358.5,87.70195102680168,1578,2025-12-09 13:38:53+00:00,916.6715282181357,6.178171203644283,0.0,11.100000381469727,2.4108908639939286,176.80611221130567,0.0,359.0,98.33114805287967,2909.0,2025-12-09 18:39:12+00:00,309.0557083906465,-18019.0,23.0,1.46,0.79,0.52,fishing,fishing,fishing,fishing,0.8775894641876221,0.896671712398529,False,False
3962b63f-30e9-4f22-aacb-069bab99cff4,7f0d8862-384e-46eb-9223-97300d85e733,3.4197604770766583,0.0,11.5,1.8971924125671604,196.16752273542104,0.4000000059604645,358.8999938964844,109.71114321155873,668,2025-12-09 12:37:51+00:00,3606.911544227886,2.9428906458313575,0.10000000149011612,10.5,1.7031992491326653,184.95960934893174,0.0,358.79998779296875,108.6941065746001,1280.0,2025-12-09 08:35:40+00:00,1869.6473807662237,14531.0,42.0,6.29,3.28,2.2,fishing,fishing,fishing,fishing,0.8751123547554016,0.9154298305511475,False,False
37481bdb-9f00-40b1-ae2a-ce966a150e2e,ea0549e1-25b4-40c9-b95a-f6ca8d48d457,4.668608638962873,0.10000000149011612,9.699999809265137,2.3946191957939322,194.10362864473922,0.0,359.0,115.43463468590429,2918,2025-12-08 19:50:23+00:00,38.35481659238944,5.268367877722299,0.0,10.100000381469727,2.729509562059274,185.94118001192044,0.0,359.0,100.73481530053951,1979.0,2025-12-08 16:39:11+00:00,760.2992922143579,11472.0,6.0,0.21,0.3,0.12,fishing,fishing,anchored,unknown,0.8043452501296997,0.5676896572113037,True,True
4b112518-159f-4510-86e3-42ec7e8f3a80,fda8a8ba-9b9a-41af-a1b9-0e839c98dd2e,8.632260208897707,0.10000000149011612,102.30000305175781,17.75275965231958,162.53293967546693,0.10000000149011612,359.0,104.37273028609587,1584,2025-12-08 13:17:05+00:00,1009.94125078964,13.553269365475515,0.10000000149011612,102.30000305175781,27.389524548864994,158.69792278593806,0.0,359.0,102.58114374517862,2906.0,2025-12-08 09:16:39+00:00,368.3263339070568,14426.0,22.0,1.39,0.76,0.49,fishing,fishing,fishing,fishing,0.9769957661628723,0.8782453536987305,False,False
ed510bd4-65fb-4f70-ae04-ac9dc41df0e6,4f63668d-b2b9-4e23-a562-5430013ad985,3.0316740556321897,0.0,10.600000381469727,2.9409959001710004,159.1815761484788,0.0,358.5,96.64303405208932,2933,2025-12-06 14:01:13+00:00,40.35197817189631,2.635563407657327,0.0,10.800000190734863,2.7984614204596068,164.23915493341138,0.0,359.0,99.03583249080548,1136.0,2025-12-06 20:04:41+00:00,2140.622026431718,-21808.0,2.0,0.07,0.18,0.05,fishing,fishing,transiting,transiting,0.7875580191612244,0.6344112157821655,True,True
b95fb176-ff1b-4a63-a031-cf72d9a030d9,44930820-6449-452c-937d-01a0d8335793,10.163874343219645,0.699999988079071,12.899999618530273,2.6692727354720467,238.77764185076848,0.10000000149011612,358.70001220703125,34.278021173652796,1146,2025-12-09 23:00:05+00:00,1180.9423580786026,9.908189346809937,0.6000000238418579,12.800000190734863,2.732441392060787,240.52972039760007,0.10000000149011612,358.79998779296875,34.56539984947342,2430.0,2025-12-10 00:39:25+00:00,347.39110745162617,-5960.0,7.0,0.61,0.29,0.2,fishing,fishing,fishing,transiting,0.979267954826355,0.9877369403839111,True,False
f26ab6ce-f0ec-4dfb-b099-d1eb77d0f52d,2d7cf461-155f-47f6-90bb-aa3eae04d92c,0.24020516257523544,0.0,8.899999618530273,1.2823329212364614,42.94013920841744,0.0,358.5,85.12867457888096,3022,2025-12-09 18:18:20+00:00,667.4382654750083,0.19145244342732246,0.0,8.100000381469727,1.087389017781104,46.5182789405994,0.0,358.79998779296875,91.69254516789368,3112.0,2025-12-10 01:01:14+00:00,150.67084538733525,-24174.0,247.0,8.17,7.94,4.2,,,fishing,moored,,0.8180972337722778,True,True
3878f6ee-ed41-48d7-91a7-7e9e1b67e43b,349c0d1c-d100-4c85-a83f-0fd3785bbc71,3.0051798068101787,0.0,102.30000305175781,4.573662118537063,165.71215614060864,0.0,359.0,106.85236938986556,2336,2025-12-09 08:02:28+00:00,984.8291220556745,2.512690364888376,0.0,102.30000305175781,3.023190377473669,139.04054518608157,0.0,359.0,113.42250703797589,2955.0,2025-12-09 07:36:29+00:00,191.36831415030468,1559.0,47.0,2.01,1.59,0.9,fishing,fishing,transiting,moored,0.7159588932991028,0.6000927090644836,True,True
9e00f784-3dce-417e-ad88-c3ee538e749f,ca2ca41b-06c2-4290-8ae5-4a74da690fce,3.0033882373711642,0.0,12.899999618530273,3.2359442284581608,182.38218662420834,0.6000000238418579,358.79998779296875,97.56243201574249,2125,2025-12-09 01:55:23+00:00,886.0517890772128,2.6280567360501705,0.0,10.5,3.063776171399369,177.67330343251177,0.4000000059604645,358.3999938964844,97.9279352312164,1693.0,2025-12-09 04:06:25+00:00,845.3498817966903,-7862.0,6.0,0.28,0.35,0.16,fishing,fishing,fishing,fishing,0.8425644040107727,0.7369927763938904,False,False
943f1b15-ff78-42ef-b548-dfc542f249a1,a8032ce4-8157-43f4-9b86-bcf65bd2858b,3.6311475409836067,0.20000000298023224,10.5,2.1046079762379044,175.15424396551293,0.20000000298023224,359.0,109.07178296597266,549,2025-12-09 17:46:49+00:00,4495.724452554745,4.221193569914396,0.0,10.5,3.1489754408788424,171.2740627763819,0.0,359.0,116.22448291270413,1793.0,2025-12-09 14:12:05+00:00,604.5452008928571,12884.0,2.0,0.36,0.11,0.09,fishing,fishing,fishing,fishing,0.541022002696991,0.7760635018348694,False,False
79fb8492-e09c-45fb-a15e-d9a4a4fcaae8,c1e77ec8-ab7d-4768-a13d-6588b3ac964f,2.41291150131318,0.0,102.30000305175781,3.897809898191306,158.86655477196933,0.0,358.8999938964844,102.16690944454942,2734,2025-12-08 04:20:38+00:00,915.2221002561288,2.46226272775863,0.0,9.399999618530273,1.9419420689292195,182.01943408833247,0.0,358.8999938964844,109.34269199531691,2634.0,2025-12-07 21:01:36+00:00,168.22673756171667,26342.0,31.0,1.13,1.18,0.58,fishing,fishing,fishing,fishing,0.8163096904754639,0.7880138158798218,False,False
c85576df-8185-4410-98f1-ad8634447d58,85e36978-3c49-4e44-9fcf-628b95d2e82d,2.2796722819634354,0.0,8.0,1.6936662979721,189.72893272805752,0.8999999761581421,358.79998779296875,100.33026658033108,2258,2025-12-07 02:53:07+00:00,2628.450155073106,2.382955673061715,0.0,7.099999904632568,1.637616926327992,203.48950341783058,1.2999999523162842,358.0,94.02332992135184,2030.0,2025-12-07 04:50:08+00:00,626.4435682602267,-7021.0,118.0,5.23,5.81,2.83,fishing,fishing,fishing,fishing,0.7587883472442627,0.8505059480667114,False,False
277bcccf-5448-4ecb-bdbb-04da6c47f07a,1a57c017-029e-4b09-b461-a4361e5928a5,3.5206338032450475,0.0,9.0,2.346113008390084,196.95860404121902,0.20000000298023224,358.8999938964844,97.9937462407378,1420,2025-12-06 23:01:37+00:00,1005.508104298802,4.097046986357277,0.0,9.0,2.3400428570534944,199.67537055778772,0.0,358.8999938964844,99.86596008530738,1490.0,2025-12-07 05:00:00+00:00,812.5292142377434,-21503.0,156.0,10.99,10.47,5.66,fishing,fishing,transiting,transiting,0.9874120950698853,0.9241339564323425,True,True
b72380ac-6448-4ab7-ac91-ea1f7e1ddc90,d6192960-dcd7-4682-a910-5df560799c46,2.884636971870877,0.0,11.100000381469727,2.0991332481539167,168.2006158051565,0.0,359.0,107.84685167432266,2851,2025-12-08 02:03:05+00:00,761.958245614035,2.9323768870223,0.0,11.300000190734863,2.2551922782006395,164.2920964833177,0.0,358.8999938964844,105.95868785104102,2335.0,2025-12-09 02:09:24+00:00,682.1169665809769,-86779.0,83.0,2.91,3.55,1.63,fishing,fishing,fishing,fishing,0.6143369078636169,0.8303788900375366,False,False
4c6e3af1-4762-4ac6-a83b-3b9df70d7657,61da12c8-31c0-45dc-85d8-b5b78e4e8301,2.524638183712754,0.0,11.800000190734863,3.4439405839829056,228.89542624084325,0.0,359.0,115.82008269146282,2902,2025-12-08 06:46:08+00:00,202.3691830403309,1.1404549471675463,0.10000000149011612,11.300000190734863,1.719643288251941,253.39500362541523,0.0,359.0,121.27760097717808,5715.0,2025-12-08 08:32:51+00:00,39.75708785439272,-6403.0,45.0,1.55,0.79,0.52,fishing,fishing,fishing,fishing,0.8702499270439148,0.8683192133903503,False,False
f8fea238-b119-4a0a-a9ce-0939f62c8a76,5ffc6f4a-37a0-4e9d-b651-99881cda2c3e,4.231453998871037,0.0,12.0,2.610384205869334,175.82840051599993,0.0,359.0,113.41026692965069,674,2025-12-09 06:32:36+00:00,3319.852897473997,3.9381818365279613,0.0,11.399999618530273,3.1261863113797634,173.5154720799455,0.0,358.79998779296875,117.95350601610772,1430.0,2025-12-09 06:10:30+00:00,1245.515045486354,1326.0,2.0,0.3,0.14,0.1,fishing,fishing,transiting,transiting,0.6211118102073669,0.8511658310890198,True,True
56859b5c-ab57-4788-a4ec-d04d428bc4fd,b2065422-4509-473f-a1aa-7349494fb613,0.5641585506241034,0.0,102.30000305175781,2.568001656205775,113.82239338496073,0.0,358.5,132.81713338513032,2977,2025-12-07 11:43:59+00:00,779.4495967741935,1.5210219562278526,0.0,9.699999809265137,2.934007238675416,187.00836107633035,0.0,357.5,116.44334033957601,2916.0,2025-12-07 10:03:19+00:00,177.57770154373927,6040.0,59.0,1.98,2.02,1.01,fishing,fishing,fishing,fishing,0.9661766886711121,0.5285695195198059,False,False
2ace52cb-698a-4755-b020-45454d8e328e,fc6674c6-ce74-4d3a-8391-c6d6dfd14c55,3.6988515158361888,0.0,11.5,2.6167272834014828,178.82180407189722,0.20000000298023224,357.79998779296875,95.5746249736521,2438,2025-12-09 21:32:50+00:00,506.6988100123102,3.827077083789312,0.0,11.399999618530273,2.779071325019755,180.3481169676591,2.299999952316284,359.0,95.54831150094384,1998.0,2025-12-09 19:15:47+00:00,586.9103655483225,8223.0,89.0,3.65,4.45,2.05,fishing,fishing,transiting,transiting,0.6017522811889648,0.5342546701431274,True,True
cdc8ab2d-dafb-4de6-93a9-309dd863d58b,84289f04-b39a-4a32-8426-edb395991ca4,1.8904199519945097,0.0,10.100000381469727,3.2236967710338944,172.62168198390208,0.0,358.8999938964844,107.56783857920571,762,2025-12-09 11:57:29+00:00,2540.5059132720107,1.8132619579097093,0.0,11.0,3.115220278418587,163.81501809126473,0.0,358.79998779296875,111.07225513337546,1214.0,2025-12-09 12:54:01+00:00,2473.2638087386645,-3392.0,13.0,1.71,1.07,0.66,fishing,fishing,fishing,transiting,0.7874404788017273,0.5472873449325562,True,False
c3827963-1d5b-484c-97ff-5dcd19f64716,e61ae771-efd4-4bd2-b98f-7016d9d8d24f,4.9721915400406935,0.0,11.600000381469727,3.3340279182595207,174.61364537288793,0.0,359.0,107.19806682515151,1086,2025-12-09 13:38:29+00:00,3545.5658986175117,5.560847908153152,0.0,11.399999618530273,3.296088297990349,174.19839753500395,0.0,359.0,120.76526497090329,1203.0,2025-12-09 12:42:51+00:00,869.9742096505823,3338.0,7.0,0.64,0.58,0.31,fishing,fishing,fishing,fishing,0.8471884727478027,0.9853326678276062,False,False
ebf87635-919c-4709-b94f-1128ac1d3e53,081e86b9-0e27-410d-8e30-935574f53d3e,3.941457876303405,0.0,10.300000190734863,2.466831547423033,149.78260410345302,0.20000000298023224,359.0,109.85055892737266,878,2025-12-09 22:15:50+00:00,2703.296465222349,3.070025049056741,0.0,10.100000381469727,2.521992733678194,182.60937623755663,0.0,359.0,126.52916161452097,1598.0,2025-12-10 00:52:35+00:00,636.3187226048841,-9405.0,5.0,0.57,0.31,0.2,fishing,fishing,transiting,transiting,0.7463129758834839,0.7929922342300415,True,True
82377286-0790-48a7-8275-f61d827673a5,c67b9465-b9b9-4b1f-9ce7-c120745c84e5,2.0271966564605424,0.0,9.699999809265137,2.4068543374829363,154.61364900400486,0.0,359.0,117.01070829132286,2390,2025-12-08 20:20:04+00:00,959.6680619506069,2.4378929856653797,0.0,9.399999618530273,2.3353579123996404,162.4416879461691,0.0,358.8999938964844,117.27299888990137,2990.0,2025-12-08 15:21:40+00:00,261.2566075610572,17904.0,48.0,2.01,1.61,0.9,fishing,fishing,fishing,fishing,0.6268211007118225,0.8245751857757568,False,False
1720530c-d5ef-4abf-a8a7-962d65b9d794,0af03f0d-48db-46b4-8f21-cc2f7c483db0,3.914546063477192,0.0,10.800000190734863,1.8805153370784562,189.52713725794382,0.0,359.0,101.72753457482692,3018,2025-12-09 14:09:13+00:00,636.5409347033477,4.087907197238983,0.0,10.800000190734863,2.374438141039093,188.64223240802863,0.0,358.0,104.83460318261037,2241.0,2025-12-09 10:35:10+00:00,1375.98125,12843.0,113.0,3.74,5.04,2.2,fishing,fishing,moored,transiting,0.9487120509147644,0.9195568561553955,True,True
097ed3d0-50a0-476f-a646-8c6150079940,ce4cb259-b2a5-4963-afd5-01c43e1973ce,3.0029526737705035,0.0,10.600000381469727,2.4683804026509937,216.40074209226506,0.10000000149011612,359.0,109.9329630759636,2303,2025-12-09 07:07:34+00:00,1161.410512597741,2.2279316429500904,0.0,9.100000381469727,2.0005598011279626,174.29447995245488,0.0,359.0,116.26852102074142,2925.0,2025-12-08 14:14:12+00:00,189.67065663474693,60802.0,32.0,1.39,1.09,0.62,fishing,fishing,fishing,fishing,0.9188576340675354,0.6071102619171143,False,False
7f9ff715-543e-4ba3-911c-26bc204ab16e,,3.7902057261367816,0.0,10.100000381469727,1.8477479538371608,198.4496614845827,0.0,359.0,100.15957773093709,2236,2025-12-10 00:19:41+00:00,4566.634004474273,,,,,,,,,,,,,,,,,fishing,fishing,missing,missing,0.5106089115142822,,True,True
e2fa82ad-ce1f-405e-9138-5642eff13375,98e57b7a-df54-4b11-a9f4-b1836b2a94b5,3.0983993299838968,0.20000000298023224,10.199999809265137,1.4597890050241888,158.71497007454303,0.0,359.0,106.04824751612959,1187,2025-12-09 06:13:15+00:00,2590.181281618887,3.1249394842676814,0.0,10.300000190734863,1.399552791101854,161.86841146785858,0.0,359.0,115.71315087237824,2478.0,2025-12-09 06:39:43+00:00,357.205490512717,-1588.0,22.0,1.85,0.89,0.6,fishing,fishing,fishing,fishing,0.9084702134132385,0.9447005987167358,False,False
a15dc0b1-adf6-4520-981d-f79d2d07c305,656a8ef9-c660-4558-8e37-b39f626499d1,6.289863917733626,0.5,12.100000381469727,2.490228898870434,192.83282569143302,0.0,359.0,111.30465714717153,2131,2025-12-09 15:36:13+00:00,444.75962441314556,7.421872886876305,0.5,12.199999809265137,3.115575266370347,202.96735521813156,0.0,359.0,105.91849648560398,2958.0,2025-12-09 22:30:32+00:00,125.08488332769699,-24859.0,27.0,1.27,0.91,0.53,fishing,fishing,fishing,fishing,0.8654567003250122,0.8003665804862976,False,False
d4825869-dc6a-4f71-9403-f3a1ab5f9f03,d7abb75e-5efc-4a5f-8ece-b0280de9317e,3.480136674774942,0.0,9.5,0.7581444613404751,197.65105314350828,0.0,359.0,112.34030006835474,2195,2025-12-09 13:24:58+00:00,1680.7137648131268,3.16345516124437,0.0,10.0,0.7711209567053218,220.68655664073097,0.0,359.0,107.98795946976615,903.0,2025-12-09 19:57:05+00:00,4685.324833702883,-23527.0,206.0,9.38,22.81,7.12,fishing,fishing,fishing,fishing,0.7799898386001587,0.6547218561172485,False,False
cb6e0a7e-f070-48bd-8ebf-8395af039ed7,c889da24-48cf-4826-be44-41189b29e68b,5.409446139416442,0.10000000149011612,8.199999809265137,2.0764679194830293,160.45261722272306,0.30000001192092896,359.0,104.67628577340926,2943,2025-12-08 16:10:06+00:00,369.08259687287557,5.150528911419728,0.10000000149011612,8.100000381469727,2.124620864613782,190.9214388595944,0.6000000238418579,359.0,104.18159872485174,2836.0,2025-12-09 06:23:56+00:00,217.30335097001765,-51230.0,45.0,1.53,1.59,0.78,fishing,fishing,fishing,moored,0.8768123984336853,0.8546817302703857,True,False
707534a0-fe17-4076-b42d-6cc0d4e8edeb,e1781341-ab4d-417a-a45f-23def1504735,2.2011412390097234,0.0,11.399999618530273,3.420350685874653,181.969054116219,0.0,359.0,100.9624901157221,701,2025-12-09 09:36:18+00:00,3728.922857142857,2.3607692673474876,0.0,11.300000190734863,3.42873540171169,187.32323936988408,0.0,358.70001220703125,102.75682772454115,910.0,2025-12-09 03:48:06+00:00,2202.832783278328,20892.0,3.0,0.43,0.33,0.19,fishing,fishing,fishing,moored,0.795795202255249,0.8428153991699219,True,False
9fec05d8-8f82-49f7-8f91-176a9818442b,e38ccfc3-bd60-4114-b34c-195446276fc7,3.063793104944815,0.0,9.100000381469727,1.5693959797295292,167.63424527773753,0.0,356.6000061035156,105.2059273981984,696,2025-12-07 17:10:59+00:00,4143.473381294964,2.914055147369235,0.0,8.699999809265137,1.455050204771141,155.2755558762185,0.0,358.3999938964844,97.06808605857402,1487.0,2025-12-06 19:05:55+00:00,1319.1056527590847,79504.0,23.0,3.3,1.55,1.06,fishing,fishing,fishing,fishing,0.8963030576705933,0.861683189868927,False,False
1c365d4d-c8ca-4aa6-a3de-179f5051849e,97fa0246-5051-45a5-a8d4-bce6293fdb46,6.127542203746985,0.0,13.699999809265137,4.559965978288872,178.80787642298284,0.0,359.0,90.2354323813476,2429,2025-12-07 09:37:16+00:00,475.40733113673804,2.115201149376282,0.0,11.899999618530273,3.4504037776043903,202.55632449650798,0.0,359.0,105.30267408432515,2138.0,2025-12-07 04:26:53+00:00,621.7599438465138,18623.0,14.0,0.58,0.65,0.31,fishing,fishing,moored,unknown,0.8316193222999573,0.838798463344574,True,True
bf5d6aff-e883-4480-ba3a-21c09f9b992a,44685e00-c7cf-46b5-a1b9-512d03e1224a,2.273175178231658,0.0,11.100000381469727,3.095912156511531,162.2031136698366,0.0,358.6000061035156,111.83955431989222,548,2025-12-09 21:29:01+00:00,3826.204753199269,2.3788586517387635,0.0,11.300000190734863,3.2551389141422424,150.56376688890643,0.0,356.1000061035156,115.53654322632723,771.0,2025-12-09 12:39:11+00:00,1514.8194805194805,31790.0,4.0,0.73,0.52,0.3,fishing,fishing,fishing,fishing,0.7692115902900696,0.8986511826515198,False,False
841a3ce5-8e4f-462b-a3aa-2c8a9bc25522,aac002e5-1e98-475d-b19e-561edc75d11f,2.2756200852204977,0.0,11.300000190734863,3.710977090316249,146.11156991959035,0.0,359.0,114.57242486457609,3306,2025-12-08 19:13:22+00:00,295.4568835098336,3.1904273753364882,0.0,10.300000190734863,3.5980596734466737,171.08101481478982,0.0,359.0,113.25104763519552,1170.0,2025-12-07 22:08:26+00:00,2799.3028229255774,75896.0,3.0,0.09,0.26,0.07,fishing,fishing,transiting,moored,0.775475800037384,0.7888948917388916,True,True
85302927-db6e-4446-9e58-d2d8f78288e2,f043b6e2-2a35-47e7-8055-ac7560d9850b,4.466858918543082,0.0,11.600000381469727,2.3259391753103453,183.1892109320458,0.10000000149011612,359.0,104.28405424363592,2254,2025-12-07 11:28:49+00:00,579.457168220151,4.884304152181184,0.5,11.800000190734863,2.6356375686277618,168.58875302380713,0.30000001192092896,358.70001220703125,95.46026336178946,2867.0,2025-12-07 12:31:30+00:00,87.73272854152128,-3761.0,12.0,0.53,0.42,0.23,fishing,fishing,fishing,fishing,0.8332794904708862,0.8561176657676697,False,False
a54aa373-e709-4a32-9e22-218a975ed646,8c79c77d-4c47-4865-ba6f-aa928f5759de,0.6099933819028023,0.0,4.5,1.0656587346199435,193.612648856403,0.0,358.8999938964844,99.80728115211012,1511,2025-12-09 21:58:21+00:00,1894.8529801324503,0.4343721789678907,0.0,4.400000095367432,0.9647502349798041,195.82231319586006,0.0,359.0,100.77303498680837,2214.0,2025-12-09 13:22:45+00:00,1085.275192046995,30936.0,43.0,2.85,1.94,1.17,fishing,fishing,fishing,fishing,0.9150779843330383,0.9053522944450378,False,False
d496a9db-d194-4bbd-8745-1be0d2f84103,2bdce0c1-b6c5-4acc-b521-05acd1e7cc2f,4.3681416024500646,0.0,11.699999809265137,3.5770072252162346,185.14421944626102,0.10000000149011612,359.0,108.71016101327524,2034,2025-12-09 05:44:33+00:00,1127.9685194294148,3.526496952703429,0.0,11.600000381469727,3.316362145810592,175.4791568596112,0.0,359.0,105.44723581223168,1453.0,2025-12-09 13:33:34+00:00,1949.26652892562,-28141.0,74.0,3.64,5.09,2.17,fishing,fishing,fishing,moored,0.8494560718536377,0.6441221833229065,True,False
1c567bfb-750b-4942-93fa-c611e9740dc6,9889137c-1e73-4222-9d6b-4fbe66077cb0,3.699154663294479,0.0,11.800000190734863,2.70637088575336,180.95981570604948,0.0,359.0,106.26308721736419,3194,2025-12-09 18:23:55+00:00,424.1171312245537,3.9436239438357514,0.0,11.699999809265137,2.9321869317131335,188.2070811896668,0.0,359.0,104.8506313847333,2925.0,2025-12-09 17:45:02+00:00,414.3967168262654,2333.0,122.0,3.82,4.17,2.03,fishing,fishing,fishing,fishing,0.8767802119255066,0.8841071128845215,False,False
176d3bf8-dbf7-419c-9a89-b1f874dd536e,91b8990d-7794-4ec2-a5c8-675a8113ef6d,1.6403673186121897,0.0,11.5,2.589464276567106,178.96821779146595,0.0,359.0,100.14052276546961,2668,2025-12-08 05:53:59+00:00,1045.5316835395577,1.450428198316234,0.0,11.399999618530273,2.5181233989584144,174.53885822484165,0.0,358.79998779296875,96.73123765842766,3036.0,2025-12-08 04:01:05+00:00,197.80296540362437,6774.0,30.0,1.12,0.99,0.53,fishing,fishing,fishing,fishing,0.7992234826087952,0.846751868724823,False,False
70b6babe-f979-494e-b42c-c532a8e5f7e2,91e64007-af4f-488f-af60-d1217ebf812b,3.731154238729705,0.0,10.0,1.7173758776593224,226.68991817404043,0.0,358.8999938964844,100.99020441170082,2937,2025-12-08 03:52:27+00:00,769.341280653951,3.913773315979612,0.0,9.699999809265137,1.796275161704581,233.17192727809086,0.0,358.3999938964844,98.62215407898701,2091.0,2025-12-08 02:00:46+00:00,1055.4789473684211,6701.0,213.0,7.25,10.19,4.42,fishing,fishing,fishing,fishing,0.9701796770095825,0.6528884172439575,False,False
4830d430-84cb-4626-b696-e398fa42e81a,28b9e312-efc0-4eb5-945a-3f77a3091e55,2.9266536961153786,0.0,8.399999618530273,1.245533818059006,161.74114174521932,0.0,358.79998779296875,104.61039065161029,514,2025-12-08 19:36:10+00:00,4319.196881091618,3.0759557521858927,0.0,8.5,1.142176579323228,168.0648141390709,0.10000000149011612,358.79998779296875,107.91971124165671,994.0,2025-12-08 22:38:42+00:00,1994.289023162135,-10952.0,1.0,0.19,0.1,0.07,fishing,fishing,fishing,fishing,0.906402587890625,0.7951388955116272,False,False
b387cff2-63a9-47f5-b20a-e02bdb64b6a3,b88381c0-0702-476d-bd14-dcabdbedab97,3.352774941407786,0.0,11.699999809265137,2.808109119816248,197.68957360721615,0.0,359.0,99.44961959518447,2937,2025-12-09 11:45:02+00:00,520.3160762942779,3.20805871604891,0.0,12.199999809265137,2.499148638438172,185.4933704718598,0.0,358.6000061035156,98.48201056905512,3611.0,2025-12-09 13:30:00+00:00,232.55013850415511,-6298.0,56.0,1.91,1.55,0.86,fishing,fishing,transiting,transiting,0.7761989831924438,0.7769476771354675,True,True
3e45f1bf-28c9-460a-bc2e-d0310f32e90d,44945dfd-b37b-4e60-b0ee-03f7535cca29,3.240098133706467,0.0,54.29999923706055,2.5347355044513886,169.65176352136726,0.0,359.0,108.17926082952341,2242,2025-12-08 16:38:07+00:00,1198.7786702365015,3.0758655991655623,0.0,10.5,1.7520203146822677,175.08470318729948,0.0,359.0,116.9981793586742,1964.0,2025-12-08 12:18:11+00:00,438.7086092715232,15596.0,6.0,0.27,0.31,0.14,fishing,fishing,fishing,fishing,0.8082026243209839,0.8460869193077087,False,False
66817cda-c340-4d29-8b91-2c549b8b550b,cee5e335-65ea-4be0-b07a-e300ef55fabc,1.1294607230711395,0.0,9.899999618530273,2.710085433403634,172.4164557087469,0.0,358.8999938964844,113.90437450527631,3004,2025-12-07 07:13:36+00:00,98.85547785547786,2.746901189811665,0.0,102.30000305175781,3.648285819059569,180.54058422148228,0.0,359.0,105.46807483735303,1791.0,2025-12-07 05:57:48+00:00,1006.8530726256984,4548.0,22.0,0.73,1.23,0.46,fishing,fishing,fishing,fishing,0.7369707822799683,0.6662602424621582,False,False
8ae23557-5e32-4c6a-bbd7-a54cbf7c5b01,e33fb00b-d2fe-4259-bad0-0ce9844eb3a7,2.4244525564684922,0.0,7.199999809265137,1.880993868309274,177.58816745043498,0.30000001192092896,358.5,97.41160136760512,1370,2025-12-09 00:53:23+00:00,3242.0840029218407,2.344184690456095,0.0,7.199999809265137,1.8094035779141011,172.21486369969466,0.10000000149011612,358.5,104.64522543710854,1711.0,2025-12-09 00:58:27+00:00,2479.8216374269005,-304.0,532.0,38.83,31.09,20.87,fishing,fishing,transiting,transiting,0.7148908376693726,0.6948856115341187,True,True
b3344e50-4069-4492-8566-3011a5968f09,,2.8033370436132947,0.10000000149011612,8.0,1.0978466421471627,142.78587366179775,0.0,355.0,91.76208697691035,899,2025-12-09 13:35:21+00:00,4057.936525612472,,,,,,,,,,,,,,,,,transiting,transiting,missing,missing,0.9285107254981995,,True,True
14e2bca4-dcc0-404e-b3e1-55fa1316b7f7,9e5b7e3b-ff12-4722-a4a2-0da381facda2,2.5568807361132393,0.0,13.300000190734863,3.647137834408969,180.60899530668655,0.20000000298023224,359.0,104.25096285746591,3052,2025-12-10 00:20:39+00:00,45.339233038348084,4.311547793997531,0.0,13.300000190734863,4.475265757408843,181.8810538040614,0.0,358.5,108.59719629870966,1654.0,2025-12-09 21:28:47+00:00,1766.4174228675136,10312.0,28.0,0.92,1.69,0.6,fishing,fishing,fishing,fishing,0.9156827330589294,0.5662218332290649,False,False
01bd4b77-1c59-4b04-b4a0-f3ef9e1aa0dc,55a0b365-3661-422a-af76-2b5273b9eb82,4.75458664028976,0.0,11.100000381469727,3.772752914956543,142.69052217597994,0.0,358.8999938964844,100.30813108213748,1766,2025-12-09 02:19:49+00:00,828.4379603399433,3.1162547117706096,0.0,11.0,3.4118540197013263,189.37231065264496,0.0,359.0,105.69493079466625,1335.0,2025-12-09 03:00:18+00:00,1036.4025487256372,-2429.0,4.0,0.23,0.3,0.13,,,transiting,transiting,,0.9285542368888855,True,True
d170ccb5-973c-41d0-8a10-9b352a30cead,0e21aa8f-d335-49d0-8c91-f0b9a37898c8,3.134273883109482,0.0,9.399999618530273,2.040420279560198,191.7256236303561,0.0,359.0,109.21804279229404,2658,2025-12-09 09:53:34+00:00,234.19646217538576,3.0195013869813354,0.0,9.399999618530273,2.493762413911578,198.26877531406936,0.0,359.0,112.0748627642342,2928.0,2025-12-09 15:53:07+00:00,83.8923812777588,-21573.0,102.0,3.84,3.48,1.86,fishing,fishing,transiting,transiting,0.8448660373687744,0.8809124827384949,True,True
df5e7b65-1e02-4edb-96aa-7b32ee1fc07c,da2b5204-9bba-482d-b1b5-8996e3acea08,1.8914222875855797,0.0,19.399999618530273,3.6482007540114396,107.81780719639757,0.0,358.6000061035156,121.03322322259933,1364,2025-12-09 10:48:10+00:00,1715.7072633895818,1.7214150206775802,0.0,51.20000076293945,3.8016901327877055,96.36443239861424,0.0,358.70001220703125,120.56527781693576,2106.0,2025-12-09 12:18:22+00:00,603.4883610451307,-5412.0,10.0,0.73,0.47,0.29,fishing,fishing,fishing,fishing,0.9071230888366699,0.9561172127723694,False,False
fbfcb9cd-fd35-466a-8bb8-8268074f0a5d,3313885f-5078-4e02-91a3-77be1a59644d,5.616763023860355,0.0,102.30000305175781,9.611038425149065,171.84346956402615,0.10000000149011612,358.79998779296875,99.43144195175985,2941,2025-12-08 15:19:41+00:00,346.2812925170068,4.875888479537541,0.0,102.30000305175781,8.462101504233564,180.35926679588303,0.0,358.3999938964844,93.21764143459066,2223.0,2025-12-08 19:15:08+00:00,124.20747074707471,-14127.0,68.0,2.31,3.06,1.33,fishing,fishing,fishing,fishing,0.8616918325424194,0.7603274583816528,False,False
401ac52e-85a0-468b-9c42-af0682d46cbe,851a508f-fa74-462e-a9ec-d083843931e1,3.2156798962331585,0.0,10.300000190734863,2.3605985977285435,190.54646242306214,0.800000011920929,358.8999938964844,104.7606166868901,3074,2025-12-09 09:14:43+00:00,375.01789781972013,3.460013616524842,0.0,9.699999809265137,1.8895503684431545,189.58015748979415,0.0,358.79998779296875,103.91538736866941,2941.0,2025-12-08 17:01:29+00:00,120.81530612244897,58394.0,93.0,3.03,3.16,1.57,fishing,fishing,fishing,fishing,0.8748591542243958,0.8967652916908264,False,False
8f635e16-d02d-43db-80e4-63accd311cd3,df1604d4-d678-4d68-bae3-7d4f3b83524f,2.2044327637358414,0.0,8.899999618530273,3.0366858659087237,171.21521057012495,0.0,358.79998779296875,121.67205399785861,2662,2025-12-09 01:57:36+00:00,880.478391582112,2.3515459902378435,0.0,9.0,2.977973637662763,171.59090191074839,0.0,359.0,124.36669567807989,2458.0,2025-12-08 15:58:16+00:00,186.8803418803419,35960.0,30.0,1.13,1.22,0.59,fishing,fishing,fishing,fishing,0.9154857397079468,0.5920983552932739,False,False
b125d804-9771-40de-93e6-d99ca05b792a,ea14e358-63e5-4972-b55d-f7a787905cf7,4.840502355101531,0.0,11.0,3.9731083113993564,197.5294585688289,0.0,359.0,105.98164396944509,637,2025-12-09 14:55:24+00:00,2516.0283018867926,5.135690927349358,0.0,12.399999618530273,4.127703063009857,180.21567600642243,0.0,359.0,113.3013771641304,1527.0,2025-12-09 23:22:25+00:00,1310.375491480996,-30421.0,3.0,0.47,0.2,0.14,fishing,fishing,transiting,transiting,0.687747061252594,0.8312478065490723,True,True
935faace-6453-45d2-a878-0719862787b4,c5c61887-cdca-4bc8-853b-e19a75ea4b88,3.1061999129342763,0.0,10.399999618530273,2.586635477929229,185.85780156237757,0.0,358.8999938964844,96.09992304639968,2371,2025-12-09 12:07:55+00:00,197.86202531645569,3.9437753062156196,0.0,10.399999618530273,2.9059200121661926,198.68555961833704,0.0,359.0,99.47614045971217,2474.0,2025-12-09 17:45:05+00:00,112.456530529721,-20230.0,60.0,2.53,2.43,1.25,transiting,transiting,transiting,transiting,0.5356625318527222,0.8560977578163147,False,False
c4843d1e-2d1e-4386-93c3-2598ab9e1f84,5ce2af63-b131-4875-bfca-6e5d2bbd8a13,4.85067726354672,0.0,13.0,3.8862777792227052,163.86320545860474,0.0,359.0,109.97981388751504,2141,2025-12-08 08:00:02+00:00,1288.496261682243,5.5247538808769905,0.0,12.5,3.8088017300659294,166.01886741400804,0.0,358.8999938964844,107.04175707798034,2844.0,2025-12-08 08:29:27+00:00,592.0063313401337,-1765.0,55.0,2.57,1.93,1.12,,,fishing,fishing,,0.7338950634002686,True,True
f7ea90c2-87ed-48b7-9528-c3471d9fd56b,c04560dc-8914-4e7d-b307-b3766a6e5cfb,2.7553159817748574,0.0,9.100000381469727,1.6127385514896002,185.72570684207105,0.0,359.0,100.96440435404672,2690,2025-12-08 10:26:07+00:00,1207.7322424693195,2.637829055271735,0.0,9.100000381469727,1.6655400506822682,185.9811650672291,0.0,358.6000061035156,95.5278180301229,3077.0,2025-12-08 14:05:07+00:00,873.9879713914174,-13140.0,551.0,20.48,17.91,10.56,fishing,fishing,fishing,fishing,0.7509094476699829,0.8471499681472778,False,False
ac48c8d9-4178-4d85-a995-7275e70487b2,aa0c70ea-1b5c-45cf-bf1f-524cb32ba91b,7.645644317000853,0.0,12.800000190734863,4.615723090876282,207.60346065715584,0.10000000149011612,358.79998779296875,105.6634621348212,2491,2025-12-09 00:23:42+00:00,651.5538152610442,7.789332422323356,0.0,12.5,4.604210053527364,205.01285433047596,0.10000000149011612,359.0,106.58765965750929,2906.0,2025-12-09 07:40:22+00:00,318.32289156626507,-26200.0,43.0,1.73,1.48,0.8,transiting,transiting,fishing,fishing,0.8099757432937622,0.8547117710113525,True,True
d158855d-e098-4745-b428-2b2db561e6a1,2c1b1aec-d324-42f9-9bda-18dbacec14d2,3.792429914172286,0.0,78.30000305175781,4.488358210893954,157.65037465410845,0.0,359.0,116.59243134051908,1070,2025-12-09 14:56:19+00:00,2291.88868101029,6.032299451896731,0.0,76.9000015258789,5.189417756380538,146.57532305674027,0.0,358.5,111.61590484610849,1483.0,2025-12-09 13:38:34+00:00,795.9271255060729,4665.0,4.0,0.37,0.27,0.16,fishing,fishing,fishing,fishing,0.7149540781974792,0.795120120048523,False,False
9e5fa9e6-10f0-45a9-b2c5-aabcf147bfb9,a8debb54-a194-4544-b54b-b72fc891b70e,1.6558282400101705,0.0,11.0,3.184636493661765,200.5187726733155,0.0,358.8999938964844,93.65289409928023,1793,2025-12-08 11:57:42+00:00,1391.0128348214287,2.166247050627412,0.0,10.300000190734863,3.624982933280569,165.19196825169175,0.0,359.0,98.13255801721142,2939.0,2025-12-08 07:15:06+00:00,559.3304969366916,16956.0,11.0,0.61,0.37,0.23,fishing,fishing,fishing,fishing,0.8389390707015991,0.8605627417564392,False,False
ea4a0e6e-809d-4165-a1f5-282877aee9d0,0d01d09e-5b4b-4094-8467-a53b690af5ac,4.505755156095196,0.0,14.0,4.5069187081446325,133.54873282031036,0.10000000149011612,359.0,110.45651500463657,3006,2025-12-06 21:17:01+00:00,317.522462562396,4.467643053709892,0.0,14.399999618530273,4.479237208871124,134.04792526441358,0.0,359.0,105.8481065042832,2936.0,2025-12-06 14:21:31+00:00,187.85008517887564,24930.0,200.0,6.65,6.81,3.48,fishing,fishing,fishing,fishing,0.8718694448471069,0.9602294564247131,False,False
53b908c9-8ed1-4ba5-96e1-3db38d334adc,3315f7fe-9f67-4c4a-8e53-0dc686f35bdb,1.1057647503477976,0.0,10.699999809265137,1.995128258079572,180.99903018268753,0.0,359.0,103.20504683013311,3001,2025-12-07 08:25:54+00:00,44.387,0.8810141662592595,0.0,13.0,2.2151301872269054,191.30401845316402,0.10000000149011612,357.70001220703125,94.0610024285355,1696.0,2025-12-08 06:32:58+00:00,1385.6625368731563,-79624.0,1.0,0.03,0.06,0.02,fishing,fishing,moored,moored,0.817827045917511,0.9373306632041931,True,True
974f44e4-b965-45e0-a56e-dcaba5e4c2bb,4cafe04a-e59b-400e-95f3-dd91cf3ccc41,6.105617205089219,0.0,13.0,5.036862695675824,96.81616325271737,0.0,358.6000061035156,94.32577682288264,2884,2025-12-08 10:03:51+00:00,857.799167533819,4.051112021029213,0.0,12.300000190734863,4.579323327006678,193.47223884178433,0.0,357.29998779296875,79.67322943089414,2473.0,2025-12-08 07:50:16+00:00,218.0554207119741,8015.0,23.0,0.8,0.93,0.43,fishing,fishing,moored,unknown,0.8270791172981262,0.961317777633667,True,True
1f0bb6f0-7095-4df7-88a7-4b3e77feb3bb,21ca232b-b9f1-4ff6-a0e4-59c25841828e,3.092654868755984,0.0,9.699999809265137,2.5229204440134128,187.19294652683394,0.0,358.6000061035156,115.39317696384423,1130,2025-12-09 14:59:44+00:00,2103.185119574845,3.1521388893116726,0.0,8.399999618530273,2.143775267997051,163.19030591986282,0.0,359.0,101.6868266973259,1613.0,2025-12-09 09:34:58+00:00,715.7921836228288,19486.0,17.0,1.5,1.05,0.62,fishing,fishing,moored,unknown,0.8099391460418701,0.5482928156852722,True,True
005c5b1b-fe67-4642-b9ae-d7ad516dbeb6,b1947586-892e-4b97-a859-d61c69f4d366,5.53893343195366,0.0,102.30000305175781,3.23957734332106,176.77995137229868,0.0,359.0,106.07528474132336,2869,2025-12-08 04:57:10+00:00,963.9546722454672,5.50324093792493,0.0,102.30000305175781,3.4698840735020293,166.6005104625252,0.0,359.0,106.80195318190682,2561.0,2025-12-09 00:35:07+00:00,930.466796875,-70677.0,561.0,19.55,21.91,11.52,fishing,fishing,fishing,fishing,0.6946154236793518,0.6890009045600891,False,False
953358f8-da71-4f3f-b448-486ffc2638a1,3e27a8d8-9eac-4eba-93a4-a55d1dd649a1,2.0661589436652448,0.0,11.399999618530273,2.5178226236356314,177.46392943614975,0.0,359.0,125.43689261870934,3020,2025-12-09 20:19:32+00:00,614.9595892679695,1.4383589878601906,0.0,10.199999809265137,2.081690358093063,125.83846283428944,0.10000000149011612,357.20001220703125,85.85593190502325,975.0,2025-12-09 21:23:23+00:00,4169.5287474332645,-3831.0,2.0,0.07,0.21,0.05,fishing,fishing,transiting,unknown,0.96921306848526,0.6514266133308411,True,True
de9370e3-db5c-48ab-854e-a10b4b329097,d8c908c8-ae38-416e-9763-50752d2ad587,3.2362611584536847,0.0,11.399999618530273,3.0568732361663917,189.460114174656,0.0,358.8999938964844,109.30124742886272,2129,2025-12-07 10:30:30+00:00,999.3862781954887,1.6173280482303607,0.0,11.399999618530273,3.0994921411713725,222.07663165696042,0.0,359.0,77.26556667996616,3024.0,2025-12-08 03:04:43+00:00,331.1468739662587,-59653.0,41.0,1.93,1.36,0.8,moored,unknown,anchored,unknown,0.8997018933296204,0.7551201581954956,False,True
55535fc1-ba1d-4c65-abe5-30532906cebb,2d8ef745-0a36-4339-b61d-3ec65f12eb07,2.93758363582836,0.0,102.30000305175781,4.077730091705788,184.32703251018532,0.0,358.8999938964844,99.19558584465129,2541,2025-12-07 18:13:25+00:00,197.29330708661416,3.343574443737861,0.0,102.30000305175781,3.7017488486585557,189.54528432393383,0.0,359.0,100.84967894191811,2848.0,2025-12-07 19:45:06+00:00,138.34211450649806,-5501.0,225.0,8.85,7.9,4.36,fishing,fishing,fishing,fishing,0.5894251465797424,0.9275141954421997,False,False
84b1a539-4b0d-4abf-9db4-71635715b29e,26abeb6c-f3ec-4267-8963-0ed2e9fab3b6,3.6233026270053363,0.0,11.600000381469727,2.695963261553595,185.56667921313752,0.20000000298023224,359.0,99.80935859022692,2931,2025-12-09 20:18:13+00:00,869.1180887372013,3.541643852817073,0.0,11.100000381469727,2.6931018680524588,186.24146584504518,0.0,359.0,99.08964110337489,2920.0,2025-12-09 14:45:04+00:00,529.4659129838986,19989.0,97.0,3.31,3.32,1.69,fishing,fishing,fishing,fishing,0.7099129557609558,0.5468332767486572,False,False
cd95cf0b-33b0-4100-8e84-c4680adffa65,6c3c192d-e8fd-4f3b-9547-f880c0a458fa,3.045229096396248,0.0,9.600000381469727,2.6275513050197024,179.61654610623472,0.0,358.8999938964844,101.14836437303315,2379,2025-12-08 19:12:32+00:00,962.0874684608915,2.600406518738545,0.0,102.30000305175781,2.9417120929185163,168.1709058966982,0.0,359.0,111.4816133731064,2952.0,2025-12-08 18:17:29+00:00,252.50118603863098,3303.0,33.0,1.39,1.12,0.62,fishing,fishing,fishing,fishing,0.6438365578651428,0.9798893332481384,False,False
d00cd01f-f175-4a68-ab61-db9d6897bca2,192ad9e8-a3cc-42d0-8187-ce793efcf234,1.3526937828571133,0.0,11.0,1.912879236234024,188.05448825490296,0.20000000298023224,359.0,111.1864085814478,2877,2025-12-09 22:39:14+00:00,383.874826147427,0.9068699787837771,0.0,12.399999618530273,1.1933873579194492,200.5864361120756,0.0,359.0,109.0254754082988,2984.0,2025-12-10 00:15:52+00:00,171.70197787462286,-5798.0,39.0,1.36,1.31,0.67,fishing,fishing,fishing,fishing,0.9220998883247375,0.8672072291374207,False,False
6197ce61-2f8a-4e30-9237-275083e2dcfb,6ea420d4-36cb-4e74-9222-5a6e91982ee6,5.5823875456042975,0.10000000149011612,11.100000381469727,3.2387480561986197,129.85687559424986,0.4000000059604645,357.8999938964844,92.51870205482244,2890,2025-12-09 21:13:16+00:00,402.0716510903427,6.848760636807966,0.10000000149011612,11.100000381469727,3.316741589472755,147.68069644842095,0.10000000149011612,358.8999938964844,82.71556636329494,2703.0,2025-12-10 00:23:08+00:00,181.39970392301998,-11392.0,21.0,0.73,0.78,0.38,fishing,fishing,fishing,fishing,0.7917348146438599,0.8610967993736267,False,False
1c728008-809a-453e-8708-498af69ea6dd,18c026c8-8f40-4dc5-87f1-35dca9dae57c,3.224366037501587,0.0,10.800000190734863,1.9600059364329738,154.0232530839204,0.0,359.0,104.49020875824081,1814,2025-12-08 07:33:32+00:00,947.4931053502482,2.9492661088935,0.10000000149011612,11.199999809265137,1.5910164419170143,161.66060959570137,0.0,359.0,102.06749704376863,2657.0,2025-12-08 05:54:02+00:00,330.07868975903614,5970.0,21.0,1.16,0.79,0.47,fishing,fishing,fishing,fishing,0.7020463347434998,0.6588877439498901,False,False
2a61b5a2-0e96-4b0f-97e2-b92718156c26,13944a52-910e-4543-bf61-c9ed60044777,5.144634153675742,0.10000000149011612,9.199999809265137,2.5870391762970097,184.05452340083028,0.10000000149011612,358.70001220703125,96.82904911495508,1640,2025-12-06 19:47:59+00:00,884.1378889566809,5.009312644190619,0.10000000149011612,9.100000381469727,2.5482483102630025,185.85042535916077,0.0,358.8999938964844,95.57742269737443,2706.0,2025-12-07 08:57:30+00:00,482.66432532347505,-47371.0,44.0,2.68,1.63,1.02,fishing,fishing,fishing,fishing,0.8622840642929077,0.8382171988487244,False,False
4dd76a4c-2c74-428d-8a57-865ca8c9b41a,a0292e53-74d3-4531-b357-3a9c8d3a27af,1.3897435929103674,0.0,8.899999618530273,2.1260967463422435,201.49425472016821,0.699999988079071,358.1000061035156,102.99073537978079,663,2025-12-07 23:20:41+00:00,36102.92145015106,0.978463980757874,0.0,8.899999618530273,1.6445852887130965,209.4473673777689,0.0,358.79998779296875,105.47783558787354,2526.0,2025-12-07 21:52:26+00:00,74.40118811881189,5295.0,23.0,3.47,0.91,0.73,fishing,fishing,fishing,fishing,0.8748098015785217,0.8145978450775146,False,False
808ae3ad-6b31-43ed-b320-6f5ae9b0e6d6,e5d6b3fb-bb2c-46f1-8670-c4f4a990f6e7,3.543904762622856,0.0,12.899999618530273,2.9885842507250473,180.19885518686235,0.0,357.6000061035156,95.74452243707262,1050,2025-12-09 12:38:17+00:00,2346.8341277407053,4.614584941910155,0.0,12.5,3.411176805080023,178.4228307427225,0.0,359.0,89.20401741362042,1337.0,2025-12-09 17:31:43+00:00,1050.9199101796407,-17606.0,8.0,0.76,0.6,0.34,fishing,fishing,transiting,transiting,0.6965349316596985,0.8614231944084167,True,True
440a34ae-5192-4c84-9f82-52b60c76a25b,6fb2ce48-f176-40fb-952b-a44dc7af98ea,2.404977381102977,0.0,12.199999809265137,3.099292164913556,163.86583605026854,0.0,359.0,107.20307466045327,1768,2025-12-08 11:31:19+00:00,1380.342388228636,2.9117866968052746,0.0,11.5,3.148434629524886,158.70900300542704,0.10000000149011612,358.79998779296875,103.56182694236077,2944.0,2025-12-08 17:40:06+00:00,331.2918790349983,-22127.0,86.0,4.86,2.92,1.86,fishing,fishing,transiting,transiting,0.543121874332428,0.6677544713020325,True,True
582d156e-ac38-4b73-9a21-6e8ed2454989,7fbaa4b2-a972-4806-90bf-fdfc67be6e14,4.427143976209578,0.0,10.899999618530273,2.9697177014264486,192.09267727221092,0.0,358.79998779296875,94.43291266267384,1271,2025-12-08 18:03:35+00:00,1900.4173228346456,3.88029227142721,0.0,11.0,2.583568628582546,174.7028069039019,0.0,359.0,96.1689302314071,2532.0,2025-12-08 11:16:28+00:00,655.3868036349269,24427.0,75.0,5.9,2.96,2.01,fishing,fishing,fishing,fishing,0.9841155409812927,0.8435424566268921,False,False
0cd5a2ce-782a-4836-8809-7cce50e797f3,2eb8cc56-7378-4021-8b7a-e51e0517040f,4.40190216143737,0.10000000149011612,11.699999809265137,2.815906556137075,178.93210893551102,0.0,358.8999938964844,95.77827444859055,736,2025-12-09 12:54:58+00:00,3159.8585034013604,4.945686431751159,0.0,11.600000381469727,3.040982302018687,206.52172729966318,0.0,359.0,97.13075774139608,1333.0,2025-12-09 15:01:19+00:00,1438.8806306306305,-7581.0,3.0,0.41,0.23,0.15,fishing,fishing,fishing,moored,0.8240010142326355,0.9426124691963196,True,False
a711000f-ac2b-46f4-84b6-c957df888541,d809daf1-e956-4d64-a2db-e089e53e3a65,2.7897715536560614,0.0,10.800000190734863,2.6256859733935336,164.10173964272744,0.0,359.0,101.90037029918881,2933,2025-12-09 12:20:51+00:00,823.0726466575716,3.1423004429803787,0.0,10.800000190734863,2.928236357839796,153.8587794467441,0.0,358.70001220703125,95.50824604387395,1591.0,2025-12-09 16:35:08+00:00,810.0018867924529,-15257.0,122.0,4.16,7.67,2.77,fishing,fishing,transiting,transiting,0.7079957127571106,0.5983492136001587,True,True
ab2582ce-60e9-480c-a176-d24a0bab5fb8,8c8ea791-9eec-4ad2-8603-12fc0a022921,3.695935484288681,0.0,11.5,2.0666569458376083,199.88124801829878,0.4000000059604645,359.0,110.27837313684564,3100,2025-12-09 01:17:23+00:00,496.64666021297194,3.6582511191228777,0.0,11.600000381469727,2.1320376675289223,194.63443653820735,0.10000000149011612,359.0,101.10237349794815,2939.0,2025-12-08 20:31:48+00:00,232.53846153846155,17135.0,123.0,3.97,4.19,2.08,fishing,fishing,fishing,fishing,0.7139475345611572,0.6289127469062805,False,False
0024da07-69ab-4a90-8075-cd057a2207a3,f5fe1067-08a5-45d2-8313-dd26a89ba356,4.966068961795034,0.20000000298023224,8.399999618530273,2.013303562344371,181.39304742366025,0.20000000298023224,359.0,96.54363139438368,2900,2025-12-07 15:04:50+00:00,296.087616419455,5.186867297521286,0.0,8.300000190734863,1.8702357113823693,186.11319318599035,0.0,359.0,84.7956495182322,2924.0,2025-12-07 18:55:34+00:00,132.61443722203217,-13844.0,35.0,1.21,1.2,0.6,fishing,fishing,fishing,fishing,0.8852754235267639,0.8586655855178833,False,False
bccdecaa-a4a0-4245-a82a-7877659af737,8e101638-63fe-438f-b7c4-cb889f8547eb,2.9499317883205123,0.0,9.5,1.2875526445906091,174.31658706730136,0.0,358.5,93.70092001160415,1466,2025-12-09 14:52:40+00:00,1959.3098976109216,2.9737951987456666,0.0,15.600000381469727,1.5861087291715001,169.57018192377257,0.0,356.29998779296875,89.34437052342226,1328.0,2025-12-09 06:31:58+00:00,950.2441597588546,30042.0,5.0,0.34,0.38,0.18,fishing,fishing,anchored,moored,0.9153152704238892,0.49601197242736816,True,True
9cdb7114-905d-4603-85ee-35549bd79d27,a3ce27fb-034e-4309-b1bf-29663ce04b66,4.232126250905155,0.0,11.5,2.0746426392012287,178.3053222286499,0.0,359.0,105.05307158701395,3010,2025-12-09 16:13:55+00:00,805.5599867065471,3.9072285265639124,0.0,11.300000190734863,1.9861651128381252,172.87787592367948,0.0,359.0,107.5491388671245,2919.0,2025-12-09 21:40:21+00:00,1214.1117203564086,-19586.0,393.0,13.06,13.46,7.1,fishing,fishing,moored,unknown,0.6077824831008911,0.7044346928596497,True,True
eaa83a84-acb3-4070-b2e5-58c411151a00,c9da3742-82e0-4c17-b02a-3042ef65b5f3,47.4163959403291,0.0,102.30000305175781,49.27156793551397,152.2394206170978,0.20000000298023224,358.79998779296875,99.12972097865051,2879,2025-12-08 00:49:26+00:00,242.23419041000696,56.75999459540579,0.10000000149011612,102.30000305175781,48.79061768755772,165.558287624179,0.10000000149011612,358.3999938964844,104.86177038644546,2857.0,2025-12-08 06:30:38+00:00,117.96218487394958,-20472.0,74.0,2.57,2.59,1.31,transiting,transiting,fishing,fishing,0.7675225138664246,0.819105863571167,True,True
a01548c5-3f77-44e1-9ba4-2c25ae811828,,3.583730336464523,0.0,10.600000381469727,1.5883698005161468,196.5994898731784,0.0,358.0,99.02819849552512,2225,2025-12-10 00:58:12+00:00,1848.68345323741,,,,,,,,,,,,,,,,,fishing,fishing,missing,missing,0.832002580165863,,True,True
777d48b5-1fb6-4d81-bc21-b4208c10dcf7,5658fcb2-492a-44b8-aa2b-305a9f6aed3a,4.244363773151532,0.0,11.199999809265137,2.228411491570576,160.04506285241033,0.0,359.0,110.82515025593072,2617,2025-12-09 10:43:19+00:00,1152.433868501529,3.837576088486107,0.0,11.100000381469727,2.1530158684182594,169.67411601012572,0.0,359.0,108.6063055576907,1972.0,2025-12-10 00:40:37+00:00,1869.1659056316591,-50238.0,312.0,11.92,15.82,7.29,anchored,unknown,moored,moored,0.5412171483039856,0.7002114057540894,True,True
116e9ed9-d587-4497-af4f-2442bc4c9462,5a4f918d-172b-49e5-b436-a65946c46d4e,3.917878094564442,0.0,9.600000381469727,2.1051569216564285,191.22420834084105,0.0,359.0,111.5921461929762,2215,2025-12-09 18:14:44+00:00,1387.760162601626,3.6455889603084874,0.0,9.300000190734863,1.8649363507045584,190.79370061195257,0.0,358.8999938964844,107.354796020413,2097.0,2025-12-09 05:43:02+00:00,1154.9499045801526,45102.0,93.0,4.2,4.43,2.2,fishing,fishing,transiting,transiting,0.9027453064918518,0.9363383054733276,True,True
ef2eb7a5-a2cd-45d8-85d6-8bf47b517884,,2.7861003822801655,0.0,8.800000190734863,1.9694179888168304,171.82101207652676,0.0,359.0,112.07920193066049,518,2025-12-09 21:33:08+00:00,4364.651837524178,,,,,,,,,,,,,,,,,fishing,fishing,missing,missing,0.6005325317382812,,True,True
f3e53ca8-e391-49f6-89f3-2566804ef88a,9602398a-469f-4f1d-b3f9-786965088ff4,5.524774147939297,0.0,8.0,2.215708726429309,160.65166370274724,0.0,359.0,122.58450940818963,2878,2025-12-07 09:51:35+00:00,262.98366353840805,5.001325818489315,0.0,7.599999904632568,2.3232174021366867,185.37855937403714,0.0,358.70001220703125,100.39091101749808,3017.0,2025-12-08 08:45:07+00:00,117.40484084880637,-82412.0,15.0,0.52,0.5,0.26,fishing,fishing,fishing,fishing,0.8667237162590027,0.8499128222465515,False,False
f8cf44d4-612a-431a-9cd2-c5b5d6ce0666,ec8ddbb4-7634-4e40-b67d-2eaceb4275dc,0.8562226023531282,0.0,102.30000305175781,3.0017290612495255,136.77380992230914,0.0,358.1000061035156,108.64017901910888,2965,2025-12-08 15:28:44+00:00,1072.339068825911,1.0555702978349846,0.0,9.600000381469727,2.6505762477404633,98.93707252664755,0.0,357.6000061035156,123.09297657954662,3016.0,2025-12-08 15:33:36+00:00,248.8630182421227,-292.0,51.0,1.72,1.69,0.86,fishing,fishing,fishing,fishing,0.9854570031166077,0.9317655563354492,False,False
940dd45c-6d41-4908-81a2-4cf79fedb567,0dd1192a-27eb-45b7-9cd3-b6e37f654dd3,3.837675073494514,0.0,9.699999809265137,3.022683811081148,171.34263940921096,0.0,359.0,109.99740567338672,1428,2025-12-08 02:50:53+00:00,1103.3258584442888,3.1517040985090627,0.0,9.600000381469727,2.9139001814559067,170.71195371603648,0.0,359.0,109.35452397023873,2406.0,2025-12-08 02:51:16+00:00,264.95634095634097,-23.0,20.0,1.4,0.83,0.52,fishing,fishing,fishing,fishing,0.5490927696228027,0.8120753169059753,False,False
44e035d1-55be-49d4-8076-07b60418d498,f85bbff6-c3e9-4551-bf1b-1dd868501d0a,4.543904959170287,0.5,10.300000190734863,3.0496535237302314,189.12625357131319,0.8999999761581421,347.6000061035156,87.05715961338576,1936,2025-12-09 21:43:55+00:00,633.6925064599483,4.28486678220239,0.30000001192092896,10.199999809265137,2.9318615393387084,158.3427708227141,0.20000000298023224,356.8999938964844,86.9292279081696,2815.0,2025-12-09 23:31:15+00:00,183.90156361051882,-6440.0,15.0,0.77,0.53,0.32,fishing,fishing,fishing,fishing,0.9305515885353088,0.9182385802268982,False,False
1562b114-cbdd-42cb-9769-136211ed2926,13aa3e30-1d96-4e7a-bcc8-f772ebbd7d76,1.9674768874122646,0.0,8.699999809265137,1.9574979021766905,210.6309038016536,0.0,358.1000061035156,100.1002582108286,2921,2025-12-07 01:56:33+00:00,687.9657534246576,2.9153013357650592,0.0,8.800000190734863,1.9093804699239236,212.12727404206595,0.20000000298023224,359.0,100.87607658350888,2124.0,2025-12-07 17:18:43+00:00,79.06311822892134,-55330.0,18.0,0.62,0.85,0.36,fishing,fishing,fishing,fishing,0.9463320374488831,0.829140841960907,False,False
961eb215-8116-4918-b761-ea3842a91a93,874aa8b2-1638-4f41-abb3-086ba4772979,5.839111120155734,0.0,9.300000190734863,2.0201740561363133,174.1942650237492,0.0,359.0,101.42269967051301,2925,2025-12-08 21:49:29+00:00,636.9883720930233,5.650598379887209,0.0,9.0,2.1757353235980803,173.83819618860997,0.0,359.0,106.61732566154038,4178.0,2025-12-08 22:43:32+00:00,227.43476179075893,-3243.0,40.0,1.37,0.96,0.57,fishing,fishing,fishing,fishing,0.8242605924606323,0.8539149165153503,False,False
fcbacaa8-519e-4706-bacf-90f77eb5007b,38cc51d0-adb1-47a7-af27-0880d5fdbe51,4.164429531449058,0.0,11.0,3.4248952715657137,164.08316806217195,0.0,358.6000061035156,82.81320978129413,3129,2025-12-09 14:01:30+00:00,83.43382352941177,3.312211708983298,0.0,10.300000190734863,3.2246631772053918,173.35412563626852,0.0,359.0,96.00620916853666,1474.0,2025-12-09 16:13:29+00:00,1045.2172437202987,-7919.0,9.0,0.29,0.61,0.2,fishing,fishing,fishing,fishing,0.8505193591117859,0.5978224873542786,False,False
6e875774-af26-48cc-8f24-87814c301e9b,0a4fe26d-0706-4e42-a807-ba53fac07c0f,4.665526319681701,0.30000001192092896,10.899999618530273,3.0553813178541103,180.66073729514125,0.0,359.0,88.3523522843309,2660,2025-12-07 05:31:04+00:00,496.79616397141785,5.987702938898857,0.4000000059604645,11.0,2.9367263251129008,183.31915039576788,0.0,359.0,94.01609743692991,2895.0,2025-12-07 15:15:03+00:00,217.99032480995163,-35039.0,49.0,1.84,1.69,0.89,fishing,fishing,fishing,fishing,0.8554598093032837,0.8959717154502869,False,False
1e7f83f7-fa75-44d6-8458-14eeea82e8bb,67bbff09-9e06-4ef0-a298-98ad492cf8b6,2.9781024328562005,0.0,9.600000381469727,2.325169593165245,180.65624284739738,1.399999976158142,358.70001220703125,94.62444705256655,3046,2025-12-07 19:07:50+00:00,433.2174055829228,3.118862187263423,0.0,9.699999809265137,2.3669543265212747,175.34513573522932,0.0,358.1000061035156,96.68375860261365,2953.0,2025-12-08 01:02:57+00:00,161.22459349593495,-21307.0,48.0,1.58,1.63,0.81,fishing,fishing,transiting,transiting,0.7367018461227417,0.9286049008369446,True,True
163d2256-3c8c-4b74-9f9d-cb50d7c9d229,6f6643fd-0c0c-4c85-9483-15d99988a89a,2.994247535649494,0.0,10.699999809265137,3.43370546441075,220.18136271267662,0.20000000298023224,359.0,78.90194435029977,1721,2025-12-07 17:57:28+00:00,648.5808139534884,3.3910332796791804,0.0,11.0,3.738466991408452,222.0110488042251,0.0,358.8999938964844,82.86575731171364,2855.0,2025-12-07 23:46:34+00:00,324.5143658023826,-20946.0,48.0,2.79,1.68,1.06,fishing,fishing,fishing,transiting,0.8479465246200562,0.8629744648933411,True,False
2cfb850c-07b8-4c8a-b240-a099777b03ce,24b4d0a3-dae6-455a-8254-099f4563c810,2.985694006858336,0.0,102.30000305175781,4.289125949926655,170.83071764271213,0.0,358.79998779296875,116.42854435046048,2111,2025-12-09 04:08:53+00:00,1119.7985781990521,2.658482775623942,0.0,102.30000305175781,3.9367175211849577,136.40140056931844,0.0,359.0,124.06319581373887,2900.0,2025-12-09 08:38:35+00:00,211.16764401517764,-16182.0,35.0,1.66,1.21,0.7,fishing,fishing,transiting,transiting,0.8088422417640686,0.9407942295074463,True,True
774b4623-fd3b-47f1-ab49-c2708f1cd9ff,,3.678247418846052,0.0,9.0,2.544268737002938,173.20498950245042,0.0,358.8999938964844,101.58219439438156,970,2025-12-09 23:28:29+00:00,2421.230134158927,,,,,,,,,,,,,,,,,fishing,fishing,missing,missing,0.64165860414505,,True,True
35ca30c5-a2d1-49ff-ae0d-be6a68d47112,,3.679163554612383,0.0,9.300000190734863,1.3299679888190656,199.9218293922301,0.0,359.0,95.45558813962568,2678,2025-12-09 22:32:56+00:00,1302.5319387373927,,,,,,,,,,,,,,,,,fishing,fishing,missing,missing,0.9846616387367249,,True,True
ac26db84-778a-497c-8355-aa2d3d889ada,31054873-261d-482b-b5ea-2b1dc9f76235,5.321084646999957,0.0,102.30000305175781,4.823515311216962,168.8616049138043,0.0,359.0,103.43023968425419,1973,2025-12-09 22:35:54+00:00,833.1313387423935,3.4172790783319655,0.0,13.300000190734863,3.3624189977566545,157.1496532740475,0.20000000298023224,358.8999938964844,103.58683838068566,2014.0,2025-12-09 22:56:26+00:00,63.392945851962246,-1232.0,46.0,2.33,2.28,1.17,fishing,fishing,fishing,fishing,0.8746907711029053,0.921348512172699,False,False
62039822-dc1c-4709-9f43-5e47cf5e16b5,702f5492-52cc-466b-a055-56eb7c32c925,1.744929689177754,0.0,58.70000076293945,3.2417351201519153,208.90755994876702,0.0,358.79998779296875,78.10209147696747,1351,2025-12-08 01:13:49+00:00,1619.222962962963,1.030339813589278,0.0,9.899999618530273,2.0221101333334195,207.733767353603,0.30000001192092896,358.5,60.97064309592891,2472.0,2025-12-07 16:15:31+00:00,605.2792391744233,32298.0,10.0,0.74,0.4,0.26,fishing,fishing,fishing,fishing,0.8206857442855835,0.8550401329994202,False,False
9011d7e4-a8d1-4ae6-8308-f5f5188e5aac,959d52d7-5623-41b9-be11-f59e423b0acc,2.4408607597026646,0.0,11.800000190734863,2.5045017759331447,166.38061214401102,0.0,359.0,107.58809663594617,1975,2025-12-07 07:01:19+00:00,868.710739614995,2.7593461627685105,0.0,11.699999809265137,2.958885448222342,166.5173717989258,0.0,359.0,110.71444576975301,2600.0,2025-12-07 13:14:04+00:00,320.42323970757985,-22365.0,35.0,1.77,1.35,0.77,fishing,fishing,fishing,fishing,0.8483297824859619,0.7498986124992371,False,False
9ad4128d-6359-4ec4-a15f-606b1c9bef43,2d7b661d-0385-4293-8da6-be3999509f91,2.1112027002457334,0.0,10.199999809265137,2.650567465349542,176.69782368574593,0.0,359.0,102.73042470391265,2669,2025-12-07 10:25:49+00:00,502.0790854572714,2.408063200043076,0.0,9.699999809265137,2.7141448661650074,191.09850440485505,0.5,358.79998779296875,98.33787986895648,1203.0,2025-12-08 06:54:59+00:00,1850.2911813643927,-73750.0,2.0,0.07,0.17,0.05,fishing,fishing,transiting,transiting,0.6461862921714783,0.5259977579116821,True,True
76b6014c-015e-480e-bcdc-d30bcfc4c1d7,0ae26b20-d096-4b63-b6b1-c2cd1c76523b,5.461048456538016,0.0,13.600000381469727,3.9309273269022706,158.0308205629555,0.0,358.70001220703125,97.31688783861638,3014,2025-12-09 12:46:19+00:00,902.0600730169266,5.505657427304915,0.0,13.300000190734863,3.838687259778534,157.67819707247935,0.20000000298023224,358.3999938964844,98.20579244764505,3164.0,2025-12-09 23:18:48+00:00,444.1492254189061,-37949.0,45.0,1.49,1.42,0.73,fishing,fishing,fishing,transiting,0.608078122138977,0.5060703158378601,True,False
f1481f64-0cb3-4e9e-b035-15e7103f6764,6521ddfb-2768-42ce-adfb-14f2b2a7b74e,8.615166044177073,0.0,13.699999809265137,3.5391217755493862,171.971516712291,0.0,357.1000061035156,91.94130013247019,2921,2025-12-09 23:47:57+00:00,175.96061643835617,4.07790341104198,0.0,14.300000190734863,4.604365323899583,170.5923534752124,0.0,359.0,84.17998071480746,2919.0,2025-12-09 22:37:02+00:00,249.51267991775188,4255.0,31.0,1.06,1.06,0.53,fishing,fishing,transiting,transiting,0.9283795356750488,0.5972146987915039,True,True
989845c7-5a5a-4772-b8e2-44805cd3da87,545a2060-7522-4f82-a3df-e3554704d10e,5.942394276089854,0.10000000149011612,9.100000381469727,1.8141978118944997,170.08340167114255,0.0,359.0,101.01713503727483,2932,2025-12-07 22:35:02+00:00,552.6103718867281,5.652500850437814,0.10000000149011612,8.5,1.7958322057133198,204.0644049187122,0.30000001192092896,358.79998779296875,103.61821208694762,2939.0,2025-12-08 00:45:05+00:00,356.25459496255957,-7803.0,35.0,1.19,1.19,0.6,fishing,fishing,fishing,fishing,0.8901277780532837,0.8645786643028259,False,False
5c3fad18-9b6c-41c7-afed-cbd45951ac7c,cba2ac1f-a2f2-44bf-a8ed-f1acde01c19d,2.6346641145517866,0.0,102.30000305175781,3.101535753593082,175.50878233709943,0.0,359.0,112.55790306395984,2605,2025-12-09 16:34:16+00:00,1015.2603686635945,2.5868484022111664,0.0,9.100000381469727,2.5408370603860826,204.11895648294472,0.0,359.0,109.58960285438806,2935.0,2025-12-09 12:12:34+00:00,164.9461486025903,15702.0,21.0,0.81,0.72,0.38,fishing,fishing,transiting,transiting,0.6212871670722961,0.8017855882644653,True,True
348a434d-8770-4cfd-bedb-d35015ba0fb7,317f7866-ed13-4a28-a299-d52033b8a49c,2.547964988681498,0.0,8.899999618530273,0.9973746264646574,182.8853700524404,1.2000000476837158,358.29998779296875,94.85641259488786,2285,2025-12-08 00:56:15+00:00,1153.8717162872153,2.5084322579586256,0.0,8.800000190734863,0.9462600031052532,188.27351616740202,0.20000000298023224,358.3999938964844,94.06710268878457,2443.0,2025-12-07 22:56:41+00:00,907.042588042588,7174.0,578.0,25.3,23.66,13.93,fishing,fishing,fishing,fishing,0.770720362663269,0.9857979416847229,False,False
f5d12a32-373f-46dc-a732-3d07e42b3cf1,,3.656925935819745,0.0,10.0,1.6203573131630953,206.63110658938498,0.0,359.0,101.83273942933707,2700,2025-12-08 05:57:51+00:00,2398.1144868469805,,,,,,,,,,,,,,,,,fishing,fishing,missing,missing,0.9191575646400452,,True,True
0ac234ac-6f1c-4b4e-ac5d-9af286fcd031,,3.3248834479730447,0.0,9.100000381469727,1.2411147727189746,207.48748501066086,0.0,359.0,94.24656015296041,1716,2025-12-09 20:08:55+00:00,2540.0868804664724,,,,,,,,,,,,,,,,,fishing,fishing,missing,missing,0.5907590985298157,,True,True
f8dcaa20-52e8-4370-9616-eb295c606722,6db164e7-1dcc-4011-be29-2ac75ba20919,3.618166325757332,0.0,11.0,3.304797252225677,170.93905023451313,0.0,359.0,102.36636847275481,2934,2025-12-06 20:34:40+00:00,75.35117627003069,2.8964661318655796,0.0,10.0,3.075428008047614,174.44478621930597,0.0,358.70001220703125,98.95010646824227,1047.0,2025-12-06 19:42:58+00:00,2119.357552581262,3102.0,8.0,0.27,0.76,0.2,fishing,fishing,fishing,fishing,0.7811291217803955,0.6571043133735657,False,False
a54670d3-b54d-42e1-b603-1c32ed2091c0,0c05bc89-295e-49e1-9250-ece94932ade6,5.716913728580957,1.100000023841858,12.5,2.5103018154876247,156.25539818663543,0.0,358.8999938964844,115.2045919311754,2294,2025-12-09 00:51:25+00:00,543.7732228521587,6.069511239106457,1.7000000476837158,12.399999618530273,2.6402700697549055,213.43378733866288,1.399999976158142,359.0,102.87561319679622,2496.0,2025-12-09 00:29:06+00:00,129.0685370741483,1339.0,27.0,1.18,1.08,0.57,fishing,fishing,fishing,fishing,0.8110824227333069,0.8401556611061096,False,False
de636441-5b9d-4b82-a973-f17df2534f04,8848a2ac-377a-4b19-8cae-28501fbc35cc,3.0572029963811778,0.0,102.30000305175781,3.4274289746603688,195.19403364242618,0.0,358.8999938964844,110.91683533987485,2138,2025-12-09 13:31:25+00:00,1190.444548432382,2.9111680659577455,0.0,9.800000190734863,3.35674701727924,167.74804019508454,0.0,359.0,117.76517978309258,2928.0,2025-12-09 11:15:07+00:00,240.82131875640587,8178.0,56.0,2.62,1.91,1.12,fishing,fishing,transiting,transiting,0.8071305751800537,0.9306438565254211,True,True
28ccc59a-0444-4c63-9e9d-ea33b06deec3,54ffa00b-d418-45d5-b645-2c2c532943fa,3.706208132949457,0.0,10.899999618530273,2.327187457992406,138.9596860788796,0.20000000298023224,359.0,103.89713904018599,2239,2025-12-06 22:25:16+00:00,667.8467381590706,2.8288955657475983,0.0,11.0,2.083447518036997,150.14096225134475,0.0,358.29998779296875,100.8919363636738,2997.0,2025-12-06 15:58:37+00:00,250.7883845126836,23199.0,54.0,2.41,1.8,1.04,fishing,fishing,fishing,fishing,0.9028505086898804,0.8571898341178894,False,False
25644009-a3cd-476f-91e6-9bab79a0a844,d6cbec41-f3ca-4cf7-9f9a-b8eba5f0d6f6,5.033954966375519,0.0,9.800000190734863,2.4603146181985323,178.48738980672252,0.10000000149011612,359.0,90.06275226510877,2842,2025-12-08 16:59:47+00:00,492.56564589933123,5.444055243099466,0.0,9.5,2.3535542386223485,187.47948941516682,0.699999988079071,358.70001220703125,98.91084460642817,2969.0,2025-12-08 06:00:59+00:00,204.70080862533692,39528.0,21.0,0.74,0.71,0.36,fishing,fishing,fishing,fishing,0.887407660484314,0.9154306054115295,False,False
3e98b63d-558d-44ea-94d6-f26ab8fb084c,67c7c981-873c-48f8-bc59-f7f2ad70bb60,2.717993468103063,0.0,96.5,5.942836601298801,160.05087781525953,0.20000000298023224,359.0,107.97776440147311,917,2025-12-09 13:38:02+00:00,3863.9967248908297,0.8916382293321777,0.0,26.600000381469727,2.353224710191831,189.06569876916882,0.10000000149011612,359.0,101.21512839535998,2930.0,2025-12-09 15:52:14+00:00,346.87640833048823,-8052.0,0.0,0.0,0.0,0.0,fishing,fishing,moored,unknown,0.7462171912193298,0.890854001045227,True,True
e89e975d-cd68-4e88-918b-51da4e050fd3,cd2747b5-5ade-4ef5-98e4-1f6f64cc6ed4,2.225935843904335,0.0,10.0,3.3443647022843184,175.59733284028698,0.0,359.0,109.0810084843319,2244,2025-12-08 07:54:26+00:00,1128.89522960321,3.202857158614247,0.0,10.300000190734863,3.615938784992921,137.73879666991328,0.0,359.0,118.49818395813169,2345.0,2025-12-08 02:31:12+00:00,557.0750853242321,19394.0,33.0,1.47,1.41,0.72,fishing,fishing,fishing,fishing,0.6022327542304993,0.7840427160263062,False,False
aceb30f5-97a9-457f-ada8-3fc4b3b39737,e2eab0fa-9a07-44ee-af10-f1ab2af5c164,4.437395598982647,0.0,10.100000381469727,3.3388929420505256,193.83215493296817,0.30000001192092896,358.8999938964844,99.91290380181351,2634,2025-12-07 13:47:03+00:00,47.89137865552602,2.04943743472298,0.0,9.600000381469727,3.0072250348153347,199.88831135922334,0.30000001192092896,358.29998779296875,110.74587602141106,1422.0,2025-12-07 20:40:13+00:00,1021.8578465869107,-24790.0,4.0,0.15,0.28,0.1,fishing,fishing,fishing,moored,0.8801227807998657,0.9005800485610962,True,False
26d74f2d-0bb5-45b4-96c9-80165f705af1,c0eb6a13-4caa-4d09-bfe4-b2e84c31887e,5.347095653717933,0.0,102.30000305175781,5.734350770001617,219.94089944488428,0.10000000149011612,358.79998779296875,92.65225523190205,2875,2025-12-08 10:45:11+00:00,210.96416144746,5.180755892473992,0.0,102.30000305175781,4.493655414945589,233.86842465516514,4.800000190734863,358.8999938964844,77.05746609416862,2884.0,2025-12-08 07:38:42+00:00,76.51786333680194,11189.0,32.0,1.11,1.11,0.56,fishing,fishing,fishing,transiting,0.9048797488212585,0.8537206649780273,True,False
dd753299-cbe7-47c3-bb6a-afe414f02e8a,02e4ef56-76f5-450e-9ba6-2e1229da1019,0.76846543194924,0.0,8.899999618530273,2.022446708339918,180.7177424144054,0.0,359.0,105.25787825276595,2965,2025-12-09 09:13:13+00:00,410.23448043184885,0.6378578685196452,0.0,8.5,1.8239889308662898,177.5282066106374,0.0,359.0,104.70363880535383,2969.0,2025-12-09 10:23:23+00:00,380.6657681940701,-4210.0,41.0,1.38,1.38,0.7,fishing,fishing,transiting,moored,0.8058256506919861,0.8335225582122803,True,True
eaebdb9e-9ff9-4fbb-aa31-ca50f86c1e02,6dfd787e-cd72-4942-b8dc-0934d4b498be,2.7262428107674275,0.0,11.199999809265137,3.147273849718762,149.8738198295767,0.0,359.0,105.88219192309468,2957,2025-12-09 15:53:12+00:00,510.6461434370771,2.2147701403528774,0.0,11.300000190734863,2.733165946627097,142.48172283022765,0.20000000298023224,359.0,114.6803761443795,3067.0,2025-12-09 13:38:59+00:00,311.6826484018265,8053.0,33.0,1.12,1.08,0.55,fishing,fishing,fishing,fishing,0.5938383340835571,0.713466227054596,False,False
7bff0487-136d-46cd-822a-735c9cc7f9fd,b03cc825-3e64-4a52-af22-5087943997f0,3.560602096050822,0.0,10.5,3.0223951249419176,161.71475055510984,0.0,359.0,114.67764887721249,2292,2025-12-08 21:38:42+00:00,973.9205587079878,3.7011688081064187,0.0,10.699999809265137,2.850031752761382,173.0141171238494,0.0,359.0,108.98877076548396,2909.0,2025-12-08 21:15:11+00:00,206.40405777166438,1411.0,14.0,0.61,0.48,0.27,fishing,fishing,fishing,fishing,0.8233926296234131,0.8308156728744507,False,False
18fac609-ea4f-42dd-be0b-064ba46ddc2d,92cdf0f4-2a4d-449f-b8ab-ff6e125e8ddf,4.406038890307733,0.0,10.699999809265137,2.4414944682050033,177.97192208405977,0.0,358.8999938964844,101.50143159398687,2931,2025-12-09 07:51:44+00:00,125.88361774744027,4.339102090317375,0.0,12.0,2.8160774061292435,180.55514902885687,0.0,359.0,98.62470614277079,1225.0,2025-12-09 09:37:00+00:00,5310.008986928105,-6316.0,3.0,0.1,0.24,0.07,fishing,fishing,fishing,transiting,0.8888223171234131,0.9799225330352783,True,False
7d63ec66-ec91-4b26-9801-770d2b5c28ad,0cd3f186-891e-4870-96d2-5ab5129884cb,6.325560541653669,0.0,16.200000762939453,3.484102826890707,161.0856214099923,0.4000000059604645,358.6000061035156,96.87042367228302,2007,2025-12-09 05:45:04+00:00,302.4765702891326,6.483041327036053,0.800000011920929,13.600000381469727,3.303379229670003,176.95794381264443,0.30000001192092896,359.0,97.1476367618824,1769.0,2025-12-09 10:01:46+00:00,52.18552036199095,-15402.0,15.0,0.75,0.85,0.4,fishing,fishing,fishing,fishing,0.7424553632736206,0.8669347763061523,False,False
36816745-576f-4c37-a692-2ea8a147a083,a1f1dda8-86c7-4ef3-9c12-5466d5d2c4b2,0.7386806072330165,0.0,9.699999809265137,2.2637008916142456,53.020912991181035,0.0,357.1000061035156,93.6910112060214,2774,2025-12-09 19:55:49+00:00,1188.4284168770284,1.28947869121534,0.0,9.800000190734863,2.9975639679724746,51.76270393648643,0.0,357.1000061035156,94.26286475785895,2110.0,2025-12-09 23:05:59+00:00,911.9540066382172,-11410.0,40.0,1.44,1.9,0.83,fishing,fishing,fishing,moored,0.8391240239143372,0.7177802920341492,True,False
f2316a31-dd52-40dd-a401-b17eb247b365,9512d822-2593-4922-be29-1a26717fb00f,2.487027053434301,0.0,14.899999618530273,2.909522635681999,204.3801772760603,0.0,358.5,108.02842000088201,1480,2025-12-08 11:02:57+00:00,2216.1920216362405,2.311480142362492,0.0,16.100000381469727,2.7833177507913867,227.73601870233273,0.0,358.70001220703125,105.9046207294894,2439.0,2025-12-08 11:33:12+00:00,798.5024610336342,-1815.0,10.0,0.68,0.41,0.26,fishing,fishing,fishing,fishing,0.9867193102836609,0.6281502842903137,False,False
a3213896-8482-4da4-b9fd-43c122081b46,dab75a59-3ded-4279-a184-6b8cf7980116,2.589649480495256,0.0,9.100000381469727,1.8234639350180954,203.17510559783608,0.0,359.0,110.43280388972248,2425,2025-12-08 20:59:26+00:00,1047.138201320132,2.53509072023573,0.0,9.199999809265137,1.750339813217151,207.82706289760532,0.0,359.0,111.64472230352784,2921.0,2025-12-09 01:21:15+00:00,875.8804794520548,-15709.0,870.0,35.88,29.78,19.44,fishing,fishing,fishing,fishing,0.5770764946937561,0.6899315714836121,False,False
14a95e06-2c37-48fa-a231-d098acf91814,f9e12787-e37e-4aaf-864f-c65c8f72589a,1.6684410662705453,0.0,11.300000190734863,3.1559717288948823,185.31787139623034,0.5,358.5,97.58130378309325,789,2025-12-09 07:10:13+00:00,3335.236040609137,2.2466355317733555,0.0,12.199999809265137,3.742010276581043,194.99691398982637,0.0,359.0,102.98520612953196,1070.0,2025-12-09 09:33:51+00:00,2131.973807296539,-8618.0,43.0,5.45,4.02,2.37,fishing,fishing,fishing,fishing,0.9003139734268188,0.8337699770927429,False,False
476784a5-8e6c-411c-96d8-3e7827c5d5fe,b42396e9-213b-4b8a-a05e-3b4670d377a1,3.9833276938819626,0.0,10.0,1.3555763758710815,225.429934634633,0.20000000298023224,359.0,91.89458802446319,2957,2025-12-08 23:16:34+00:00,644.2841677943167,3.8358929304379146,0.0,9.800000190734863,1.5702587973496134,229.868923742567,0.0,359.0,91.5165636336445,2839.0,2025-12-09 03:40:22+00:00,858.3646934460888,-15828.0,141.0,4.77,4.97,2.49,fishing,fishing,fishing,fishing,0.5359092354774475,0.7557870149612427,False,False
9a077886-ada4-4b3b-9bd5-49616db9f3c1,a328954d-ec87-4626-8207-19ed1fefb46d,6.9581944408102165,0.0,16.899999618530273,6.453369094669013,142.62200924341576,0.0,359.0,107.02224253618688,2160,2025-12-09 11:06:11+00:00,442.57017137563685,3.8954513371123136,0.0,16.200000762939453,5.967387459732448,195.60693967016894,0.4000000059604645,359.0,89.38618274147963,2814.0,2025-12-09 17:17:15+00:00,149.28190543903307,-22264.0,31.0,1.44,1.1,0.63,fishing,fishing,transiting,anchored,0.9824795722961426,0.6157859563827515,True,True
61073514-162c-4c89-978f-3335aee8460f,0239c5df-22fa-48d3-9ba9-f4577edee58d,3.836604416033914,0.0,10.600000381469727,1.8864644208395216,205.4881413618278,0.0,359.0,105.59624418424532,2945,2025-12-09 06:39:17+00:00,553.5981657608696,3.886897107574286,0.0,10.600000381469727,1.9905539771332066,225.46685462091074,0.0,359.0,105.1199827769928,2488.0,2025-12-08 10:28:15+00:00,836.7583433856051,72662.0,167.0,5.67,6.71,3.17,fishing,fishing,fishing,fishing,0.6384478211402893,0.7585281133651733,False,False
376e1ee6-5c07-4735-b03f-8660099593ca,0bf9f9d3-d7f4-4030-a4c2-76529979d914,5.183008100729309,0.0,10.399999618530273,2.743135459031262,137.0652003086965,0.0,358.6000061035156,102.12740775009067,2101,2025-12-09 15:46:17+00:00,784.1814285714286,4.608750008917539,0.0,10.199999809265137,2.7124837235006196,145.79165813559908,0.0,359.0,106.65404142191367,2960.0,2025-12-09 06:45:06+00:00,370.10206150726594,32471.0,103.0,4.9,3.48,2.08,fishing,fishing,fishing,fishing,0.8919070363044739,0.7173340916633606,False,False
fb3bb6ce-5e6a-4ab0-b297-f8104c05233c,13730c67-7f06-45c6-81f3-38b645b74250,3.957615895883466,0.0,11.800000190734863,2.1878146962727856,174.15549363677167,0.0,358.79998779296875,107.93874325983575,906,2025-12-09 11:26:10+00:00,2502.1049723756905,4.193006433247082,0.10000000149011612,10.100000381469727,2.0863748232740758,185.09733073372985,0.0,358.8999938964844,115.905110517207,1244.0,2025-12-09 09:10:25+00:00,776.1979082864038,8145.0,11.0,1.21,0.88,0.51,fishing,fishing,fishing,transiting,0.8585216403007507,0.8980768322944641,True,False
54b0a4f7-f4a7-4b29-ba59-1c5a4676657d,f085a553-df8e-4eb3-9ef9-fdcfaccda8e8,3.4084636290955914,0.30000001192092896,13.800000190734863,2.722978849375856,155.4698163481704,0.20000000298023224,358.3999938964844,98.6703528833735,2942,2025-12-08 05:06:53+00:00,130.47262835770147,2.56331379651398,0.4000000059604645,8.199999809265137,0.8005993180228138,169.74080255663736,0.10000000149011612,358.1000061035156,93.0300444104696,3241.0,2025-12-08 06:41:41+00:00,31.505864197530865,-5688.0,68.0,2.31,2.1,1.11,fishing,fishing,fishing,fishing,0.8565083742141724,0.9009432792663574,False,False
6b6470c2-03f3-4348-b430-178fccd4814f,eb71a35c-5db2-48e4-83d1-cdabf903fa6e,3.9509620145477857,0.0,8.5,2.69635101524552,147.53060214557598,0.20000000298023224,359.0,99.91376496968762,2027,2025-12-09 22:49:50+00:00,1116.3766041461006,3.5233959837762936,0.0,8.899999618530273,2.6876531574947724,154.19896299976733,0.20000000298023224,359.0,99.29740366614352,1543.0,2025-12-10 00:56:22+00:00,1549.4695201037614,-7592.0,244.0,12.04,15.81,7.34,fishing,fishing,anchored,moored,0.8828036785125732,0.7151041030883789,True,True
a28de969-bc06-4bf8-9ccc-cbeb990d7383,7dd99848-165f-4ff8-aa6d-1ab792a6d766,5.472871813332059,0.0,11.300000190734863,1.7777943555011146,191.47297222477363,0.0,359.0,100.86889159051483,3019,2025-12-08 01:06:57+00:00,734.3137839628894,5.562859318657312,0.0,11.600000381469727,2.057117885458297,187.28691271713996,0.0,358.70001220703125,100.28950741236089,2644.0,2025-12-08 04:10:04+00:00,830.4903518728718,-10987.0,329.0,10.9,12.44,6.17,fishing,fishing,fishing,fishing,0.7500262260437012,0.8546246290206909,False,False
3b29d813-06fd-4f05-b682-e225e9aa5342,91ccd90f-bda5-4a70-8730-7bde1b2c7468,6.082917259036219,0.10000000149011612,10.100000381469727,3.8644972234880917,203.05463946001774,0.5,358.5,58.82247602480739,2804,2025-12-08 09:46:52+00:00,177.50695683196574,8.21360635440526,0.0,9.899999618530273,1.9534726314739972,204.39554163644306,25.399999618530273,302.29998779296875,29.59411661815043,3028.0,2025-12-08 07:25:49+00:00,42.52824578790882,8463.0,44.0,1.57,1.45,0.76,fishing,fishing,fishing,fishing,0.8816530704498291,0.8793030977249146,False,False
7acac0b1-3c95-4e57-a139-e6aff1d11680,bcc9e677-0425-49f9-aa77-5fcf8f0cd389,4.908407438507269,0.0,12.899999618530273,4.234555680902304,165.25412105735643,0.10000000149011612,358.70001220703125,110.66810279719034,2474,2025-12-06 22:56:33+00:00,498.51880307319044,1.937899834009345,0.0,11.300000190734863,2.7878380733697656,187.88817636654224,0.20000000298023224,358.8999938964844,117.73555828416265,1657.0,2025-12-07 01:29:16+00:00,904.5416666666666,-9163.0,13.0,0.53,0.78,0.32,fishing,fishing,fishing,fishing,0.6671965718269348,0.8466290235519409,False,False
5eabcef4-d1f2-4242-8760-d6bd40ded490,4aa61ff1-010a-46fe-a1b5-4ea256a02430,0.42019002381263443,0.0,6.800000190734863,0.930411124980985,212.60047696884462,0.10000000149011612,358.79998779296875,102.38104410481074,2947,2025-12-09 20:13:08+00:00,594.7620502376103,0.05372124521694422,0.0,6.0,0.3556786448270491,211.23681984831234,0.800000011920929,359.0,106.83738668340314,2956.0,2025-12-09 14:57:10+00:00,347.55093062605755,18958.0,21.0,0.71,0.71,0.36,fishing,fishing,fishing,moored,0.7280147075653076,0.6811972260475159,True,False
a3097491-a76e-4f91-a96d-e05b08dd0ad6,86b2da19-2332-4160-9355-00adcfa4bca7,2.8266895230162623,0.0,11.100000381469727,2.321182047594517,163.53144682460194,0.0,359.0,117.03679927386975,2042,2025-12-08 01:15:34+00:00,1203.623223909848,2.915822580006524,0.0,9.0,2.215081821388536,162.08906535123455,0.0,359.0,106.78959749599056,2863.0,2025-12-08 01:35:25+00:00,271.9751921733054,-1191.0,16.0,0.78,0.56,0.33,fishing,fishing,transiting,transiting,0.6757240891456604,0.5040019750595093,True,True
8a51a7ec-171f-45b9-b954-bc6b11ebc4ab,0bead253-6ff7-4697-88ae-1cc747557561,1.73465057468724,0.0,10.100000381469727,3.0893116613340026,177.7102165399923,0.0,357.79998779296875,99.32577391955232,2733,2025-12-07 18:13:44+00:00,811.993411420205,2.4353399001134988,0.0,10.300000190734863,3.6242183549679976,135.2733220406976,0.0,358.8999938964844,119.03735933163534,2957.0,2025-12-07 11:01:20+00:00,186.93403247631935,25944.0,51.0,1.87,1.72,0.9,transiting,transiting,fishing,fishing,0.5278983116149902,0.7782475352287292,True,True
d504a885-bb09-4469-8fac-66b7585f57d4,26063f29-285b-4a50-b243-39a95fbe46be,1.7146690481997133,0.0,11.300000190734863,2.872711700115478,178.97638638993337,0.10000000149011612,358.29998779296875,101.08924623322366,559,2025-12-09 05:41:17+00:00,6963.715053763441,2.42182540645202,0.0,11.199999809265137,2.976284931431802,181.53575110947483,0.10000000149011612,359.0,92.01725411218779,1008.0,2025-12-09 11:14:10+00:00,2038.5958291956306,-19973.0,1.0,0.18,0.1,0.06,fishing,fishing,fishing,moored,0.8244785070419312,0.8858135342597961,True,False
d6229b12-83b0-4b83-a59b-37c26c53e65f,fdcb09ae-4174-43f7-8206-d2d19e239f66,3.2839870809422256,0.0,10.0,3.1143247509823717,180.4390662358389,0.4000000059604645,358.70001220703125,97.28605172497814,2167,2025-12-08 20:01:10+00:00,533.3074792243767,3.2498119789794977,0.0,9.199999809265137,2.960347423003699,165.35310302305433,0.0,359.0,93.94729108968357,2925.0,2025-12-08 15:21:43+00:00,222.10670314637483,16767.0,228.0,10.52,7.79,4.69,fishing,fishing,fishing,fishing,0.5296487808227539,0.6407342553138733,False,False
18638fb9-504b-406b-825a-8cfb92ba2381,8246f984-91af-4bfb-85d3-901a5080934f,4.846416938060997,0.0,15.100000381469727,4.7703961669662185,171.4951472200211,0.10000000149011612,359.0,103.0026244481688,2456,2025-12-08 21:11:06+00:00,651.7621181262729,4.975481434147472,0.0,14.5,4.821781570097984,176.24127935736038,0.20000000298023224,358.79998779296875,101.96787253247462,2908.0,2025-12-09 00:33:00+00:00,164.656346749226,-12114.0,22.0,0.9,0.76,0.41,fishing,fishing,fishing,fishing,0.9050060510635376,0.780306875705719,False,False
e221fc98-bd1d-4ec8-9af4-5d035cebedba,5f1ec873-1209-46ee-8ea5-469c78f063ea,3.1792509645845834,0.0,10.800000190734863,2.0548968726851853,181.52676815064441,0.10000000149011612,359.0,104.91323869710571,2323,2025-12-09 20:04:47+00:00,1080.4521963824288,3.6410425258800387,0.0,9.800000190734863,2.654217720548464,175.2101395295696,0.0,359.0,118.4348445024733,1976.0,2025-12-08 19:00:39+00:00,420.16962025316457,90248.0,29.0,1.25,1.47,0.68,fishing,fishing,fishing,fishing,0.9281679391860962,0.9427326917648315,False,False
2948078a-67a9-4403-af24-e2a365f8395b,c5e40350-59db-4c2d-a63c-44a3f08c6ca8,2.4972231727339937,0.0,11.0,1.2695585769657973,167.57834623365642,0.0,358.5,101.95685519419517,2917,2025-12-09 15:20:33+00:00,442.6539780521262,2.2213410916855305,0.0,8.0,1.4019389650977092,190.2059023712313,2.700000047683716,358.29998779296875,95.54514345585221,3102.0,2025-12-09 15:15:04+00:00,66.41631731699452,329.0,61.0,2.09,1.97,1.02,fishing,fishing,fishing,fishing,0.7706156373023987,0.6443691849708557,False,False
fadd80fd-530e-46bc-9b98-a0c6fbbec44f,f7bf07ea-2cfc-419a-a2f1-881db4bffc9a,5.108429125805304,0.0,9.300000190734863,2.1472249957643914,189.4388306074654,0.30000001192092896,358.8999938964844,94.86836780312508,1827,2025-12-07 19:40:00+00:00,748.1325301204819,5.187115049035148,0.0,10.0,2.183255478120733,178.90969568696948,0.0,359.0,105.67380044614619,2825.0,2025-12-07 22:11:01+00:00,258.1671388101983,-9061.0,20.0,1.09,0.71,0.43,fishing,fishing,fishing,fishing,0.8698500990867615,0.863241970539093,False,False
0f9eb111-ef31-460f-b736-62dcd6f684bc,5563b46f-79e7-4345-98e2-5208996a022a,4.131328329359903,0.0,11.199999809265137,3.3306417852805295,163.59074372885473,0.0,359.0,111.93588469602275,1596,2025-12-09 22:40:34+00:00,1522.4771159874608,3.5709994726090533,0.0,11.399999618530273,3.525740655743256,133.84428721626008,0.0,358.29998779296875,107.03308566162237,1831.0,2025-12-10 02:03:21+00:00,473.84371584699454,-12167.0,7.0,0.44,0.38,0.2,fishing,fishing,transiting,moored,0.6261652708053589,0.8369676470756531,True,True
dea6924c-7aa6-442a-bb58-877352ad56ed,daea7919-0446-4e96-84c4-677c065f1265,4.504364505453076,0.20000000298023224,13.0,2.415084775844305,179.05860908703266,0.0,357.3999938964844,97.92408367885335,2085,2025-12-07 02:04:38+00:00,210.2725527831094,4.179662770605137,0.0,13.100000381469727,2.2334099048001668,179.83659253321497,0.5,357.8999938964844,97.6953557974693,2906.0,2025-12-07 03:50:07+00:00,177.30189328743546,-6329.0,205.0,9.83,7.05,4.28,fishing,fishing,fishing,fishing,0.8967642188072205,0.8554866909980774,False,False
924bddf4-3a20-429f-a8cf-f14eea0ad104,4d45a89a-0b5d-49ae-842e-d0abc456981c,1.286550687685205,0.0,9.300000190734863,2.3450893854875776,182.0057884326262,1.600000023841858,358.20001220703125,69.85036590988064,2989,2025-12-09 12:45:38+00:00,228.97958500669344,2.123116107949657,0.0,9.399999618530273,2.4365758501345685,190.42174722275035,0.0,358.5,81.83992800533599,2946.0,2025-12-09 16:16:52+00:00,157.7276740237691,-12674.0,106.0,3.55,3.6,1.82,fishing,fishing,fishing,fishing,0.9124042391777039,0.667103111743927,False,False
0e0bd0cc-4276-4095-8f64-1dfdec483487,3b17a346-0dc8-4512-97e0-42a939be3b25,6.626909972550945,0.10000000149011612,9.699999809265137,2.6160519954111114,170.4506858564985,0.0,359.0,104.17286581386458,2932,2025-12-07 22:59:05+00:00,352.3333333333333,6.978641741305316,0.0,9.5,2.484267507419642,195.94385841693256,0.0,359.0,104.18905904784704,3048.0,2025-12-08 08:30:46+00:00,159.74040039383,-34301.0,29.0,0.99,0.95,0.49,fishing,fishing,fishing,fishing,0.8632596135139465,0.8502175211906433,False,False
60bd7f7e-a3ed-4b4d-b2c0-7fba52db5726,5eb708ce-4c62-419f-a171-437ce3990485,0.6943545928034507,0.0,13.0,2.2935851464800465,39.41684515242683,3.4000000953674316,357.70001220703125,53.52722450235632,3277,2025-12-07 13:49:56+00:00,138.67124542124543,1.6093617222727614,0.0,15.0,2.669134671009175,177.65179954013362,0.0,358.8999938964844,118.16669906965683,1645.0,2025-12-07 01:36:09+00:00,1148.8844282238442,44027.0,3.0,0.09,0.18,0.06,fishing,fishing,fishing,fishing,0.7712820172309875,0.9109042882919312,False,False
a42e3bab-0e9c-4a08-bd79-6ad5a9b1c3e4,b8928d00-4ef9-4855-ae6c-bab9c615c307,2.9219846334165247,0.0,11.800000190734863,3.030352992624702,146.9979138867215,0.0,359.0,117.64235555167194,2993,2025-12-07 05:39:12+00:00,47.338569518716575,3.7012256899999043,0.0,11.699999809265137,3.4937751775236596,168.83558882252632,0.0,359.0,106.58311568464805,1795.0,2025-12-07 07:19:30+00:00,1950.1164994425865,-6018.0,4.0,0.13,0.22,0.08,fishing,fishing,fishing,transiting,0.5425160527229309,0.9324054718017578,True,False
074618fb-1d2c-4fa0-bc1a-21eb59a0556e,779ee2ad-79d7-4b16-88f2-637a9dc28ffa,3.258078607925198,0.0,9.699999809265137,3.0878687136810927,195.5266751194549,0.0,358.8999938964844,102.21610150643815,1603,2025-12-08 11:41:58+00:00,822.4113607990013,3.5073206507945827,0.0,11.100000381469727,2.9340931963661756,160.87359143628106,0.0,359.0,100.65619468066758,2732.0,2025-12-08 13:00:09+00:00,211.62321493958257,-4691.0,28.0,1.75,1.02,0.65,fishing,fishing,fishing,fishing,0.7654986381530762,0.7071181535720825,False,False
0a6c81e3-9a11-4765-95b4-bae0050068ce,082d70be-0d44-406a-bf4e-0389f9eb411a,3.7520808558401684,0.0,12.0,3.7212067421783215,167.7103944179138,0.0,358.6000061035156,113.08995381581329,841,2025-12-08 16:04:56+00:00,3547.1833333333334,3.9319107121227215,0.0,11.5,3.6114296299186175,177.96548146594006,0.0,359.0,106.07397764330796,1523.0,2025-12-08 12:06:23+00:00,650.1130091984231,14313.0,14.0,1.66,0.92,0.6,fishing,fishing,fishing,fishing,0.955352246761322,0.826705813407898,False,False
33ebfe93-da5a-4fe7-924b-284f818d18e0,443c0ead-4473-4258-8623-a338224b79eb,2.712073326059034,0.0,9.899999618530273,0.991736139327962,186.1679960213467,0.20000000298023224,358.79998779296875,95.72246139202065,3164,2025-12-09 01:47:49+00:00,619.5535883654758,2.698910258887097,0.0,10.0,0.9421442938496577,197.1289845881816,0.800000011920929,358.79998779296875,95.23952194274705,3120.0,2025-12-08 21:00:10+00:00,394.93363257454314,17259.0,392.0,12.39,12.56,6.65,fishing,fishing,fishing,fishing,0.855178713798523,0.8780213594436646,False,False
28b7271f-99cc-425a-aefd-2692ac767589,f729f752-198e-4f7b-9d44-eea6635e41aa,2.5442501930252193,0.0,7.599999904632568,0.6990832661400908,181.78775277203107,0.0,358.8999938964844,97.84381444199141,2574,2025-12-08 22:20:29+00:00,802.450058297707,2.5284583531165636,0.0,7.699999809265137,0.6702921935956643,180.80233830333228,0.20000000298023224,359.0,98.00199684638262,2653.0,2025-12-08 21:42:15+00:00,485.9245852187029,2294.0,295.0,11.46,11.12,5.98,fishing,fishing,fishing,fishing,0.875344455242157,0.7613278031349182,False,False
2acb55ca-0521-4f68-a493-abfde94d5c7c,,4.438690078502004,0.0,24.899999618530273,2.5418832783852587,150.7806417519982,7.699999809265137,351.8999938964844,103.22324212249157,2962,2025-12-09 23:32:50+00:00,202.49611617696723,,,,,,,,,,,,,,,,,fishing,fishing,missing,missing,0.7102618217468262,,True,True
33f05c40-d581-449f-99eb-10108e7de7bb,edebb98c-0bee-4d1a-b12f-f21babdf55ff,3.71274914444261,0.0,9.5,1.7098562642873347,212.21226607935344,1.0,359.0,98.1992693019242,2910,2025-12-09 04:26:34+00:00,959.5476108628395,3.4130123340769014,0.10000000149011612,8.899999618530273,1.3293317282919084,236.35107954911697,0.800000011920929,359.0,101.01206002693456,976.0,2025-12-09 10:04:48+00:00,2998.4738461538464,-20294.0,96.0,3.3,9.84,2.53,fishing,fishing,fishing,fishing,0.886871337890625,0.7469276785850525,False,False
967d2b48-cf78-4f0f-a898-1b1b1106f9d0,06665cf7-7973-416a-ab8c-f945f24177a8,1.9156910591917793,0.0,9.800000190734863,2.5865540841737076,155.0000729121246,0.0,358.20001220703125,116.83896455276577,2460,2025-12-07 00:27:53+00:00,959.8495323302155,2.823285823302231,0.0,102.30000305175781,2.960450298559088,182.72585658238773,0.0,359.0,116.8282059625291,2946.0,2025-12-07 03:36:30+00:00,155.73853989813242,-11317.0,62.0,2.52,2.1,1.16,fishing,fishing,fishing,moored,0.8232699036598206,0.8568558096885681,True,False
63ce8998-5214-4769-a532-2698fbdcf5cc,,2.1881679494346256,0.0,8.899999618530273,2.109806406304307,142.7482295681415,0.0,358.5,125.58290218556307,1048,2025-12-09 10:49:40+00:00,3041.608404966571,,,,,,,,,,,,,,,,,fishing,unknown,missing,missing,0.6812386512756348,,True,True
5a70ad64-62aa-4498-abac-8d518ea2c677,89f8181d-ea52-4100-a963-6ea9bb0ca983,3.4947856334172975,0.0,10.600000381469727,3.261336921265819,138.4118824234605,0.0,359.0,117.35332641426469,863,2025-12-09 07:56:46+00:00,2311.8863109048725,2.7092915394805313,0.0,78.5,4.209498654065701,100.9619642259714,0.0,359.0,120.05556817046829,1722.0,2025-12-09 09:33:51+00:00,909.6403253922139,-5825.0,4.0,0.46,0.23,0.15,fishing,fishing,transiting,transiting,0.8623459935188293,0.8399369120597839,True,True
3bdb4cc1-d291-478b-88c1-e2d3c489a2d3,80e3c237-0a40-4845-aa18-514a84ee4dd5,4.446217613444633,0.0,14.300000190734863,2.8131120080888485,158.6109239175179,0.20000000298023224,358.8999938964844,104.94249556028674,2895,2025-12-09 21:41:14+00:00,624.2280580511402,3.5507197868132576,0.0,13.100000381469727,2.6245661748218603,181.71712617809078,0.0,359.0,104.11695428601661,2987.0,2025-12-09 08:47:13+00:00,86.51741460147355,46441.0,15.0,0.52,0.5,0.26,fishing,fishing,fishing,fishing,0.8911033272743225,0.8773196935653687,False,False
b88f4ccd-4d66-45e2-9438-e2891f01c7ba,26962f71-af7e-4595-afe5-1900ca1f6e9d,6.712210666649456,0.0,14.699999809265137,5.093791966635082,152.7905654961599,0.0,359.0,73.06265591247802,2981,2025-12-09 09:21:03+00:00,175.24026845637584,4.091625390343582,0.0,12.899999618530273,1.7376048125195462,207.25964463741164,0.30000001192092896,359.0,98.33298631939681,2018.0,2025-12-09 08:04:21+00:00,783.3728309370352,4602.0,1.0,0.03,0.05,0.02,fishing,fishing,fishing,fishing,0.8305281400680542,0.8941425681114197,False,False
8745ec2d-67b4-4817-a970-69aae1904c91,834f0d3f-b505-410d-aa40-007286142d3a,2.627057433393031,0.0,9.5,2.1692860195944426,196.39308700670574,0.0,359.0,105.04239519669748,1689,2025-12-07 22:06:43+00:00,1297.2719194312797,2.8392009318142386,0.0,77.69999694824219,3.712224564122379,214.7073499650061,0.10000000149011612,359.0,106.6219371196922,1727.0,2025-12-07 21:21:03+00:00,462.63557358053305,2740.0,5.0,0.3,0.29,0.15,fishing,fishing,fishing,fishing,0.9012874960899353,0.8531731963157654,False,False
53490f78-31bf-45b6-a7f7-d14f1e155fd3,7740a397-1d4b-42a5-9cf4-d879ec707569,4.058882518279177,0.0,19.200000762939453,3.484104082579939,178.78940504441155,0.0,359.0,111.32045732510292,698,2025-12-09 22:30:33+00:00,4579.130559540889,3.9918544235505307,0.0,12.100000381469727,3.620368623387715,182.54471396082815,0.4000000059604645,358.79998779296875,104.2160477032021,577.0,2025-12-09 20:27:34+00:00,3898.5086805555557,7379.0,33.0,4.73,5.72,2.66,fishing,fishing,fishing,fishing,0.8169368505477905,0.785795271396637,False,False
d031625f-426e-4669-b7e7-e78fc17b58fb,8f00a5a1-07be-4d79-b6e8-5ab670d70c86,4.152945823705258,0.0,12.5,2.3383904368764465,160.18417289152075,0.30000001192092896,358.5,100.38934439276959,2529,2025-12-09 00:21:30+00:00,607.0458860759494,4.009853922689891,0.0,12.600000381469727,2.1773339009629016,155.800001104329,0.10000000149011612,358.8999938964844,97.94532379597018,3217.0,2025-12-09 06:46:25+00:00,113.25062189054727,-23095.0,50.0,1.98,1.55,0.88,fishing,fishing,transiting,transiting,0.6856330037117004,0.7514755129814148,True,True
8083b0c4-9c58-4420-a360-837859ec7896,5dde53ee-6f9b-4bb8-bc60-b566a8cefb9a,10.945117037126959,0.8999999761581421,13.0,1.337414743957601,256.38563371339666,7.800000190734863,356.1000061035156,30.150489407825162,2478,2025-12-08 23:06:18+00:00,423.1974162293096,11.136807249414252,3.0,12.899999618530273,0.7246634284278799,248.74778685332092,236.10000610351562,288.1000061035156,10.872844651616868,2869.0,2025-12-08 14:45:13+00:00,211.16875871687589,30065.0,31.0,1.25,1.08,0.58,fishing,fishing,fishing,transiting,0.8590598702430725,0.6496725082397461,True,False
8c461da9-95e6-4658-8a66-e2f6df7afffb,d4e04e5e-e45d-4821-a785-766708460f00,6.478339106035274,0.0,11.100000381469727,3.330711206237539,183.10852413489764,0.0,358.6000061035156,97.9935865082808,1445,2025-12-09 11:18:06+00:00,1681.6045706371192,4.059986153961096,0.0,10.600000381469727,1.9498182838942442,179.52425216136805,0.0,358.6000061035156,102.64268230168673,1442.0,2025-12-09 23:17:05+00:00,2169.1755725190837,-43139.0,108.0,7.47,7.49,3.89,fishing,fishing,fishing,fishing,0.9861935973167419,0.7653604745864868,False,False
58717183-a67e-499f-a421-5ed8e9147a13,fb2d8291-20b9-426d-984f-df330789d252,5.551990295432744,0.10000000149011612,9.5,2.3905106450376024,168.65508126942893,0.10000000149011612,359.0,104.15606764283444,2462,2025-12-08 03:44:16+00:00,576.4132466477042,5.728067933538,0.0,9.300000190734863,2.6727904797036057,199.17446260919527,0.0,359.0,109.21728040126042,3064.0,2025-12-07 22:15:50+00:00,179.53901403852433,19706.0,21.0,0.85,0.69,0.38,fishing,fishing,fishing,fishing,0.9020587801933289,0.8538675904273987,False,False
1ef32fe4-0ecc-4158-aecd-6166cae5d7fa,0bfcdb8a-7703-4b0d-9072-1dcb725b9a55,6.948622386031123,0.0,11.399999618530273,2.922124749399494,187.5393359490372,0.0,358.8999938964844,99.37902933923236,1851,2025-12-09 08:03:29+00:00,1263.6605405405405,6.830321489350237,0.0,11.0,2.980857647067867,192.49797796407648,0.0,358.79998779296875,99.37302585657145,2302.0,2025-12-09 13:00:16+00:00,1022.6897001303781,-17807.0,405.0,21.88,17.59,10.81,fishing,fishing,anchored,transiting,0.9283440709114075,0.7104255557060242,True,True
98504d04-637d-40bf-9fe2-229a94a4227a,1a28c020-d923-41d7-ae65-cbc2c5656549,3.5953340145111206,0.0,11.300000190734863,1.7156300771792954,213.84984880582195,0.0,359.0,98.68654599487267,2979,2025-12-09 02:31:21+00:00,973.5319006044325,3.65868674706102,0.0,11.100000381469727,1.6892760576660204,223.52770567016856,0.0,358.8999938964844,96.88373480187235,2924.0,2025-12-10 01:15:09+00:00,1080.5921997947314,-81828.0,480.0,16.11,16.42,8.85,transiting,transiting,moored,transiting,0.5197765231132507,0.6499196887016296,False,True
6ec7926d-8d8c-420e-ab92-9e711c189236,b06df9ef-8290-4232-80d3-829fa6320b9d,4.803669287715611,0.0,10.0,3.870071835634703,220.700341923392,0.699999988079071,358.6000061035156,87.74696153731512,2044,2025-12-09 01:29:08+00:00,814.6808614782183,4.2106173742699005,0.0,10.199999809265137,4.08859379163957,205.4254734553144,0.800000011920929,359.0,91.50034929395912,2948.0,2025-12-09 11:33:25+00:00,292.6437054631829,-36257.0,31.0,1.52,1.05,0.62,fishing,fishing,transiting,transiting,0.49952301383018494,0.8863485455513,True,True
819c7b22-5f4c-4e7b-8471-14e4ec80c7f3,b4861535-5e0e-4e06-8c7b-f01df1fc6b77,6.515022666799602,0.20000000298023224,12.300000190734863,3.013615240294108,210.5628061624983,0.0,359.0,84.86533887328466,2869,2025-12-08 11:52:06+00:00,369.95013947001394,7.555232974381804,0.5,12.300000190734863,2.763944054273522,204.41173281234103,0.10000000149011612,359.0,69.43627593373829,2962.0,2025-12-08 11:20:47+00:00,159.38466734211414,1879.0,46.0,1.6,1.55,0.8,fishing,fishing,fishing,fishing,0.8364407420158386,0.8726891279220581,False,False
c345c53e-bf59-48cf-9118-747e0cb89a44,7821a82e-a98f-47f9-b07a-3408e6ddb2ca,4.509613409783695,0.0,12.699999809265137,4.070106025971887,181.18836823106832,1.100000023841858,359.0,88.42348471965428,2923,2025-12-07 16:14:13+00:00,239.03867214236823,2.761275380300401,0.0,11.699999809265137,2.8958126220909035,185.61858506546787,0.10000000149011612,358.70001220703125,108.74561297257422,2807.0,2025-12-07 18:15:04+00:00,43.6176051318603,-7251.0,31.0,1.06,1.1,0.54,fishing,fishing,fishing,moored,0.8570001721382141,0.8789880871772766,True,False
0834d34e-9ce5-4ddd-a19b-e3b05179e288,dc6d217c-94a2-484a-8904-5c12c68bf0ee,3.7633563249960713,0.0,11.100000381469727,2.1672999929240815,172.75209385491274,0.0,359.0,107.74137278567856,2175,2025-12-08 21:48:58+00:00,1257.228150873965,3.7273597898810245,0.0,10.699999809265137,2.1923222044314628,173.62742275999386,0.0,358.8999938964844,105.69802323491757,2193.0,2025-12-08 21:50:36+00:00,1329.0246350364964,-98.0,200.0,9.2,9.12,4.8,fishing,fishing,transiting,transiting,0.8547627925872803,0.8805594444274902,True,True
4754a7bf-0357-4fef-aa40-27fe33d13e02,dd54f243-3556-457a-9aaf-f91ac29f5941,2.1344026026165746,0.0,7.900000095367432,1.4500511947521293,158.954439795444,0.0,359.0,108.92765154973053,2151,2025-12-08 12:04:53+00:00,319.5353488372093,2.2519323716201067,0.10000000149011612,8.300000190734863,1.4702244160574278,150.54830917874395,0.0,359.0,104.08490202206343,2070.0,2025-12-08 13:30:03+00:00,157.91831802803287,-5110.0,56.0,2.6,2.71,1.34,fishing,fishing,fishing,fishing,0.8747727870941162,0.8149882555007935,False,False
61aa79c7-46f9-4768-bab5-44e3d5936eb7,eb113a85-0a97-4215-8214-45029a51f60c,6.99504950272362,0.0,11.899999618530273,4.429966930865181,213.22368257870158,0.0,358.8999938964844,102.7393992740382,1616,2025-12-07 20:23:50+00:00,888.7195046439629,6.031144989944846,0.0,11.600000381469727,4.619850763289741,227.21707150868096,0.0,359.0,100.68718977715876,2559.0,2025-12-08 03:24:54+00:00,433.7900703674746,-25264.0,11.0,0.68,0.43,0.26,fishing,fishing,transiting,transiting,0.7414308786392212,0.9374237060546875,True,True
df40e0cc-81c0-48c7-8945-fdeae7645f57,77d3618d-a5f2-4c04-8558-e6b3246969f0,4.901140073975639,0.20000000298023224,8.899999618530273,2.0067704484731803,155.69723122974656,0.20000000298023224,358.8999938964844,101.79845769158082,614,2025-12-08 11:06:15+00:00,2208.993474714519,5.376729788427304,0.0,9.100000381469727,2.39585321474348,173.0719777330276,0.0,359.0,99.80976093271252,2905.0,2025-12-08 12:49:51+00:00,716.5909090909091,-6216.0,3.0,0.49,0.1,0.09,fishing,fishing,fishing,fishing,0.8898290395736694,0.6877955794334412,False,False
9ddffd41-4dad-4e1c-b741-1259a466a0f2,35ba6642-a136-4184-ab9e-60834a481668,3.8542792790767937,0.10000000149011612,8.699999809265137,2.0661061493945185,168.87311725327407,0.0,358.8999938964844,110.8424993654484,1332,2025-12-07 19:45:04+00:00,1382.9436513899325,4.941973938257499,0.10000000149011612,9.100000381469727,2.0760804750936668,161.63265095016897,0.0,359.0,123.31075800414663,1763.0,2025-12-08 00:35:30+00:00,791.2911464245176,-17426.0,6.0,0.45,0.34,0.19,fishing,fishing,fishing,unknown,0.7843663692474365,0.8508033752441406,True,False
2e66fec8-b1c3-4041-8465-d1ae1f8ca030,02c0a617-1365-4d7a-b646-3ced1be5baf9,5.269902913761218,0.0,13.800000190734863,3.4537417330711806,176.4141759136377,0.0,358.5,97.02649583525368,1957,2025-12-09 21:56:53+00:00,917.092535787321,4.726156484249498,0.0,13.199999809265137,3.2125751896296046,177.02233654594733,0.10000000149011612,359.0,97.97809419593376,2940.0,2025-12-09 20:51:28+00:00,324.77203130316434,3925.0,13.0,0.66,0.44,0.27,fishing,fishing,fishing,moored,0.9628385901451111,0.8960901498794556,True,False
10aff025-4dfc-46f9-898d-b7e421599684,23cd6c46-aaa2-40ad-8555-c4c59bc649de,2.8934057511684044,0.0,11.0,3.1581216435501256,181.98020178392733,0.0,358.79998779296875,100.11932601448338,2578,2025-12-07 16:31:30+00:00,991.5195964299573,4.48396779022914,0.0,9.800000190734863,3.1747199865628564,182.63814129137612,0.0,358.79998779296875,107.09777122271377,2233.0,2025-12-07 20:43:00+00:00,237.28987455197134,-15090.0,46.0,1.78,2.06,0.97,fishing,fishing,fishing,fishing,0.9567984342575073,0.7730557918548584,False,False
9a1b9f8d-cd88-4aa7-a3af-6537843a6c59,807426ed-a177-4231-9d93-7fb98ee588df,0.5272199472213989,0.0,102.30000305175781,2.3390683178783775,109.24679947764233,0.0,358.1000061035156,126.35042757451724,2928,2025-12-09 18:26:21+00:00,942.3426716774854,1.4749156026060237,0.0,102.30000305175781,2.8742158634337316,107.34126097348152,0.0,359.0,122.68214707808049,2962.0,2025-12-09 15:19:48+00:00,262.4869976359338,11193.0,41.0,1.4,1.38,0.7,fishing,fishing,fishing,fishing,0.675983726978302,0.7169597148895264,False,False
34fbc969-04a3-4b45-8f9b-45ce5140f0f0,665ed775-4fc0-4113-95cc-d6bcd97ce288,1.1665111005201918,0.0,10.100000381469727,2.5488568687883575,198.60304014945504,0.0,358.6000061035156,105.26378148111667,1714,2025-12-09 21:55:33+00:00,1416.9591360186807,1.2647058926090229,0.0,10.0,2.7308437026473653,143.34130710692654,0.800000011920929,359.0,98.3558656410493,2584.0,2025-12-10 01:34:05+00:00,556.274099883856,-13112.0,8.0,0.47,0.31,0.19,fishing,fishing,fishing,fishing,0.9146870970726013,0.8806264400482178,False,False
2a8ff581-0d6c-426e-84e1-3a3413054675,5a35016c-ba38-4c62-9977-4a3c6bc1225d,3.4317288178432794,0.0,11.5,3.332245853337278,169.8487057550417,0.0,358.8999938964844,107.56154218043636,2950,2025-12-09 11:26:14+00:00,91.95625635808749,2.7485294328643914,0.0,10.100000381469727,3.0223246264945134,173.8818377024986,0.20000000298023224,358.79998779296875,104.6369041391485,1496.0,2025-12-09 19:48:14+00:00,1676.9973244147156,-30120.0,17.0,0.58,1.14,0.38,fishing,fishing,fishing,moored,0.8219207525253296,0.7843299508094788,True,False
ca8e9131-c71d-4202-b9f8-48d7d0611c41,864f815e-783b-4b42-aa9f-a3a2ae80edec,1.8849004791230066,0.0,8.199999809265137,2.502295241416187,164.86592018938978,0.10000000149011612,359.0,101.20727656804289,2914,2025-12-06 20:02:43+00:00,226.70374184689322,1.9082906875913155,0.0,8.0,2.480612096272252,163.07730192484738,0.0,359.0,98.16428118676575,2931.0,2025-12-06 18:30:49+00:00,199.96723549488055,5514.0,323.0,11.08,11.02,5.85,fishing,fishing,fishing,fishing,0.5817789435386658,0.5434104800224304,False,False
6fbd9fcb-fd18-4c2b-a6b4-9975fbbc4105,581a4f01-57a5-42f4-ba82-4a2319ede256,0.9846841115611483,0.0,13.0,2.5000469096988844,177.9249760108143,0.10000000149011612,359.0,103.5488933299797,3134,2025-12-08 09:10:52+00:00,744.4012128949888,0.3262714630178081,0.0,12.699999809265137,1.166812549546986,175.16524901767372,0.4000000059604645,359.0,103.64598343899743,3087.0,2025-12-08 09:16:34+00:00,140.34672715489307,-342.0,26.0,0.83,0.84,0.42,fishing,fishing,fishing,fishing,0.7946192622184753,0.7843335866928101,False,False
ff453678-2062-4702-8f1e-6be60545b0f8,a2e02ee2-9144-4403-84d7-26b0962cfb85,5.097544106530797,0.0,13.300000190734863,3.924278639601475,211.0497391398126,0.0,359.0,99.62657139058317,2891,2025-12-08 16:54:42+00:00,529.4574394463668,4.693063439136858,0.0,12.300000190734863,3.7579437554350146,213.56881485829103,0.0,359.0,87.43029785328714,3532.0,2025-12-08 17:17:12+00:00,202.2659303313509,-1350.0,48.0,1.66,1.36,0.75,fishing,fishing,fishing,fishing,0.919539749622345,0.860200822353363,False,False
afff68b2-a2bd-4de8-af67-aa18a2ab15c2,c146587c-f013-471f-acca-3e2c6b8bbf97,3.9615384623026237,0.0,11.399999618530273,2.7320455333256657,158.1482900552319,0.0,358.8999938964844,114.50092058788822,741,2025-12-09 16:46:54+00:00,3921.737837837838,3.8329646168688756,0.0,11.399999618530273,3.3679220557581875,140.06525178803912,0.0,359.0,118.78118759673767,904.0,2025-12-09 16:16:54+00:00,3105.984496124031,1800.0,210.0,28.34,23.23,14.63,fishing,fishing,transiting,transiting,0.7802912592887878,0.5598248243331909,True,True
4a644a5d-b89e-4528-8469-87453bcda90e,c7f06b25-bc81-4383-afe3-07ec881abb33,6.118442490009871,0.0,12.0,4.495669945837815,172.7743398379747,0.0,358.79998779296875,101.4641183492032,3069,2025-12-06 23:16:21+00:00,367.78617992177317,3.8260772645631915,0.0,12.699999809265137,4.340423392618142,173.12141386728584,0.0,359.0,101.59368102108512,1787.0,2025-12-07 04:34:31+00:00,1801.246920492721,-19090.0,12.0,0.39,0.67,0.25,fishing,fishing,fishing,transiting,0.9753984212875366,0.9878697991371155,True,False
98fa1646-8377-44f3-ac5a-a3405e79d99d,97012df3-c38a-47e6-b956-8aab02f459c0,2.8076056360107073,0.0,9.800000190734863,2.4888395018073948,166.95467511143966,0.0,358.8999938964844,114.16339317030022,1775,2025-12-10 00:11:25+00:00,1406.0834272829763,3.1552582339956445,0.0,24.100000381469727,1.9347100513985789,177.52092685685525,0.0,359.0,110.72448079887494,2130.0,2025-12-09 18:50:01+00:00,418.2433067167684,19284.0,18.0,1.01,0.85,0.46,fishing,fishing,fishing,fishing,0.8858752846717834,0.8455156683921814,False,False
2b1105de-5964-4e80-8abd-284b0075563f,80c55eca-0bb2-4e7b-b3a1-a5defc019032,1.8793088254553056,0.0,10.899999618530273,2.8974695275737945,192.63291868827972,0.0,359.0,113.2890661786361,2257,2025-12-07 22:56:35+00:00,1035.3058510638298,1.4661345275640285,0.0,10.5,2.4707266049688204,172.27188310886962,0.0,358.79998779296875,106.91275224146416,2944.0,2025-12-07 20:42:43+00:00,247.370710159701,8032.0,9.0,0.4,0.31,0.17,transiting,transiting,fishing,fishing,0.5206716060638428,0.5884947776794434,True,True
b2c3a42a-7012-4cce-9104-d7e4421f65d8,436ad788-d1a3-46eb-8a78-0158d100a81e,4.586686026278693,0.0,10.100000381469727,2.4805118151667718,207.49485716553755,0.6000000238418579,359.0,94.67524975807778,2411,2025-12-09 06:10:40+00:00,342.6298755186722,4.649486322310588,0.0,10.100000381469727,2.638099350914874,197.9782125091218,0.800000011920929,359.0,96.84657374240325,2920.0,2025-12-09 07:10:42+00:00,211.58718739294278,-3602.0,226.0,9.37,7.74,4.43,fishing,fishing,fishing,fishing,0.8505166172981262,0.5418606400489807,False,False
72b83591-5563-4a94-afe4-27e037a4b931,2b32f528-1bfe-4dc1-9493-90db07ab2fc7,2.898174705743945,0.10000000149011612,11.199999809265137,1.9218740277303261,198.18215218108156,0.0,358.8999938964844,106.17031769816131,767,2025-12-09 11:25:21+00:00,2699.657963446475,3.075554134127486,0.0,10.5,1.5246856261190815,192.97181548738703,0.0,359.0,109.06185128919303,1534.0,2025-12-09 17:56:48+00:00,1069.8317025440313,-23487.0,2.0,0.26,0.13,0.09,fishing,fishing,fishing,fishing,0.7975285053253174,0.8964643478393555,False,False
33ad8c52-8383-4930-b01b-e02baa64f39f,307203ad-8485-4644-8db0-cf312183d598,3.7668971573240095,0.0,10.300000190734863,3.258083141411155,199.1634398975966,0.5,359.0,103.13008179490791,1157,2025-12-09 07:19:54+00:00,869.94723183391,3.188018023518023,0.0,10.5,3.0610869143652972,194.78711781378266,0.800000011920929,359.0,94.52187458004636,1110.0,2025-12-09 13:36:11+00:00,705.9422903516681,-22577.0,137.0,11.84,12.34,6.43,fishing,fishing,transiting,transiting,0.6004031896591187,0.6356040239334106,True,True
be8a2695-010c-4f0c-b555-47dba5d7ecfb,818740f7-5ce3-438f-a45f-917146cd6fb6,0.994772577598863,0.0,11.800000190734863,2.4054902941289464,218.22688518852016,0.0,357.8999938964844,78.5265012648435,2946,2025-12-08 20:20:33+00:00,247.59762308998302,1.2392711389799695,0.0,10.399999618530273,2.5796585180939067,212.2577876789708,0.0,358.79998779296875,96.39384560145736,2936.0,2025-12-08 19:13:15+00:00,39.110732538330495,4038.0,37.0,1.26,1.26,0.63,fishing,fishing,fishing,fishing,0.9760717749595642,0.7523948550224304,False,False
4d226196-75c2-439f-9a9f-6d84e8764a0b,51b95025-71ce-46bc-8223-b44b728bea03,3.107772912846481,0.0,10.100000381469727,1.9604405105532403,206.81279729780115,0.0,358.70001220703125,103.7609438415886,2959,2025-12-09 02:06:07+00:00,2226.4864773495606,3.1083289887687378,0.0,10.100000381469727,2.2527888006669206,222.38333594133616,0.0,358.5,109.12519149925339,1897.0,2025-12-09 03:20:11+00:00,348.5448312236287,-4444.0,15.0,0.51,0.79,0.31,transiting,transiting,fishing,fishing,0.6780481338500977,0.9877713918685913,True,True
2d531d39-1859-4ea8-99fb-5efa7b4c8e5a,d746b845-5030-47bd-876e-63c7fd0c8924,3.846138299102008,0.0,8.800000190734863,2.74486323175569,189.85103192856707,0.30000001192092896,358.8999938964844,82.26527407081943,2473,2025-12-07 16:12:42+00:00,361.4081715210356,4.345286669492376,0.0,8.800000190734863,2.7004620991081465,180.94603487564214,0.30000001192092896,357.3999938964844,88.34738363694605,4657.0,2025-12-07 16:00:05+00:00,157.14798109965636,757.0,46.0,1.86,0.99,0.65,fishing,fishing,fishing,fishing,0.8547095656394958,0.8654530644416809,False,False
0dd684db-7d65-4524-bb2e-c74e99130c73,eca4862d-55d9-44bb-a6aa-50bc45c01514,5.961763520043514,0.0,8.800000190734863,2.600710663044322,212.28288985173685,0.10000000149011612,359.0,96.63699655481672,2461,2025-12-06 23:12:23+00:00,353.56138211382114,5.3338067647447,0.0,8.699999809265137,2.5807251736604275,182.851188266905,0.0,359.0,85.67889101092288,4295.0,2025-12-06 22:35:45+00:00,179.77992547741033,2198.0,60.0,2.44,1.4,0.9,fishing,fishing,fishing,transiting,0.7368760704994202,0.8764406442642212,True,False
2ba549f6-f7b2-436f-9f13-54fb33ba6dc3,3f34a562-77e3-4c16-b246-59f33603e2e1,4.267077492399167,0.0,11.0,3.180719564640719,190.686220612785,0.0,358.6000061035156,105.89106069342917,1136,2025-12-08 23:18:03+00:00,2951.6775330396476,4.763239925210814,0.0,11.300000190734863,2.952878219747077,177.5437814462099,0.0,359.0,111.96265944795866,1926.0,2025-12-08 17:11:59+00:00,1252.3215584415584,21964.0,239.0,21.04,12.41,8.47,fishing,fishing,fishing,fishing,0.7711458802223206,0.8281446695327759,False,False
296be742-9caf-403a-ba56-acde5e5ba43c,8687db45-c813-4d45-909c-23718984a53f,2.763127343977788,0.0,11.100000381469727,2.927268258140972,180.79986333460135,1.100000023841858,358.29998779296875,95.44209379637705,2929,2025-12-06 19:52:28+00:00,51.5167349726776,1.7811628091907086,0.0,10.399999618530273,2.4907500522998416,171.40978013502047,0.10000000149011612,356.8999938964844,97.45603936671058,860.0,2025-12-06 19:48:27+00:00,3355.310826542491,241.0,5.0,0.17,0.58,0.13,fishing,fishing,moored,moored,0.593967616558075,0.5437666177749634,True,True
d5ebe3be-fd78-42eb-be0f-3f21328dd4a4,d8a2eecb-8e4e-4cfd-b889-3cb9e2705105,3.238985375686799,0.0,12.0,2.2291481157999296,148.6419354254131,0.20000000298023224,359.0,101.35174795154776,2188,2025-12-08 22:41:49+00:00,739.697759487883,3.2712912078419762,0.0,12.100000381469727,2.4256161790449804,130.11310348872482,0.0,359.0,103.791478442387,2912.0,2025-12-08 23:33:03+00:00,265.8577808313294,-3074.0,26.0,1.19,0.89,0.51,fishing,fishing,fishing,fishing,0.9284648299217224,0.8698092103004456,False,False
e510d06e-6d24-4caf-b452-4ea946f525ed,6593697b-f09a-48a1-9509-f8b58b0757e1,1.9517960107709775,0.0,6.099999904632568,1.1473301857822418,174.5939289602451,0.0,359.0,104.12807514047118,2255,2025-12-09 11:05:18+00:00,1015.7834960070985,1.819202173526441,0.0,6.599999904632568,1.1883764267404568,178.611897536782,0.0,359.0,103.54056584295722,2958.0,2025-12-09 14:36:58+00:00,351.16570848833277,-12700.0,105.0,4.66,3.55,2.06,fishing,fishing,fishing,fishing,0.9861317873001099,0.6195916533470154,False,False
61676d84-762c-43cd-8dfb-f9cc13669da8,,3.5088921265768933,0.30000001192092896,9.399999618530273,1.5299137804881313,174.06710729109076,0.10000000149011612,358.8999938964844,111.58956767868963,686,2025-12-09 08:46:52+00:00,2438.6773722627736,,,,,,,,,,,,,,,,,fishing,fishing,missing,missing,0.8877365589141846,,True,True
1b78abff-d236-4f05-9e47-8ce1c5bf60c2,270b7555-428d-4b69-aa33-9fad6c294824,3.139696319526249,0.0,102.30000305175781,2.6889514765593057,189.53545946382943,0.0,359.0,118.23335211079609,2766,2025-12-09 08:44:36+00:00,1818.0390596745028,2.702855902093811,0.0,9.300000190734863,1.5132573849335398,204.94361307148714,0.0,359.0,113.29916828873371,2276.0,2025-12-09 14:27:07+00:00,2102.014065934066,-20551.0,169.0,6.11,7.43,3.47,fishing,fishing,fishing,fishing,0.7086633443832397,0.8000531196594238,False,False
2b858eef-1a70-4657-b6f4-6031640f3442,e1b03d35-341d-4aa2-8563-6e9fd30cbc39,4.43284210600351,0.0,10.800000190734863,2.7065217708194202,169.0750177716219,0.0,359.0,83.59619383279737,2850,2025-12-07 16:27:52+00:00,441.5935415935416,5.473052723938226,0.0,10.899999618530273,2.847392861692891,190.77902533570457,0.0,359.0,93.19638611725688,4609.0,2025-12-08 01:15:03+00:00,150.77951388888889,-31631.0,62.0,2.18,1.35,0.84,fishing,fishing,fishing,fishing,0.8686490058898926,0.8714132308959961,False,False
b2c8e281-9efe-4b2b-a6a2-6053f7a05f73,7a7a7fe2-cbed-4a2c-b10a-51e5a97cc4c1,4.4212719347458656,0.0,11.699999809265137,3.0638420639760593,183.39510747872666,0.0,358.70001220703125,97.65021625779488,1824,2025-12-08 18:07:35+00:00,1575.1289083927593,4.153237430970323,0.0,10.100000381469727,2.9540309353294276,194.54635284419908,1.0,358.20001220703125,100.57183279381185,973.0,2025-12-08 20:15:25+00:00,1486.4578189300412,-7670.0,8.0,0.44,0.82,0.29,transiting,transiting,fishing,fishing,0.8982006311416626,0.853837251663208,True,True
dcc2d577-230f-4a14-b670-aec09b2499fb,2101c0d1-69e4-45ea-a938-c55ade21cef0,3.0010445657079847,0.0,10.699999809265137,2.208748593684805,164.5241744226278,0.0,359.0,108.74282455141747,1436,2025-12-07 23:53:04+00:00,2235.426480836237,2.3474889076281458,0.0,10.399999618530273,1.5142159701744506,171.61327767859038,0.0,359.0,102.31795105667399,2927.0,2025-12-08 04:33:42+00:00,176.3967874231032,-16838.0,22.0,1.53,0.75,0.51,fishing,fishing,fishing,fishing,0.7834672927856445,0.8152514696121216,False,False
5d358f37-5de5-4df3-ba31-c723e577e211,,3.3908726235285567,0.0,8.800000190734863,1.726891881296743,201.9826961933847,0.0,358.8999938964844,96.08139732589858,997,2025-12-09 08:09:05+00:00,2320.0793172690765,,,,,,,,,,,,,,,,,fishing,fishing,missing,missing,0.8327652812004089,,True,True
f8e6548f-dfa6-4756-8740-58bdf4428fdc,dd57b801-15ec-4cd1-8053-4900e8d5175c,2.3769154900324185,0.0,8.699999809265137,2.647835480667187,155.82476979908287,0.10000000149011612,358.70001220703125,97.56571790873626,3041,2025-12-09 12:37:30+00:00,308.57236842105266,3.0847260222574455,0.0,8.600000381469727,2.2558348222629236,161.2176145178441,0.699999988079071,359.0,98.26112742384636,2573.0,2025-12-09 22:42:56+00:00,162.9891135303266,-36326.0,40.0,1.32,1.55,0.72,fishing,fishing,fishing,fishing,0.557579517364502,0.6332811117172241,False,False
beaf4371-1de9-4249-a456-487ec9753367,2b3dceca-40a9-4c7e-839f-d464981f0554,4.498933208021223,0.10000000149011612,12.199999809265137,2.330645986700352,151.279851143628,1.100000023841858,355.29998779296875,96.62693517659187,2156,2025-12-07 03:43:43+00:00,593.4839907192576,4.433283609849112,0.0,11.300000190734863,2.4046745531480505,143.25349832693618,0.10000000149011612,359.0,91.68419997586052,4693.0,2025-12-07 16:13:01+00:00,86.07267689684569,-44958.0,19.0,0.88,0.4,0.28,fishing,fishing,fishing,fishing,0.9142563939094543,0.8768067359924316,False,False
d5f77bd8-6999-4969-a792-1a30621ee774,98aa1713-8392-4f08-9754-839940b13b83,3.8734527663221576,0.10000000149011612,10.699999809265137,2.9571614867673883,173.2654950276858,0.4000000059604645,358.3999938964844,97.43170019730697,1228,2025-12-08 22:52:38+00:00,1252.4490627546863,3.608643665270855,0.0,10.399999618530273,2.7532191652825646,188.35366693269296,0.0,359.0,97.85066564001501,2927.0,2025-12-08 16:19:54+00:00,428.67566643882435,23564.0,21.0,1.71,0.72,0.51,fishing,fishing,fishing,fishing,0.9269236326217651,0.846945583820343,False,False
74c72715-feac-4284-af65-da85a304779a,b603d378-3e44-49da-9a9e-3d7d450c6400,10.323100969488328,0.4000000059604645,102.30000305175781,3.1232495690039626,255.0626566051797,8.699999809265137,333.1000061035156,18.67226201400963,2238,2025-12-09 08:00:02+00:00,431.74653553866784,10.157541704456397,0.0,102.30000305175781,4.340205455099882,245.99017397237287,1.0,358.0,30.35640392654904,2937.0,2025-12-09 05:45:39+00:00,232.05517711171663,8063.0,18.0,0.8,0.61,0.35,fishing,fishing,fishing,fishing,0.7437024116516113,0.8334764838218689,False,False
ffb9c018-bbc0-4bf0-a409-b77a42f10058,899f58ce-c1b5-4906-bd17-11d5161568da,9.443721463274398,0.0,14.399999618530273,3.8262873465381695,121.32888136389049,1.5,356.79998779296875,46.01810886718134,876,2025-12-09 21:40:13+00:00,1502.2662857142857,9.548109970723129,0.0,14.199999809265137,3.506523157959198,119.76403989288534,0.0,359.0,48.41394308468889,2910.0,2025-12-09 20:56:14+00:00,489.6345823306978,2639.0,8.0,0.91,0.27,0.21,fishing,fishing,fishing,fishing,0.869132399559021,0.8523178100585938,False,False
c17e099f-1447-49ca-a65c-19836d38d1a5,256869cf-af0d-4cf9-87ee-fe824bfc76db,3.555544249622468,0.0,11.399999618530273,1.975513867817115,165.5918118411879,0.0,358.79998779296875,102.3186724351707,983,2025-12-09 17:53:57+00:00,2483.546843177189,4.1814484369039295,0.0,13.899999618530273,2.350575277970877,180.40843898328362,0.0,359.0,97.29424026657826,2016.0,2025-12-09 19:15:57+00:00,477.6645161290323,-4920.0,15.0,1.53,0.74,0.5,fishing,fishing,fishing,fishing,0.9458547830581665,0.8919671177864075,False,False
eccdfad0-be29-4637-b91f-c1ee303a2e76,6562639d-02b9-4575-aa22-475b35b419fa,2.4585868021526456,0.0,7.099999904632568,1.3050293319493667,167.4182158969133,0.10000000149011612,359.0,97.95119315770198,2137,2025-12-08 18:12:50+00:00,1090.6999063670412,2.179796841273055,0.0,7.099999904632568,1.2944778528515832,176.31096716694756,0.10000000149011612,358.70001220703125,98.15651744854699,1772.0,2025-12-09 06:20:23+00:00,1186.3466967814793,-43653.0,281.0,13.15,15.86,7.75,fishing,fishing,fishing,fishing,0.9566854238510132,0.8277149796485901,False,False
6efe1d25-90ab-4d31-ae9a-543725fba6b0,77c04e53-0527-40eb-9a52-31d2d498f71c,1.123500815847801,0.0,8.199999809265137,2.0888571057116985,219.61233717783705,5.0,358.8999938964844,74.11133690351186,1234,2025-12-09 03:02:29+00:00,1537.4103811841037,1.0251523638200892,0.0,8.300000190734863,1.9699682864645136,221.33207857443685,3.5999999046325684,358.70001220703125,76.47446643199996,1805.0,2025-12-09 09:33:50+00:00,932.5238359201774,-23481.0,10.0,0.81,0.55,0.33,fishing,fishing,fishing,moored,0.8623620867729187,0.8719485402107239,True,False
3d1ae826-0368-4b7c-9ed8-427c353e278b,a6b8a6b4-2dc7-4262-9c3f-218e5696598a,1.3427821597799803,0.0,10.600000381469727,2.8225456908823032,141.5654950819664,0.0,358.8999938964844,120.34464600867413,2286,2025-12-08 02:12:32+00:00,1094.896717724289,1.6975920721413646,0.0,10.800000190734863,3.0698264001131252,164.65347348696127,0.0,359.0,113.86373291977819,2824.0,2025-12-08 03:40:48+00:00,560.0453418349274,-5296.0,32.0,1.4,1.13,0.63,fishing,fishing,fishing,fishing,0.9526076912879944,0.7057631015777588,False,False
56dfcaea-5b0d-4d5b-b44c-7296e493df0b,73e5833e-e360-41f5-8d05-162155aaf5c0,3.310975609808018,0.0,8.5,1.6165272405228805,195.38356660019892,0.4000000059604645,359.0,109.88795129629472,574,2025-12-09 21:29:35+00:00,2830.6544502617803,2.799685744754853,0.0,8.800000190734863,1.6205771628772598,192.65082553313297,0.0,359.0,105.69474197798901,1591.0,2025-12-09 14:31:35+00:00,692.7182389937107,25080.0,0.0,0.0,0.0,0.0,fishing,fishing,fishing,fishing,0.9592297673225403,0.846790075302124,False,False
e78380ae-64f0-4420-912e-4527a4a207ff,6c9f2a9e-878c-4550-abc5-5527c2561be8,2.764531626396651,0.0,9.699999809265137,2.5649260474006192,182.98661867889987,0.699999988079071,359.0,99.80675403441995,2498,2025-12-09 17:34:31+00:00,592.63075690829,3.251998695074468,0.0,9.0,2.6160592278357697,204.87479165375495,0.0,359.0,100.36412277228402,3027.0,2025-12-09 22:25:00+00:00,157.2263714474554,-17429.0,118.0,4.72,3.9,2.18,fishing,fishing,moored,moored,0.6422346234321594,0.8929316401481628,True,True
4af0765d-6dbb-423b-ba69-0b06ec3c08f5,49a238d6-5093-4501-96c7-4ea9f2c60930,4.12089279164066,0.0,6.300000190734863,1.258311502104877,200.87983527976135,0.0,358.8999938964844,96.69461044200338,2173,2025-12-10 00:27:32+00:00,1615.2527624309391,3.775935499173018,0.0,6.300000190734863,1.3767582009486534,186.63529524413246,0.0,358.79998779296875,94.5019050488646,1550.0,2025-12-10 00:55:01+00:00,665.3453841187863,-1649.0,33.0,1.52,2.13,0.89,fishing,fishing,transiting,unknown,0.9831405282020569,0.6512054204940796,True,True
57148b1f-88bc-45b7-ad75-e9bcc19ca23a,71db6417-166d-4489-a093-c030e7b4206a,2.652720000192523,0.0,10.199999809265137,2.1242734395136083,214.53575228323723,0.5,358.8999938964844,104.40387619900268,2500,2025-12-09 08:13:33+00:00,885.6766706682673,2.6167505004102765,0.0,9.600000381469727,1.580757540085255,215.26181204588946,0.0,359.0,109.86152437382115,2585.0,2025-12-09 07:09:57+00:00,110.02631578947368,3816.0,24.0,0.96,0.93,0.47,fishing,fishing,fishing,fishing,0.9721423983573914,0.827261209487915,False,False
0ba0e4dd-f1b1-42cf-8b5c-b272c651e3ec,bc6222ea-a53d-4546-9015-43f664c37817,5.249118048352308,0.0,11.699999809265137,2.9437752327922215,177.41875264767182,0.0,359.0,104.8868981515911,2211,2025-12-08 23:29:40+00:00,1178.8918552036198,4.915421265603417,0.0,10.699999809265137,3.0132059225116214,185.022472358131,0.0,358.8999938964844,98.05579341977443,2101.0,2025-12-08 13:44:25+00:00,536.6857142857143,35115.0,18.0,0.81,0.86,0.42,fishing,fishing,fishing,fishing,0.8331092596054077,0.8580461740493774,False,False
c395cc71-5a01-4033-a784-c75a9050d4bd,4c7711e3-9c03-404f-86ad-52b70dfb2a70,1.6313344648271497,0.0,11.300000190734863,2.687039970470523,182.96013605225266,0.0,358.8999938964844,101.9699591400085,2368,2025-12-08 00:19:40+00:00,1129.223489649345,1.2491437172210669,0.0,11.600000381469727,2.4208247089704176,172.58572042136996,0.0,359.0,99.60934578823266,2686.0,2025-12-08 01:28:22+00:00,594.1445065176908,-4122.0,18.0,0.76,0.67,0.36,fishing,fishing,,,0.6007936000823975,,True,True
de41154c-2510-45e0-9764-8d8e0205ca83,b6d5e1f9-b01a-47fc-b6d7-439979454dba,3.278451177077892,0.0,8.699999809265137,1.7796916884818528,196.6074575776338,0.0,357.20001220703125,97.58118262062608,2079,2025-12-08 03:02:50+00:00,1316.4403272377285,3.297026906779573,0.0,8.199999809265137,1.8260044868093985,204.08965587728588,0.0,358.70001220703125,98.91934396387539,2119.0,2025-12-08 04:15:05+00:00,1334.136449480642,-4335.0,239.0,11.5,11.28,6.04,fishing,fishing,fishing,fishing,0.6172103881835938,0.9815757274627686,False,False
82b904b1-4429-4f53-ac3d-53b7b4700fa1,893e042b-dc48-4a8b-b373-81dde1a2779c,3.413068770727616,0.0,10.600000381469727,2.317543185249708,138.50663709490624,0.0,358.70001220703125,107.6489567032905,2923,2025-12-09 18:22:03+00:00,456.88706365503083,3.640463402877798,0.0,10.100000381469727,2.3787625060589694,138.96676348149776,0.0,358.70001220703125,103.66737068185009,2417.0,2025-12-09 18:30:00+00:00,316.67259933774835,-477.0,134.0,4.58,5.54,2.57,transiting,transiting,transiting,transiting,0.5649587512016296,0.7934902906417847,False,False
d9a08c44-a68e-4be7-93b1-11b0bc57ae74,c068a175-7fdc-4016-8688-c7e529012bbe,4.286271127206204,0.0,11.399999618530273,4.8345780340385724,195.80400427275788,0.6000000238418579,358.8999938964844,100.95285523455053,2899,2025-12-07 07:54:44+00:00,614.7011732229123,2.0963707192090526,0.0,11.5,4.138358338058996,244.2647221422236,0.0,358.8999938964844,79.87821267459996,3086.0,2025-12-07 07:28:42+00:00,122.27131280388978,1562.0,49.0,1.69,1.59,0.83,fishing,fishing,fishing,fishing,0.5423026084899902,0.8428730368614197,False,False
d61fead9-9b33-4b49-9ee4-3dcd3a249b98,aa1583a2-4f07-46f8-9fa8-383fd6682bd4,6.106412905313454,0.0,13.199999809265137,4.3713163555522305,168.62086967379165,0.0,359.0,102.78129611693886,2417,2025-12-08 03:10:01+00:00,109.83153973509934,5.094213678791721,0.0,13.100000381469727,4.729269346750138,170.74596415502546,0.0,358.79998779296875,110.02894628712225,2022.0,2025-12-08 09:44:31+00:00,858.0356259277586,-23670.0,15.0,0.62,0.74,0.34,fishing,fishing,transiting,moored,0.7905274629592896,0.8893819451332092,True,True
325bd41a-1603-4b80-978e-23bbd9837f1a,38b9e4fb-c9f9-4fb4-af72-6ad0a172b682,1.6163111701514221,0.0,9.699999809265137,2.690768687914957,161.04564945454254,0.0,358.8999938964844,93.9540226378925,797,2025-12-09 09:21:29+00:00,3241.954773869347,1.8611179672356157,0.0,9.699999809265137,2.83120402149743,169.12583724227005,0.0,359.0,92.05335980643008,2433.0,2025-12-09 11:49:00+00:00,1171.9740953947369,-8851.0,489.0,61.36,20.1,17.84,fishing,fishing,fishing,fishing,0.7917038798332214,0.8854995965957642,False,False
18bffd75-7eaa-421b-8e83-b8d22b4035d8,0a6a1034-89dc-4a30-bbaa-3af8c5a7451c,3.5429477934112428,0.0,9.699999809265137,3.1788532215271226,176.8863683851837,0.0,359.0,94.66797207026617,2049,2025-12-09 00:37:38+00:00,627.9453125,3.7980062118937936,0.0,10.0,3.2112438374053474,191.2475846754102,0.0,359.0,102.68322051003416,2909.0,2025-12-09 03:34:59+00:00,449.2764786795048,-10641.0,18.0,0.88,0.62,0.36,moored,unknown,anchored,unknown,0.8780274987220764,0.5122765302658081,False,True
d79d77bf-788e-4fc9-b53f-a8ef9647e1c9,ca3822ee-9d9a-4f1b-9b0f-f948109c1f7b,4.2418112514345365,0.0,10.199999809265137,2.5646457544449204,159.9346840085837,0.0,359.0,122.76219166181997,2882,2025-12-06 22:03:08+00:00,357.0673377299549,4.823551708511237,0.20000000298023224,10.0,2.703256582404686,197.86410978884643,0.0,359.0,131.84695930090567,2900.0,2025-12-07 06:59:59+00:00,139.99655053466714,-32211.0,32.0,1.11,1.1,0.56,fishing,fishing,fishing,fishing,0.8582834005355835,0.8838045597076416,False,False
80a1e95c-da24-4a80-9510-25bd26afd4c8,06c86378-047e-4708-b313-a192a5cfbe92,4.026278354931475,0.0,10.800000190734863,1.566037405202387,193.38979182173344,0.0,359.0,92.06616373121095,2953,2025-12-09 15:33:50+00:00,632.3821138211382,3.8291702498359186,0.0,11.0,1.8848747744848648,190.50488736351747,0.30000001192092896,359.0,92.88246662443358,1169.0,2025-12-09 12:03:51+00:00,3108.640410958904,12599.0,8.0,0.27,0.68,0.19,fishing,fishing,transiting,transiting,0.8668348789215088,0.9160852432250977,True,True
e0ccdbf2-faed-41f0-b982-dae15cedf31c,11badd9a-fa0b-45a7-8337-7635e4d70edc,6.03998140538365,0.0,102.30000305175781,6.9055025239765175,180.22882499659121,0.5,358.8999938964844,106.36512558037414,2151,2025-12-09 20:27:35+00:00,261.37767441860467,7.130440166584016,0.0,102.30000305175781,6.828654592315098,174.61391886873687,0.0,359.0,115.56176592641074,2431.0,2025-12-09 21:15:13+00:00,175.03292181069958,-2858.0,201.0,9.34,8.27,4.59,fishing,fishing,fishing,fishing,0.6012178659439087,0.8512769937515259,False,False
8927936a-a67e-499e-9030-cf26bfc82160,23f1c2cd-44f6-4397-88e6-2fe556acb30d,5.11603054177471,0.0,10.100000381469727,3.5724899677277238,187.40009658082275,0.10000000149011612,358.79998779296875,98.56953428787992,1048,2025-12-08 23:08:23+00:00,1238.3361986628463,4.980538234263805,0.0,10.0,3.6627230767928527,181.4177776732627,0.0,359.0,93.35555996038921,3047.0,2025-12-09 04:45:27+00:00,256.4757058437295,-20224.0,6.0,0.57,0.2,0.15,fishing,fishing,fishing,fishing,0.9014602899551392,0.5349120497703552,False,False
91b83070-d1a0-4e63-92fe-c3763dcf905a,c0969424-d20c-43ab-aad5-09c5111f61e9,5.265706968644511,0.0,11.199999809265137,2.2258973034674367,167.69536016082984,0.0,359.0,100.82942777337733,3126,2025-12-08 22:54:59+00:00,412.9248,5.080534767538787,0.0,11.0,2.6738735241412104,177.26967468469246,0.0,359.0,100.42100841704656,2805.0,2025-12-09 23:26:29+00:00,406.59058487874466,-88290.0,101.0,3.23,3.6,1.73,fishing,fishing,transiting,transiting,0.8345348238945007,0.9291320443153381,True,True
2da4566b-05f2-43bf-b9e1-7296b0277f5f,51a105e2-22d0-4fd3-9d0d-d0b7972f5e20,5.466978193582776,0.30000001192092896,11.300000190734863,2.570734113572142,164.7666665640024,0.0,359.0,113.45933510786311,642,2025-12-09 09:31:36+00:00,2094.121684867395,6.360138410713949,0.10000000149011612,11.0,2.7400474779076665,183.79252623777901,0.0,359.0,108.10423062244449,2890.0,2025-12-09 11:30:09+00:00,496.51332641052267,-7113.0,8.0,1.25,0.28,0.23,fishing,fishing,fishing,fishing,0.8746709823608398,0.8593710064888,False,False
3069dd51-745d-44b9-bba8-543ffbb6fb13,eda50ccd-6332-43e5-8c26-2989cf9e9a3a,0.39250681651070995,0.0,102.30000305175781,3.4793073888736967,140.91960408339676,1.899999976158142,351.5,85.42712050382069,2936,2025-12-08 14:39:36+00:00,613.1880749574105,0.5894576294720173,0.0,9.0,1.7290490981020459,138.39579590094291,1.2000000476837158,358.1000061035156,86.58952488698284,2950.0,2025-12-08 11:46:15+00:00,268.52933197694136,10401.0,58.0,1.98,1.97,1.0,fishing,fishing,fishing,fishing,0.8439818024635315,0.8194130063056946,False,False
919c940b-0b5d-4e89-91f0-1bc54d2e142b,,2.7687216706452378,0.0,8.5,1.3905645448584578,156.24714161129754,0.4000000059604645,359.0,99.24507506361728,2206,2025-12-09 22:15:35+00:00,937.0621315192744,,,,,,,,,,,,,,,,,fishing,fishing,missing,missing,0.7832502722740173,,True,True
7708cd38-5a47-4de2-b066-06f4b571d86f,2a6817f0-72e2-47e8-99a8-836c19a1512e,0.983037108079756,0.0,11.800000190734863,2.758687140165669,312.53181030566645,1.7999999523162842,358.5,59.584968627539425,3207,2025-12-07 15:22:29+00:00,140.81253898939488,1.4095359282770585,0.0,10.600000381469727,2.429941652314307,186.70626001904978,0.20000000298023224,358.70001220703125,116.88160772926476,1573.0,2025-12-07 19:34:01+00:00,988.1501272264632,-15092.0,3.0,0.09,0.19,0.06,fishing,fishing,fishing,moored,0.7092294096946716,0.6716848611831665,True,False
95313ed2-e787-4708-b1af-9ae0e85855a0,945c0f7b-6c09-4c0d-8806-d5ce09f0753a,6.8251908509646295,0.0,11.800000190734863,3.934975262317625,167.5662499544314,0.800000011920929,357.0,83.44178591227642,2882,2025-12-07 12:14:10+00:00,118.00381811870878,6.35494185767548,0.20000000298023224,11.699999809265137,3.5044694282983286,173.7106335560553,0.0,358.8999938964844,104.84509259562405,2752.0,2025-12-07 13:14:13+00:00,22.147946201381316,-3603.0,85.0,2.95,3.09,1.53,fishing,fishing,fishing,fishing,0.8889931440353394,0.8627597689628601,False,False
c3003b12-2565-4b5a-b5b7-fcbc86decb0d,c7bc33bf-4b52-47a3-a299-42f5b3fc2f57,3.800315479233814,0.0,12.0,2.5183058159568406,170.8247236201389,0.0,358.79998779296875,101.1263674106168,634,2025-12-09 11:26:10+00:00,4301.090047393365,2.1631209582380033,0.0,83.0999984741211,3.293807602350356,143.40579406234966,0.0,359.0,116.43962378705268,1852.0,2025-12-08 21:35:28+00:00,1122.7433819556995,49842.0,1.0,0.16,0.05,0.04,fishing,fishing,transiting,transiting,0.8579444289207458,0.9010775685310364,True,True
9c974c3e-36be-41c4-8921-5044f6e4e2de,03bb385c-4ea0-48a6-8811-55b806f7f004,2.4628040067670343,0.0,11.399999618530273,3.448223849998061,145.5345323704987,0.0,359.0,122.46665799260082,699,2025-12-08 19:57:39+00:00,3538.497134670487,2.4361263950979644,0.0,10.199999809265137,3.1181587665298838,181.62090975767646,0.0,359.0,95.58676790926177,1456.0,2025-12-08 21:46:03+00:00,950.0302405498281,-6504.0,3.0,0.43,0.21,0.14,fishing,fishing,fishing,fishing,0.9048822522163391,0.8630290031433105,False,False
cfbdcaf1-d4a0-4533-abe5-5c2ba3d9aa7b,6d8a4fdd-2409-4ace-af68-8456481bf5fa,2.902210476724561,0.0,11.0,2.1923764155270833,158.02121505483612,0.0,359.0,108.15739633535932,2081,2025-12-09 08:24:31+00:00,1184.1951923076922,2.8346619698943574,0.0,10.0,1.9250400806282582,166.02321028591354,0.10000000149011612,359.0,111.51125159717078,1982.0,2025-12-09 04:31:15+00:00,351.35487127713276,13996.0,16.0,0.77,0.81,0.4,transiting,transiting,fishing,fishing,0.6625511646270752,0.9085025191307068,True,True
47129f81-1b09-4875-9647-fcd59beeefab,ed3e9fa9-295b-49d6-8e24-5b9e24881e68,2.406118477441353,0.0,11.699999809265137,3.347558768097292,177.5206802658929,0.0,358.79998779296875,101.15189691848772,2566,2025-12-09 20:21:13+00:00,656.7925925925925,2.5763745603147057,0.0,11.300000190734863,3.0969268707443423,184.35011083336147,0.5,358.70001220703125,97.2041368331709,1837.0,2025-12-09 22:33:29+00:00,800.7636165577342,-7936.0,12.0,0.47,0.65,0.27,fishing,fishing,fishing,fishing,0.5255258679389954,0.6689474582672119,False,False
2da868e2-d39e-462e-ad34-7895c98d4a58,,4.346193972217527,0.0,9.800000190734863,2.626424188303221,209.02207162026238,0.0,358.70001220703125,114.6297506419715,959,2025-12-09 17:44:54+00:00,3259.8820459290187,,,,,,,,,,,,,,,,,,,missing,missing,,,True,True
47a0a363-b09f-44e9-8ecf-76b739d2cf63,86fe7214-9c20-43f7-92bc-dac5eb487fc3,2.6863872594679767,0.0,9.399999618530273,2.8605905362246826,188.2782290904912,0.0,359.0,92.09340763591376,2887,2025-12-08 22:03:23+00:00,96.90194040194041,2.9436314633551923,0.0,11.0,3.2121637952723847,174.75249001934316,0.0,358.70001220703125,104.7628857485993,2214.0,2025-12-09 04:40:10+00:00,194.83732489832806,-23807.0,67.0,2.32,3.03,1.33,fishing,fishing,transiting,transiting,0.7239254713058472,0.8891782164573669,True,True
abddbbfc-5441-4f52-b4e5-a3dda616944c,72719069-b324-4c86-9f92-7822fbe66d46,7.860411409359897,0.10000000149011612,12.100000381469727,3.0818466503920336,186.5465341659229,0.8999999761581421,358.70001220703125,91.42822104446887,2771,2025-12-06 23:20:20+00:00,235.57003610108302,8.83054348072442,0.0,12.0,3.071815029218468,198.89195637003235,1.100000023841858,359.0,88.95714475942408,2760.0,2025-12-06 22:23:15+00:00,111.61399057629576,3425.0,55.0,1.98,1.99,1.0,fishing,fishing,fishing,fishing,0.7915595769882202,0.9327710866928101,False,False
db3513a6-4b61-443d-98bc-abf8f7e567d5,a89439cc-e8b3-47a9-98e9-51032825a4ae,5.286779176592268,0.10000000149011612,13.0,3.088883952550615,226.24094760673046,0.20000000298023224,359.0,96.61048624242764,2133,2025-12-08 12:48:45+00:00,448.83864915572235,4.486559712116518,0.0,12.800000190734863,2.877335516371832,255.6054627140349,1.2000000476837158,359.0,98.64977671421799,2805.0,2025-12-08 17:48:01+00:00,207.8555634807418,-17956.0,42.0,1.97,1.5,0.86,fishing,fishing,fishing,transiting,0.7368874549865723,0.7818947434425354,True,False
2976e514-91ad-43be-9754-6463c208844c,85e74db2-2510-4b23-bc0d-f176768a1dd8,7.013931289969283,0.20000000298023224,12.699999809265137,4.687348179782414,182.92709439026362,0.0,359.0,111.91141093756237,2096,2025-12-07 23:41:35+00:00,476.5756563245823,6.626230070435868,0.20000000298023224,12.899999618530273,4.795055369772372,193.22434047194093,0.0,358.8999938964844,116.97048324104854,2886.0,2025-12-08 04:30:08+00:00,194.96984402079724,-17313.0,17.0,0.81,0.59,0.34,fishing,fishing,fishing,fishing,0.8993377685546875,0.8428007960319519,False,False
ad7281d6-25de-4d10-ae8c-28662fca4ccd,37cbe65e-1f42-45a4-ac63-d6e03b419086,3.8551068823338364,0.0,102.30000305175781,3.145347100155439,211.13087665269396,0.0,359.0,101.59823284809664,2947,2025-12-08 04:44:09+00:00,518.8496266123558,3.853922578670485,0.0,102.30000305175781,2.5966006418302197,209.48621433323046,0.0,358.6000061035156,102.09343762725244,2919.0,2025-12-08 12:55:47+00:00,583.0455791638109,-29498.0,156.0,5.29,5.34,2.73,fishing,fishing,fishing,fishing,0.5682058930397034,0.7294741868972778,False,False
e90863fa-3112-4742-85bd-9a971fc78e4f,9bed2397-cf1f-4f65-8e7e-4a5707c54685,4.970706127214295,0.5,10.600000381469727,2.5962614634373753,176.29535803883533,0.0,359.0,94.99298928063003,2096,2025-12-09 23:09:55+00:00,746.2558472553699,5.288643344309572,0.5,10.800000190734863,2.326458366678843,207.64349206589407,0.0,359.0,89.49541307402168,2941.0,2025-12-09 23:45:02+00:00,203.8700680272109,-2107.0,10.0,0.48,0.34,0.2,fishing,fishing,fishing,fishing,0.8915557861328125,0.8843145966529846,False,False
e67b88ec-1db6-42b0-b68d-328c2aa375c0,,2.4461224504423384,0.0,12.5,3.4881603907628502,185.52768865290275,0.20000000298023224,359.0,110.24586319871891,2940,2025-12-09 13:16:16+00:00,495.8972439605308,,,,,,,,,,,,,,,,,fishing,fishing,missing,missing,0.9725224375724792,,True,True
55446753-7fa1-4b80-8f87-c7437c8338a7,,2.966817567771703,0.0,8.899999618530273,2.0512211271026417,200.3406176650892,0.0,359.0,97.53760894618055,2209,2025-12-08 05:40:39+00:00,3976.766757246377,,,,,,,,,,,,,,,,,fishing,fishing,missing,missing,0.5589001774787903,,True,True
c4ef082b-3295-4935-b9b9-3ea20a966e45,f90f6c45-32df-4622-9500-69abe4046367,5.065105006219112,0.10000000149011612,11.600000381469727,3.0240905134407496,183.85372167892007,0.10000000149011612,359.0,83.21339808879323,619,2025-12-09 07:44:48+00:00,2265.5226537216827,5.752553911953657,0.0,11.899999618530273,3.551387131264404,176.8261932722766,0.0,359.0,97.36706830646709,2643.0,2025-12-09 10:32:04+00:00,545.9818319454959,-10036.0,8.0,1.29,0.3,0.25,fishing,fishing,fishing,fishing,0.8661030530929565,0.8891035914421082,False,False
876600db-eec5-43e3-afce-a0f5d5e3cf85,99d6d2fa-531f-4ede-9c29-75da8d97ba1d,3.1023848278129975,0.0,10.100000381469727,2.213825807924941,160.1043028058748,0.0,359.0,106.08711629969676,1845,2025-12-09 18:42:46+00:00,1438.8872017353578,2.7965446569757066,0.0,10.600000381469727,2.332488984849609,153.00947685597745,0.0,359.0,111.7439621036021,2923.0,2025-12-09 22:36:04+00:00,243.95277207392198,-13998.0,15.0,0.81,0.51,0.32,transiting,transiting,transiting,transiting,0.6619092226028442,0.9056928753852844,False,False
f9bddafa-f4d8-4c8f-8295-a39825c0f473,534165d9-da56-4f76-b338-7025938f321b,1.4734743796016163,0.0,10.0,2.6921836926329,223.90755374475378,0.0,359.0,124.24789214583383,3687,2025-12-09 14:35:27+00:00,1723.3445469343462,2.4006005281537734,0.0,10.100000381469727,2.926416011898274,171.71158765191097,0.0,359.0,105.70141446258832,3164.0,2025-12-09 21:48:09+00:00,1959.4179576351564,-25962.0,1687.0,45.76,53.32,32.67,transiting,transiting,transiting,transiting,0.9019756317138672,0.8942936658859253,False,False
85e24a5c-a11a-4c4b-89d0-dadf8c83941a,,3.41886534870832,0.0,12.600000381469727,4.533434338361386,183.52663680174692,0.10000000149011612,359.0,99.36896857131018,2926,2025-12-09 05:46:43+00:00,44.89846153846154,,,,,,,,,,,,,,,,,fishing,fishing,missing,missing,0.9189236760139465,,True,True
ab7938f5-913e-460d-9626-31cce59fc624,0051d71e-fdca-4308-97e3-227990c0b434,5.64757281911038,0.10000000149011612,14.800000190734863,3.88359485819191,212.76542378188896,0.0,358.8999938964844,91.16712344606174,2472,2025-12-09 12:17:25+00:00,310.37919870497774,5.992783859015408,0.30000001192092896,14.800000190734863,4.0404335942446234,203.59831889418192,0.10000000149011612,358.6000061035156,88.61545345271026,2924.0,2025-12-09 13:15:30+00:00,183.9230242901129,-3485.0,193.0,7.81,6.6,3.71,fishing,fishing,fishing,fishing,0.848031759262085,0.7988525032997131,False,False
e1a59dac-9568-47af-a421-4c00a1237a6c,2cf25324-7e35-4c35-8e3f-5ee53d38dc48,5.156329329388526,0.0,13.399999618530273,4.6928855226684485,172.1569706961333,0.0,358.8999938964844,100.87413047021498,2915,2025-12-08 22:15:17+00:00,88.81606039807825,3.121415693042467,0.0,13.100000381469727,4.2306094806684005,180.2696824575385,0.0,359.0,102.31244766737298,2769.0,2025-12-09 07:16:29+00:00,498.1452312138728,-32472.0,12.0,0.41,0.43,0.21,fishing,fishing,transiting,transiting,0.51857590675354,0.9466223120689392,True,True
dff10488-b1ea-4d31-81f4-ff2fe2719f82,dc5b1d1e-91c1-4b54-8068-f48c972777d3,3.58641399354959,0.0,11.199999809265137,2.541149500087674,158.08226578041894,0.0,359.0,110.3752930416902,1715,2025-12-09 23:45:11+00:00,1600.4859976662776,3.1919019389039605,0.0,10.699999809265137,2.3670070797047007,146.36945708709604,0.0,359.0,106.30187009705732,1346.0,2025-12-09 23:30:45+00:00,561.8460966542751,866.0,19.0,1.11,1.41,0.62,moored,unknown,transiting,transiting,0.8308444619178772,0.9369960427284241,True,True
dd1dd1b6-8144-493d-a2ea-6fc672177ba6,a82f1b3c-3e50-42a2-86a7-2c7ff03a26cf,5.26979382581932,0.0,54.70000076293945,3.884810080216391,172.32627789332795,0.0,358.79998779296875,101.61029682639214,970,2025-12-07 06:51:04+00:00,2265.6171310629516,1.6806374975541283,0.0,54.599998474121094,3.79681232816779,96.05052386781644,0.0,358.79998779296875,116.75016642638231,2102.0,2025-12-08 04:07:17+00:00,215.00142789148026,-76573.0,0.0,0.0,0.0,0.0,fishing,fishing,transiting,transiting,0.5087729096412659,0.8278856873512268,True,True
06767dd2-ed23-410d-8cae-78c26f8d302f,2d6d22c0-0f63-4bd5-8561-b49eb6e983db,3.3594352676592174,0.0,11.300000190734863,2.227161549875639,195.54207745093657,0.0,359.0,105.53402468812986,2904,2025-12-09 03:57:44+00:00,801.5945573544609,2.997537128335712,0.0,11.399999618530273,1.6459947533126649,191.3922164958374,0.20000000298023224,359.0,99.58731120233033,2964.0,2025-12-08 18:37:38+00:00,162.80998987512655,33606.0,24.0,0.83,0.81,0.41,fishing,fishing,fishing,fishing,0.7624648809432983,0.9287426471710205,False,False
2654ea23-74eb-4109-95f7-a7a4b8cdc35b,8bc59253-c957-4289-8b6e-fc0acfd9eb96,3.02164834521629,0.0,15.600000381469727,2.0762588816451206,166.60574583995736,0.0,358.8999938964844,109.9963897917303,910,2025-12-09 20:50:25+00:00,1936.968096809681,2.815454558877632,0.0,9.5,1.7403594271260177,175.60923963736005,0.0,359.0,101.28285835972844,990.0,2025-12-09 18:47:25+00:00,1534.2052578361981,7380.0,4.0,0.44,0.4,0.21,fishing,fishing,fishing,fishing,0.8954125642776489,0.9228793978691101,False,False
014a53cb-7584-4fa6-b7df-c6454fbb6791,cc878e28-a828-4625-b0ef-741c91672855,3.032957306283314,0.0,102.30000305175781,7.033258662297517,182.10216618135087,0.0,359.0,107.44470681578349,2482,2025-12-07 20:40:28+00:00,892.2293430068521,3.523103355560829,0.0,102.30000305175781,6.3242632327382005,182.79305755091286,0.0,359.0,117.03520568466365,2913.0,2025-12-07 16:11:12+00:00,285.5467032967033,16156.0,76.0,3.06,2.61,1.43,transiting,transiting,fishing,fishing,0.5767663717269897,0.9273453950881958,True,True
4cc3106e-f43e-42da-b7f9-10612ac5778c,b9b3a321-989f-40a4-bdf2-82c7097742a3,2.7152457748798686,0.0,8.100000381469727,1.2562230430421195,173.11851010477304,0.0,358.3999938964844,98.22194228835478,2604,2025-12-09 11:24:04+00:00,1074.7956204379561,2.744268501584583,0.0,8.0,1.2418726233177555,174.20385548846858,0.0,358.79998779296875,97.78679904692397,2905.0,2025-12-09 13:20:02+00:00,957.9146005509642,-6958.0,1305.0,50.12,44.92,31.04,fishing,fishing,fishing,fishing,0.7053595781326294,0.7107220888137817,False,False
9a4f8445-432f-458c-b76d-bd583cdae70d,e5e23268-46af-450e-84b6-257ec3980476,0.25490196074425686,0.0,7.800000190734863,0.9657351727439637,45.38760274757998,0.0,355.20001220703125,100.0161362445171,3162,2025-12-09 11:40:58+00:00,289.06516925023726,0.2769391413173485,0.0,7.699999809265137,1.0092599331723144,38.49928395011349,0.0,358.79998779296875,93.2820464297758,3352.0,2025-12-09 09:47:05+00:00,254.2008355714712,6833.0,599.0,18.94,17.87,10.13,fishing,fishing,anchored,moored,0.684748113155365,0.6686686277389526,True,True
8e11f373-ba6d-41c1-913f-52c8168348b7,c00016e5-0750-40ef-a160-13c640484c80,2.3477770188458966,0.0,9.399999618530273,1.7413444157257674,166.83025752514473,0.0,358.70001220703125,99.46015411336273,2924,2025-12-09 17:59:42+00:00,328.9052343482723,1.7851814294531412,0.0,8.300000190734863,1.5366974683327579,139.0499794822065,0.0,359.0,110.1047218113286,2949.0,2025-12-09 14:05:15+00:00,58.42096336499321,14067.0,75.0,2.56,2.54,1.29,fishing,fishing,fishing,fishing,0.7060621380805969,0.7789474129676819,False,False
ebcb930d-5d83-4b1d-b58a-f1020cb649d4,,3.570694108031556,0.0,10.800000190734863,2.667400206806337,168.82584135636725,0.0,359.0,108.19200437491641,1167,2025-12-08 20:28:21+00:00,2323.8078902229845,,,,,,,,,,,,,,,,,fishing,fishing,missing,missing,0.6676552891731262,,True,True
1ccae562-6c3d-4c6c-928b-94ed6b50856d,b4fbd63c-5324-4e58-86d8-ac1cc97a93e1,4.769633894621769,0.0,10.199999809265137,3.0285288200976628,176.44089912666698,0.0,358.8999938964844,104.98721408123036,1393,2025-12-09 12:57:18+00:00,4604.191091954023,4.302360545693549,0.0,10.300000190734863,2.555153524867225,173.43986280681224,0.0,358.79998779296875,110.57020190074424,2330.0,2025-12-09 14:36:14+00:00,572.6294547015887,-5936.0,60.0,4.31,2.58,1.64,fishing,fishing,transiting,transiting,0.5980585813522339,0.9022512435913086,True,True
31c4e3f2-3762-42f9-91f0-368b0e8b1be0,186925f0-be76-42da-afea-d0d595e0a537,3.0084780424320865,0.0,13.0,4.4386699788682105,172.8988069464499,0.6000000238418579,358.79998779296875,97.88391123357863,2937,2025-12-07 01:01:44+00:00,93.34843324250681,1.9198675604017672,0.0,14.199999809265137,3.333014135582185,186.55991205730982,0.0,359.0,105.6130872025658,2718.0,2025-12-07 09:34:30+00:00,706.0857563489143,-30766.0,50.0,1.7,1.84,0.89,fishing,fishing,transiting,moored,0.5877687931060791,0.7387663722038269,True,True
227f5aa0-f364-4606-824d-5ea8e764a532,59679b5f-13e8-4cd2-9dc5-f8f91801318b,2.631757235387176,0.0,8.600000381469727,0.8974898090927087,174.58650972940384,0.0,359.0,137.6683512919066,1417,2025-12-09 14:07:48+00:00,1733.1617231638418,2.9456866347742543,0.0,8.800000190734863,1.6408493706326572,159.44835947502898,0.10000000149011612,358.8999938964844,123.93768006653181,1136.0,2025-12-09 20:15:48+00:00,2124.5295154185023,-22080.0,60.0,4.23,5.28,2.41,fishing,fishing,transiting,transiting,0.8213509321212769,0.795767068862915,True,True
c43a496b-abb9-471b-bccb-b8179e4f4163,,2.7949491717948507,0.0,9.300000190734863,1.3182531847648653,148.51536493213243,0.4000000059604645,358.5,96.7719736466638,3148,2025-12-09 22:19:31+00:00,419.3044169049889,,,,,,,,,,,,,,,,,fishing,fishing,missing,missing,0.782628059387207,,True,True
c1548a38-6439-47bf-ab14-b36489db7a29,c5c48bb8-1ba9-48d5-8495-2f86f2940950,3.7978611460261225,0.0,10.899999618530273,1.9208027863379098,167.12719617090275,0.0,359.0,101.16425992662731,2852,2025-12-09 04:56:39+00:00,875.1939670291126,3.5111473620772493,0.0,10.899999618530273,1.6182853264510995,163.92233226533122,0.0,359.0,106.04845069592803,1839.0,2025-12-10 00:20:58+00:00,1297.9613710554952,-69859.0,261.0,9.15,14.19,5.89,fishing,fishing,anchored,transiting,0.9066084623336792,0.5469141006469727,True,True
4ec485c8-60b2-419e-a1c3-23933f821157,,5.185536076621839,0.0,13.0,4.699612465588159,126.49918917929502,0.0,359.0,106.49109874231205,2966,2025-12-09 19:30:03+00:00,116.99763912310287,,,,,,,,,,,,,,,,,fishing,fishing,missing,missing,0.6841786503791809,,True,True
db0522e7-db65-4730-a273-7f85511fc8a7,afb8b615-ef3e-45d9-8645-f5f0ed5430a1,2.7527672252576463,0.0,9.699999809265137,1.7668497397099572,165.06416486688684,0.10000000149011612,359.0,107.58211007569203,2367,2025-12-08 21:12:38+00:00,1037.6479289940828,3.190179004933567,0.0,9.300000190734863,1.9320493028723233,179.8403708659577,0.10000000149011612,358.70001220703125,101.3366992060252,2179.0,2025-12-08 07:30:40+00:00,414.3112947658402,49318.0,82.0,3.46,3.76,1.84,fishing,fishing,fishing,fishing,0.8764739632606506,0.9869996905326843,False,False
9da8352e-fee4-44d4-8200-02aae3ac0ad7,c0c47ed5-ac1c-4bce-bb65-1a7682a32fa6,4.765720820716605,0.0,11.5,3.4188264647546687,191.27457604627793,0.0,358.8999938964844,98.71863630925313,3066,2025-12-09 16:32:53+00:00,1015.5213703099511,4.761654646906975,0.0,12.5,3.4171941203609615,191.2472564470154,0.0,358.8999938964844,98.35188236956226,3046.0,2025-12-09 22:26:42+00:00,973.7080459770115,-21229.0,1926.0,62.82,63.23,46.01,fishing,fishing,transiting,transiting,0.6240658760070801,0.6749306917190552,True,True
85a78d7a-9feb-4219-9b36-3f08c69e18fe,c2778e1e-cd9d-417c-b1a9-1dc5aa788979,5.657425071800518,0.0,12.800000190734863,3.1444246763867647,230.03712534059946,0.0,359.0,104.44652039653144,2936,2025-12-09 15:18:25+00:00,319.58671209540034,5.016480158869191,0.10000000149011612,12.699999809265137,3.23120591949336,192.39572736520856,0.0,358.0,97.58604592329421,2949.0,2025-12-09 12:45:17+00:00,150.0461329715061,9188.0,44.0,1.5,1.49,0.75,fishing,fishing,fishing,fishing,0.8435469269752502,0.8606835007667542,False,False
6aaa58f6-52c7-4671-ae65-0dd023498df9,22a359bd-c8a3-4bc1-ba63-024dc57ccf21,3.0384013620363612,0.0,10.100000381469727,2.3464577691117445,175.43553232023228,0.0,359.0,106.27406655784529,2940,2025-12-08 22:29:14+00:00,581.4620619258251,3.033182354232598,0.0,10.5,2.6735581129147863,156.6986973264649,0.0,359.0,109.23280071383596,2649.0,2025-12-08 11:00:13+00:00,649.9361782477341,41341.0,65.0,2.21,2.45,1.18,fishing,moored,transiting,transiting,0.6408549547195435,0.8484709858894348,True,True
780ff8e3-24f9-4b76-a2ba-0fc7d7b67723,25bf74bb-b3b7-4162-80c3-39960332209f,2.334967591103945,0.0,9.699999809265137,2.5988439028103767,201.4708201302905,0.20000000298023224,359.0,99.70632986271737,2468,2025-12-09 10:40:17+00:00,1001.1722740170247,1.9388472061136695,0.0,9.399999618530273,2.4763587319743943,184.15470452961236,0.10000000149011612,358.79998779296875,97.21932945497723,2932.0,2025-12-08 08:40:01+00:00,226.5540771067895,93616.0,122.0,4.94,4.16,2.31,transiting,transiting,fishing,fishing,0.7010498046875,0.6482722759246826,True,True
8ced2fb3-bfd5-4be7-a700-3c228195a3e8,d2cd7ee4-ff1d-4b10-ac4e-6305182c7eb2,3.4793762592467625,0.0,12.100000381469727,2.6581619884755057,149.5510718187463,0.0,347.70001220703125,90.3031596865673,1988,2025-12-09 12:29:10+00:00,1449.4323100150982,3.414426727603694,0.0,11.899999618530273,2.5700923806765124,152.0988411918866,0.0,358.5,90.28559498246838,2634.0,2025-12-09 10:47:11+00:00,852.8777060387391,6119.0,119.0,5.99,4.52,2.64,fishing,fishing,fishing,fishing,0.8643299341201782,0.8433337807655334,False,False
7d2f6845-55d7-40e0-86d1-6f118e45d68b,8a6faf80-4f04-467a-8d70-e0d5e8611632,1.5441605878626778,0.0,10.800000190734863,2.732006560269897,182.64478972984625,0.6000000238418579,356.6000061035156,106.89101474030208,548,2025-12-09 10:29:52+00:00,3675.111517367459,1.4828512598106192,0.0,11.800000190734863,2.9070423266061436,176.4462189479041,0.20000000298023224,359.0,107.27004309080687,968.0,2025-12-08 12:54:22+00:00,5029.078593588418,77730.0,3.0,0.55,0.31,0.2,fishing,fishing,fishing,moored,0.8208141922950745,0.8994251489639282,True,False
e2699a1c-9abf-4e49-84b2-e03cc8cf6d3e,4a889c87-6b86-4c6a-b034-6b5489cf2ff2,4.067739378469991,0.0,11.0,3.047234170137566,175.13230324825676,0.0,359.0,129.80145981778617,2517,2025-12-09 15:46:11+00:00,503.6112877583466,4.333726584673507,0.20000000298023224,11.100000381469727,2.268087604444833,207.25727887129412,0.0,359.0,110.96216155879449,2882.0,2025-12-09 21:55:21+00:00,365.3991669559181,-22150.0,49.0,1.95,1.7,0.92,fishing,fishing,fishing,fishing,0.913209855556488,0.8288916945457458,False,False
fdece665-6830-4b0f-a005-e1fbea28e549,17e8348c-125f-4cd3-af13-f1e21e09476c,0.5934973043763654,0.0,7.400000095367432,1.746692620918919,187.64293937962645,0.0,359.0,101.1271612345897,2968,2025-12-06 19:02:45+00:00,962.2072800808897,0.1408431708837842,0.0,7.0,0.8056488957177146,178.32835055572374,1.0,359.0,98.89051694151077,2965.0,2025-12-06 17:40:18+00:00,361.4983130904184,4947.0,7.0,0.24,0.24,0.12,fishing,fishing,fishing,fishing,0.8846098184585571,0.7582690119743347,False,False
eee3f442-4081-41dd-b6e0-df7b8098d2c5,c46a4aec-92b9-43f2-9514-9730323dd171,5.53508899829635,0.0,11.300000190734863,3.6217733446939193,170.22014557109637,0.0,358.8999938964844,97.6444744341446,2753,2025-12-09 07:35:07+00:00,316.8481104651163,5.800750702924039,0.0,12.100000381469727,3.670082746423578,188.09272758396074,0.0,358.5,91.02992323176169,1199.0,2025-12-09 01:08:37+00:00,1821.1168614357262,23190.0,4.0,0.15,0.33,0.1,fishing,fishing,transiting,transiting,0.9291386008262634,0.7435965538024902,True,True
ef105bbe-666a-41cc-9377-a5ded6b63738,b5b5c184-a4a8-4a35-adc7-795d93c655f7,3.5164524474354413,0.0,9.5,1.9167547281550261,164.03842803154507,0.0,358.6000061035156,101.42158285419166,1167,2025-12-09 21:49:44+00:00,3059.0222984562606,3.2214500069729985,0.0,9.899999618530273,1.3971474176235585,181.9696004974842,4.900000095367432,358.70001220703125,88.835775772449,2000.0,2025-12-09 10:12:11+00:00,812.079539769885,41853.0,48.0,4.11,2.4,1.54,fishing,fishing,fishing,fishing,0.7431317567825317,0.8575044274330139,False,False
ad5d3a58-a712-45dd-bbf3-ac4c39f55d34,b3150926-5a11-4e8f-a77b-6ac7b520001a,3.9978089454362626,0.0,8.300000190734863,2.5625960882491947,143.62340102270963,0.0,358.20001220703125,97.11354205276972,1141,2025-12-09 14:50:16+00:00,4167.1061403508775,3.6746813535888876,0.0,8.800000190734863,2.42299175032497,157.28301543176607,0.0,357.5,98.46899574271526,1726.0,2025-12-09 13:35:16+00:00,1251.624347826087,4500.0,28.0,2.45,1.62,0.99,fishing,fishing,fishing,fishing,0.7268704175949097,0.7576123476028442,False,False
569b97fa-cf41-4fea-a2cc-4b14581c7aaa,e76fd3db-afc5-40b8-9427-54982dce9a9a,4.379538912698268,0.0,11.600000381469727,2.4222487542462696,189.26043315009,0.20000000298023224,358.8999938964844,101.32613078843016,2082,2025-12-08 04:56:59+00:00,1143.79481018741,4.404157070371134,0.0,12.100000381469727,2.307707567706012,181.45327076793967,0.10000000149011612,358.70001220703125,98.15282945227104,3031.0,2025-12-08 06:01:08+00:00,285.63597359735974,-3849.0,27.0,1.3,0.89,0.53,transiting,transiting,fishing,fishing,0.9348042607307434,0.773818850517273,True,True
ba22d960-d649-4f6f-833a-76addaa05404,1848cce1-3947-40f6-adb1-53afbe9c66b7,2.0926377586078138,0.0,7.300000190734863,1.5186043110254344,180.53124679115768,0.10000000149011612,359.0,101.04587366132147,2214,2025-12-09 17:54:34+00:00,928.2919114324446,1.9559660432033732,0.0,4.300000190734863,1.175248074509537,191.5943914455838,0.0,359.0,108.0407663917269,2355.0,2025-12-10 00:53:08+00:00,368.9966015293118,-25114.0,12.0,0.54,0.51,0.26,transiting,transiting,fishing,fishing,0.7995595932006836,0.8377932906150818,True,True
fee40e26-adc1-43ce-a3a2-4cc55c973e23,17c3c8d4-ed3b-49f4-a79a-f6ff827e1991,1.5683042794708073,0.0,6.699999809265137,1.2199173355055766,199.17400641977753,0.0,359.0,105.87278297512934,2524,2025-12-09 09:42:00+00:00,231.00237812128418,1.5048314666898732,0.0,6.300000190734863,1.2021286932291018,198.01758828788033,0.10000000149011612,359.0,104.14375862605559,2670.0,2025-12-09 15:35:33+00:00,115.89771449981266,-21213.0,42.0,1.66,1.57,0.82,fishing,fishing,transiting,transiting,0.6689328551292419,0.8685675263404846,True,True
6a72775f-6f7a-4081-9ef1-c3d87753b498,dc464b54-ae76-4cd5-a3ac-7c95254a6368,6.257294891732708,0.0,13.600000381469727,4.626936318394279,179.77159072961166,0.10000000149011612,358.79998779296875,97.33209078750572,2913,2025-12-09 01:22:09+00:00,102.46634615384616,3.3232195327776233,0.0,14.100000381469727,4.349611386270286,177.34285160282462,0.30000001192092896,358.79998779296875,97.94271591241984,2050.0,2025-12-09 04:44:15+00:00,744.9785261102977,-12126.0,19.0,0.65,0.93,0.38,fishing,fishing,anchored,transiting,0.9152467250823975,0.605861246585846,True,True
8f3774fb-e08f-4c0d-a04d-c877e79b97ab,ff8a9f01-b27a-4159-b607-f48ec22e6bd5,3.6849724255993124,0.0,102.30000305175781,6.186442574994483,230.10665514876203,0.0,358.3999938964844,92.67447108148028,3081,2025-12-09 05:37:45+00:00,570.8782467532468,3.2982280394956045,0.0,102.30000305175781,3.981207659133532,232.62954704336354,0.0,356.70001220703125,92.84799190319863,2991.0,2025-12-09 06:50:15+00:00,552.9451505016723,-4350.0,120.0,3.89,4.01,2.02,fishing,fishing,fishing,fishing,0.729375422000885,0.7684990763664246,False,False
9423340e-d5ed-44bc-a0b8-5dd9bf12a2a5,3ff1f189-d7fe-4bc3-a061-2a90ec63aaf4,0.9965158722329995,0.0,9.800000190734863,2.2871294020715323,150.81354986472078,0.5,359.0,107.23469414051219,1923,2025-12-09 01:13:43+00:00,1280.9229968782518,1.0186354041576131,0.0,9.300000190734863,2.3803873545862864,171.386605205542,0.0,359.0,102.05687314913091,2345.0,2025-12-09 02:00:13+00:00,591.7696245733788,-2790.0,7.0,0.36,0.3,0.16,fishing,fishing,fishing,fishing,0.8369295001029968,0.8565382957458496,False,False
b1233891-f8b3-4643-8f77-0efb54f3cf69,282ffd4e-4790-4b65-a3f7-8de29089e522,4.302365258971634,0.10000000149011612,9.800000190734863,2.607493201648617,176.97597200057322,0.20000000298023224,358.8999938964844,92.84121117385817,2579,2025-12-07 08:00:52+00:00,473.00581846392555,4.583923708743921,0.20000000298023224,10.100000381469727,2.700597526787318,212.1861376650327,5.099999904632568,358.70001220703125,82.9201002324839,2936.0,2025-12-07 16:30:05+00:00,226.91652470187393,-30553.0,37.0,1.43,1.26,0.68,fishing,fishing,fishing,transiting,0.8661102652549744,0.8564832806587219,True,False
312acbec-f5c4-4dc8-b08b-3ad338a59762,953fc5b0-9d42-4f9a-b22c-9a176c5d5e1c,5.537190918593186,0.0,11.100000381469727,1.5951168857498743,167.84737388497996,0.0,359.0,99.3185853247562,2912,2025-12-09 09:18:11+00:00,444.0237031947784,5.58146704484139,0.0,11.100000381469727,1.8462183280269093,165.74571059694986,0.10000000149011612,359.0,101.227681018967,2822.0,2025-12-09 08:00:39+00:00,432.39666784828074,4652.0,138.0,4.74,4.89,2.47,fishing,fishing,fishing,fishing,0.7117983102798462,0.782509446144104,False,False
b5d9289f-d6c4-4679-8431-5614d64fd740,95b96766-dc98-406c-a42e-84ac92b7a13d,1.9954454151430707,0.0,9.100000381469727,2.221459080702809,174.55662077275193,0.20000000298023224,358.6000061035156,87.33141058991363,2986,2025-12-09 07:42:41+00:00,308.13735343383587,3.3478781833535876,0.0,9.300000190734863,1.8433139270368077,175.24512409243815,0.4000000059604645,358.79998779296875,103.46223691161754,2922.0,2025-12-09 21:46:09+00:00,220.8719616569668,-50608.0,224.0,7.5,7.67,3.94,fishing,fishing,,,0.5211943984031677,,True,True
934554c5-583d-46d7-9b97-55840357e96c,cdcbc9fa-44ed-490e-8fe6-3f0908169504,0.7969891768054727,0.0,8.899999618530273,1.3615835302924597,163.04381571347807,0.0,359.0,113.87702612344047,2956,2025-12-09 01:37:46+00:00,288.75939086294414,1.0509434024118027,0.0,8.5,1.1714907505870689,154.2467126697696,0.0,358.20001220703125,108.36082120858262,2650.0,2025-12-09 01:35:35+00:00,161.59154397885996,131.0,151.0,5.11,5.7,2.77,fishing,fishing,fishing,fishing,0.7336935997009277,0.9321430325508118,False,False
7e07eb25-e284-4903-99f2-4005674cd48e,244fd432-b0e5-487f-9021-a78b63e469b3,4.467363244287793,0.0,11.899999618530273,3.663056227733399,211.43216271531375,0.10000000149011612,358.8999938964844,108.50065081178381,1627,2025-12-08 11:17:20+00:00,289.389913899139,3.9449730747357625,0.0,11.899999618530273,3.569608898921978,202.86292141965265,0.0,359.0,110.55392740654457,2228.0,2025-12-08 13:32:10+00:00,212.86439155814998,-8090.0,226.0,13.89,10.14,6.23,fishing,fishing,fishing,fishing,0.7855851054191589,0.8751099705696106,False,False
206895b4-cb86-4b69-bffd-e2f01e4244ea,7e94457b-a214-4006-a193-7d90453f3571,3.7369980960799447,0.0,10.300000190734863,2.551959226425668,176.83275909972346,0.10000000149011612,358.6000061035156,112.81174581653603,1046,2025-12-09 17:40:49+00:00,3240.8794258373205,3.3987817421555517,0.0,10.5,2.61513314046119,170.2789803554513,0.10000000149011612,358.6000061035156,102.06043515298747,985.0,2025-12-09 19:42:20+00:00,2853.808943089431,-7291.0,32.0,3.06,3.25,1.6,fishing,fishing,anchored,unknown,0.9872275590896606,0.5908035635948181,True,True
5c76e953-8f48-4234-a303-6855b021a855,ec2c351f-540f-428b-b684-00543126d62e,3.519162629501543,0.0,10.0,2.1893886051964793,166.70764180903996,0.0,359.0,120.45845069491514,621,2025-12-09 19:00:08+00:00,4300.919354838709,3.412162167211828,0.0,9.899999618530273,2.1189418042045784,155.05120967424128,0.0,359.0,103.40705981316117,962.0,2025-12-10 02:44:33+00:00,1227.4495317377732,-27865.0,3.0,0.48,0.31,0.19,fishing,fishing,fishing,fishing,0.9832119345664978,0.7269697189331055,False,False
4a6e2be4-1de7-4801-9b53-04d1ee0921ff,3165e995-81f4-4472-9afe-1ffcf015a574,4.159355518452653,0.0,11.199999809265137,3.594996067195994,171.2829214594818,0.0,359.0,112.64804964043981,962,2025-12-09 20:08:02+00:00,1823.0020811654526,4.078395098223592,0.0,11.199999809265137,3.6248259600884896,175.48827931703778,0.0,359.0,115.37721288876803,1296.0,2025-12-09 20:27:16+00:00,1075.618532818533,-1154.0,1.0,0.1,0.08,0.04,fishing,fishing,fishing,fishing,0.8467035889625549,0.8949459195137024,False,False
ec15e3a5-898f-4e61-8a53-49f0c82b68d8,dc67a88b-115a-414a-bf30-12290c4e1e0b,3.406922547247534,0.0,10.199999809265137,2.1233346261319563,135.85298822376205,0.0,359.0,113.25841339693912,2918,2025-12-07 11:41:43+00:00,446.70311964346934,3.417569411089978,0.0,9.699999809265137,2.416304979139534,120.12413837786379,0.0,359.0,102.29881722051813,2954.0,2025-12-08 10:31:30+00:00,188.58449034879783,-82187.0,44.0,1.51,1.49,0.75,fishing,fishing,fishing,fishing,0.8927152752876282,0.9613310098648071,False,False
26bc533d-9dfd-4b33-b869-abdf18706e55,2c29658b-9039-4db9-a8f9-f0907b7e4cee,2.5232704451302634,0.0,102.30000305175781,3.895957905996115,179.19873599027378,0.0,358.70001220703125,104.7796315334193,2226,2025-12-08 22:06:12+00:00,829.045393258427,2.1702693554801704,0.0,10.800000190734863,2.414720633108553,193.91665220249018,0.0,358.8999938964844,110.92715355907431,2933.0,2025-12-08 13:38:33+00:00,237.94986357435198,30459.0,62.0,2.79,2.11,1.22,fishing,fishing,fishing,fishing,0.5614305734634399,0.6626238226890564,False,False
d1fd91fc-72a3-4508-9345-3da9e7916808,a3c2a067-0d5c-4ef7-b36e-c3b42bc5df56,2.4146020385870886,0.0,7.400000095367432,1.6379927292646181,188.80628765663076,0.10000000149011612,358.3999938964844,94.80297657977262,1671,2025-12-09 04:30:45+00:00,4071.431137724551,2.647912322370518,0.0,7.5,1.8832367073261087,191.7682345224196,0.20000000298023224,357.8999938964844,94.07599997860802,1916.0,2025-12-09 10:07:23+00:00,1036.2574412532638,-20198.0,99.0,5.92,5.17,2.84,fishing,fishing,fishing,fishing,0.6436300277709961,0.5680833458900452,False,False
1a1ba6cc-f6a7-4553-bdd4-af2e840c3559,c2990a02-8ae7-4d19-a340-11c0203faf23,2.6507612030374688,0.0,10.600000381469727,2.4613201135094434,161.8074745144594,0.0,359.0,104.541143160049,2299,2025-12-09 15:24:58+00:00,851.609225413403,3.215321480273195,0.0,10.600000381469727,2.700073094049942,145.34933079083973,0.0,358.8999938964844,109.0296490804976,2193.0,2025-12-09 20:01:39+00:00,318.6405109489051,-16601.0,77.0,3.35,3.51,1.74,fishing,fishing,fishing,fishing,0.9087994694709778,0.658730685710907,False,False
d04d6825-961e-40a0-9732-feb29dbad7c9,0f152c67-d074-4321-8b5d-dbc5cc440cf6,4.660042891093797,0.20000000298023224,11.399999618530273,3.0061829964685307,166.09638915316378,0.0,359.0,88.73603535781012,1399,2025-12-08 09:51:11+00:00,897.4463519313305,5.478569412778646,0.30000001192092896,11.399999618530273,3.0100657049363284,159.62586437447868,0.0,359.0,92.40241817147624,3551.0,2025-12-08 16:45:10+00:00,264.47042253521124,-24839.0,27.0,1.93,0.76,0.55,fishing,fishing,fishing,fishing,0.8871427178382874,0.8611602187156677,False,False
bb9be6e6-8cc7-476c-94d2-b9d85e9161fe,87b3a61e-7ac7-4aae-aca9-2e81fe5231ba,5.416379746652505,0.0,11.5,2.5177777975661706,197.71674077775916,0.0,359.0,98.74817287733256,2033,2025-12-08 21:11:35+00:00,1266.3085629921259,6.207124887400928,0.0,11.5,2.500198638996686,205.81616249745025,0.0,359.0,104.42942064353528,2779.0,2025-12-08 18:21:40+00:00,722.2908567314615,10195.0,44.0,2.16,1.58,0.92,fishing,fishing,fishing,fishing,0.8444540500640869,0.7183769345283508,False,False
4cc9a73c-5e49-428d-8643-dde6657f79b9,81631c5f-0d8b-4010-aba5-f8d003c0a2f5,5.108118213657492,0.0,11.5,2.7033496368631034,168.37506057747,0.0,359.0,106.4286848556803,2944,2025-12-09 06:32:50+00:00,830.6649677200136,4.523697437747985,0.0,10.600000381469727,2.5119440752854247,174.2375840101949,0.0,358.6000061035156,103.41783920839981,2591.0,2025-12-09 05:11:57+00:00,1389.4629343629344,4853.0,344.0,11.68,13.28,6.63,fishing,fishing,anchored,transiting,0.9016996026039124,0.5053861141204834,True,True
511a36d7-fa59-4dcb-a3e7-29d76642e8e1,e54d18e1-d3c7-46e6-9ebb-7b02a79eb974,6.495274304145707,0.699999988079071,13.5,2.276759814493218,161.1844640254844,0.0,359.0,111.70195477717733,1841,2025-12-09 12:51:35+00:00,570.7733695652174,6.817855936038531,0.0,13.800000190734863,2.330512757729833,159.28796176603205,0.0,359.0,118.62747422046692,2929.0,2025-12-09 13:19:06+00:00,255.79542349726776,-1651.0,32.0,1.74,1.09,0.68,fishing,fishing,fishing,fishing,0.9792957305908203,0.8027455806732178,False,False
f37c5447-c406-418c-86d4-d133482bd1cc,2c8ae97c-f2a0-4ad9-8d17-7b38eb80bc0d,5.022914525071576,0.0,12.300000190734863,3.4560947073401826,153.5437713296754,0.20000000298023224,359.0,99.22753104007774,1942,2025-12-09 11:22:38+00:00,764.1942297784647,4.4696800213940175,0.0,12.399999618530273,3.6017337796045195,164.18326174982627,0.0,358.70001220703125,100.15413882515239,3219.0,2025-12-09 08:41:18+00:00,116.2200124300808,9680.0,13.0,0.67,0.4,0.25,fishing,transiting,fishing,fishing,0.631044328212738,0.9175804853439331,True,False
867e63db-9725-45ff-8852-a951c4a5e44a,2a3bc3d7-36b4-4a9d-8c98-5cbc2903e6b0,6.0738510302726985,0.0,12.5,3.8996821011928566,136.55273380563867,0.0,358.3999938964844,105.97221758750268,2524,2025-12-07 19:10:00+00:00,519.4962346413,6.461226588398777,0.0,12.600000381469727,3.726391619200826,136.51441753938562,0.0,358.29998779296875,100.59976342688506,2935.0,2025-12-07 06:30:58+00:00,178.22392638036808,45542.0,59.0,2.34,2.01,1.09,fishing,fishing,fishing,fishing,0.7087657451629639,0.9561135172843933,False,False
9f49d2f3-3896-4d89-b224-43bf6953ceba,a3d49b14-6f72-4761-bc9d-7a9044ee66bc,3.419753091490287,0.0,10.699999809265137,2.3723208271822016,185.81415344938077,0.0,358.6000061035156,104.00686533914875,1944,2025-12-09 13:23:59+00:00,1261.6114256304684,3.5193390615773854,0.0,9.399999618530273,2.005720745091532,189.4999193852836,0.0,358.8999938964844,106.57597377401045,2451.0,2025-12-09 15:01:42+00:00,668.5481632653061,-5863.0,29.0,1.49,1.18,0.66,fishing,fishing,fishing,moored,0.9652451872825623,0.6888344287872314,True,False
d348e98e-5ff8-458a-adad-b04b1ddd6ed1,7995d46a-4116-4de5-bfe4-601b831f7101,2.6776925919481593,0.0,9.300000190734863,3.093126471876015,166.94566679748365,0.30000001192092896,358.70001220703125,110.09877672248611,2739,2025-12-09 12:18:51+00:00,210.05843681519357,2.705406380636565,0.0,9.300000190734863,3.133945564292908,168.31225317420817,0.4000000059604645,359.0,113.09979864668381,2793.0,2025-12-09 07:51:10+00:00,201.79118911174785,16061.0,316.0,11.54,11.31,6.06,fishing,fishing,fishing,fishing,0.5579560995101929,0.7374767065048218,False,False
161ff1ab-63b5-4dbd-9d0d-b3de39e7627f,2ac4f51c-5755-4f4b-9bb9-ae7feed27357,4.021721758741359,0.0,14.0,2.4446994934623305,168.18353383278912,0.20000000298023224,359.0,98.64187567794158,2753,2025-12-08 00:09:46+00:00,812.0203488372093,4.198652221537749,0.0,13.0,2.0878884230064374,172.47470478575102,0.4000000059604645,358.8999938964844,98.63955404747088,3042.0,2025-12-08 04:37:01+00:00,169.91779020059192,-16035.0,14.0,0.51,0.46,0.24,fishing,fishing,transiting,transiting,0.5189962983131409,0.7802017331123352,True,True
9e991244-9ef7-485c-8e2c-4f0e3f2b74fc,0e1e047e-b823-4ea2-94e4-c470b8ca5f2a,1.7158137577673382,0.0,11.699999809265137,2.6325422276425194,171.0091603535195,0.0,359.0,113.71580555142206,2384,2025-12-08 01:45:25+00:00,1024.5984053713805,2.4960016984969178,0.0,11.699999809265137,2.9587872680490035,177.04822117940728,0.0,359.0,117.7236628920974,2376.0,2025-12-07 23:56:28+00:00,436.81305263157896,6537.0,23.0,0.96,0.97,0.49,moored,unknown,fishing,fishing,0.8728177547454834,0.6876768469810486,True,True
8f150ae7-be72-42c2-be6b-fb2323fd7666,9693cd3c-3288-44ea-8765-8f182ca129ab,4.7770648948837255,0.0,11.199999809265137,2.642021587109244,172.40829599341336,0.0,359.0,117.83832957283214,1356,2025-12-09 23:13:30+00:00,1540.3158671586716,4.683130730932396,0.0,11.199999809265137,2.696209029843586,177.90010372560388,0.0,359.0,118.0597816249167,1974.0,2025-12-10 01:10:30+00:00,591.8317283324886,-7020.0,10.0,0.74,0.51,0.3,fishing,fishing,fishing,fishing,0.8190656900405884,0.8895896673202515,False,False
03019f22-89b6-4600-a1eb-72e76bb6d5a0,61d206be-7740-4dff-9bb4-6af42b593a81,5.346476971149081,0.0,11.899999618530273,4.108051763974083,168.17662267734167,0.0,358.29998779296875,99.4284274116332,1476,2025-12-09 20:03:50+00:00,1977.6901694915255,4.864095326451774,0.0,12.600000381469727,4.00973684951629,159.2458701222841,0.0,359.0,100.83749269344968,1763.0,2025-12-09 04:17:49+00:00,764.6844494892168,56761.0,5.0,0.34,0.28,0.15,fishing,fishing,transiting,transiting,0.6657817959785461,0.5619436502456665,True,True
f1284965-3d8b-463f-8749-e50dddbc1884,e137aa3c-2c77-46c6-ab5b-e27646e88b4f,4.424571433333414,0.30000001192092896,10.800000190734863,2.7653271972563473,185.7309117359013,0.0,359.0,90.03324670839379,2800,2025-12-07 17:33:10+00:00,435.1036084315827,4.494325984610001,0.4000000059604645,10.699999809265137,2.0688808336246693,164.4993597239368,0.0,359.0,82.0726254869533,2767.0,2025-12-08 19:03:59+00:00,156.2769342010123,-91849.0,35.0,1.25,1.26,0.63,fishing,fishing,fishing,fishing,0.9195601940155029,0.8406974077224731,False,False
adeec469-6732-4dec-91e8-092c6af2da4c,1ae271fc-0514-4887-9838-caa691e276cd,3.5420755525606897,0.0,12.199999809265137,3.9737241214468257,176.05425603881264,0.0,358.8999938964844,98.34163778191072,2303,2025-12-10 00:53:25+00:00,638.1385751520417,2.2315603097332706,0.0,12.199999809265137,3.2330099587902543,176.7044822338804,0.30000001192092896,359.0,105.40695928378811,1410.0,2025-12-09 22:55:51+00:00,1230.7267565649397,7054.0,13.0,0.56,0.92,0.35,fishing,fishing,fishing,fishing,0.582605242729187,0.8443155288696289,False,False
1a82f285-c098-4e83-9304-1193590191aa,ff4a7957-8315-443b-9d42-2e5dd608dab2,6.108766241416384,0.0,9.199999809265137,2.3757106563558175,178.9413475360715,0.0,359.0,107.12984735501415,1232,2025-12-08 21:47:33+00:00,1122.0454914703494,5.826368347584894,0.0,11.300000190734863,2.3435010920316333,190.18207993257846,0.0,359.0,101.53324213288963,2905.0,2025-12-08 22:30:32+00:00,194.03546831955921,-2579.0,30.0,2.44,1.03,0.73,fishing,fishing,fishing,fishing,0.8752380609512329,0.868912398815155,False,False
7c19bc7b-5ad0-4da9-9b12-2dcb5a037692,00b5b8cf-8fcf-4112-9af1-ebf722003f46,3.0207130822126955,0.0,10.800000190734863,1.5926702082651225,214.73265249623725,0.0,359.0,105.71975101332818,2356,2025-12-09 03:15:32+00:00,974.675583864119,3.377072330767936,0.0,10.5,1.9986108939329883,211.4565269247328,0.0,359.0,107.52207982120935,2268.0,2025-12-08 09:35:09+00:00,499.69430966034406,63623.0,57.0,2.42,2.51,1.25,fishing,fishing,fishing,fishing,0.7007557153701782,0.9856416583061218,False,False
2ae217b8-e453-4eaf-98ca-a81e5c1cbcaa,,4.077720213184061,0.0,11.800000190734863,3.2674720279871816,190.32652735618208,0.0,359.0,111.71917692286083,2509,2025-12-09 23:26:35+00:00,381.9868421052632,,,,,,,,,,,,,,,,,fishing,fishing,missing,missing,0.6799746751785278,,True,True
5a3c2ceb-d815-4986-9a3d-2116b253bc77,a7199cf5-aaba-49a1-8d5f-e3c4940993f8,5.366951786633436,0.0,11.399999618530273,1.6814672496973595,191.61446964860184,0.0,359.0,104.50025655020421,2572,2025-12-09 05:31:46+00:00,673.9455464799689,5.539927324409735,0.0,11.600000381469727,2.203689903073334,176.74486769775027,0.0,359.0,101.01739785097197,1926.0,2025-12-09 23:27:05+00:00,1010.3896103896104,-64519.0,121.0,4.7,6.28,2.76,transiting,transiting,fishing,fishing,0.6360712051391602,0.9090267419815063,True,True
88de6bc2-b167-4e23-abca-1df97be0cfbf,774e5e13-f4ea-43d5-a6b5-8a13ad2e45ec,2.7834808282268435,0.0,9.399999618530273,1.028028437413053,207.28333372213223,0.699999988079071,359.0,102.83367342587422,2712,2025-12-09 13:54:41+00:00,946.7635558834379,2.849168294475088,0.0,9.600000381469727,1.3607274805200675,236.67491382190929,0.0,359.0,107.90378578321055,2585.0,2025-12-09 13:35:15+00:00,268.52747678018574,1166.0,27.0,1.0,1.04,0.51,fishing,fishing,fishing,fishing,0.9790273904800415,0.5563758015632629,False,False
d9da08fc-1c7f-4718-9f34-11b603356f56,1541b7a0-79ac-4f02-8abf-16747dc72068,1.866195483539428,0.0,102.30000305175781,3.821492717065154,163.43088954051328,0.0,358.8999938964844,124.62246964691684,2476,2025-12-06 21:37:25+00:00,860.9111111111112,2.845514184081242,0.0,9.800000190734863,3.726343528061615,146.07468918575702,0.0,358.8999938964844,112.69203235802956,2898.0,2025-12-06 16:22:23+00:00,191.3752157404211,18902.0,66.0,2.67,2.28,1.24,fishing,fishing,fishing,fishing,0.7752792835235596,0.5664675831794739,False,False
7d98b194-bb26-414b-a928-bc75c5b62db6,fbcf7480-fdf7-47f5-9e13-b82363f63202,3.897937692103547,0.0,11.899999618530273,2.1351114105287143,196.9523958460741,0.10000000149011612,359.0,105.39145483990782,2279,2025-12-08 00:41:05+00:00,566.6900790166814,4.1423063475992485,0.0,12.5,2.4687147348918272,198.42025953781967,0.30000001192092896,358.70001220703125,99.45172607946154,2853.0,2025-12-07 21:17:06+00:00,362.40603085554,12239.0,63.0,2.76,2.21,1.24,fishing,fishing,fishing,fishing,0.7800289988517761,0.9092121124267578,False,False
2be0d33b-48ae-4ac5-a4bd-551d0ee8738c,79d9b9ea-6ed5-4cdf-9807-a6a1d9238c2c,5.680201599169241,0.0,10.0,3.7065081826753934,192.90354302076224,0.0,359.0,112.80655846509556,1389,2025-12-09 20:14:07+00:00,1271.564121037464,5.706411306896517,0.0,10.0,3.6169811628465016,197.27494939584324,0.0,359.0,108.31930310570586,2480.0,2025-12-09 17:16:45+00:00,473.12263009277933,10642.0,9.0,0.65,0.36,0.23,fishing,fishing,transiting,transiting,0.8149412274360657,0.583357572555542,True,True
7d5a2e98-b14c-4517-ab0f-f05f4256e609,c4496cfe-744c-423c-a2e4-dc41f195a6fe,4.106539408447528,0.0,17.399999618530273,4.3059927064595245,207.58398142242027,0.0,358.8999938964844,87.50478964666354,2829,2025-12-09 01:45:18+00:00,328.79243281471,4.140760972586221,0.0,17.299999237060547,3.8712777589463214,211.47431690888087,0.5,357.79998779296875,91.64707510296105,4941.0,2025-12-08 16:45:39+00:00,83.72125506072875,32379.0,59.0,2.09,1.19,0.77,fishing,fishing,fishing,fishing,0.8770831227302551,0.8742176294326782,False,False
7ea58b09-6042-41a7-8ded-920ecf1aa339,18116158-6966-4891-ae97-017b28913bfe,2.226432470945288,0.0,12.100000381469727,3.103574359556349,188.16310927587867,0.0,359.0,114.72074866670663,2932,2025-12-08 12:26:13+00:00,89.2459911293074,2.3254823440512182,0.0,12.600000381469727,2.771357129801515,180.7068730961643,0.0,358.70001220703125,108.69284621923154,1244.0,2025-12-08 19:47:32+00:00,1017.6001609010459,-26479.0,16.0,0.55,1.29,0.38,fishing,fishing,fishing,moored,0.7818801403045654,0.771727979183197,True,False
94c3ec16-ec8e-49a8-b9d6-d319cb1986a4,b4a989fe-f5f4-449b-88e4-6477ca67cfbf,3.6749402580178,0.0,10.800000190734863,2.5444478247517948,164.9257767847798,0.0,359.0,95.87568853427095,2929,2025-12-06 18:43:08+00:00,580.2916666666666,3.4303921729374944,0.0,11.600000381469727,2.1581106582300698,168.59062129072115,0.0,358.79998779296875,94.11455422121517,3060.0,2025-12-07 18:16:24+00:00,333.17097090552465,-84796.0,73.0,2.49,2.39,1.23,fishing,fishing,fishing,fishing,0.5855095386505127,0.6013847589492798,False,False
865bdb24-cd6f-4388-b0b5-08c99f8b1c6a,fca3735a-5507-43a8-9715-fa7eaf406b49,3.8945767378690777,0.0,11.5,1.8441306119624012,191.03808421052784,0.0,359.0,98.1604314345187,1512,2025-12-09 13:21:01+00:00,2082.4083388484446,3.945103677773876,0.0,11.5,1.9627147035992636,181.51988668241123,0.0,359.0,98.82113335334626,1399.0,2025-12-09 10:51:26+00:00,2077.2789699570817,8975.0,796.0,52.65,56.9,37.64,fishing,fishing,fishing,fishing,0.6667898893356323,0.8778712153434753,False,False
7e6fb79a-2ce5-4961-8ce8-feb35744e0c4,2ccf489a-37ea-48fa-908c-3c6bbf01eb83,5.8481283397438695,0.20000000298023224,12.0,3.4598721426769035,152.71344053713224,0.0,358.3999938964844,96.05206802799857,561,2025-12-08 12:34:40+00:00,2953.225,6.643054150588738,0.30000001192092896,12.100000381469727,3.389758197638516,156.85415524596954,0.0,359.0,92.4669181436697,2973.0,2025-12-09 01:46:05+00:00,286.7664872139973,-47485.0,8.0,1.43,0.27,0.23,fishing,fishing,fishing,fishing,0.8729429244995117,0.8443508744239807,False,False
40b3c693-7c7a-43dc-aa2c-463c0149e6c3,c7126d4c-a637-41eb-9578-d5d44da35fe2,3.4498642513385187,0.0,8.899999618530273,1.5893846420100668,154.4048049594001,0.0,357.20001220703125,102.51903747978253,1105,2025-12-09 22:57:50+00:00,2674.228260869565,3.378429645190141,0.0,11.5,1.4116735635587576,166.75825269199376,0.0,358.70001220703125,95.26576911407687,2267.0,2025-12-09 08:57:15+00:00,689.6827007943513,50435.0,24.0,2.17,1.06,0.72,fishing,fishing,fishing,fishing,0.8788830041885376,0.8573083877563477,False,False
83893b4f-b1cc-4f58-82bd-49da448a8543,dedc37c2-fd75-4a48-a4ac-855041051b9c,2.939054743133819,0.0,10.600000381469727,3.357637631592302,205.13908156748835,0.0,358.79998779296875,111.95292008843093,2010,2025-12-06 19:21:04+00:00,1127.8969636635143,2.824453464482236,0.0,10.100000381469727,3.2626278032754756,199.59511079221033,0.0,358.8999938964844,122.384013774527,2470.0,2025-12-06 15:10:34+00:00,229.59254759011745,15030.0,42.0,2.09,1.7,0.95,fishing,fishing,fishing,fishing,0.9528349041938782,0.8455566167831421,False,False
c57189e6-dac0-4077-9233-e1b19747b358,fd55cd53-7406-4fe0-aa06-96e9d192649a,8.687671229003653,0.4000000059604645,15.100000381469727,4.60217565023426,184.19534335632824,0.0,357.5,91.83275626204377,1679,2025-12-10 00:47:42+00:00,625.7818831942789,8.837460701535427,0.0,15.100000381469727,4.881340727236522,182.77421407101664,1.399999976158142,359.0,93.7403527383816,2544.0,2025-12-10 00:20:51+00:00,251.03224537947307,1611.0,116.0,6.91,4.56,2.82,fishing,fishing,fishing,fishing,0.9302514791488647,0.8990974426269531,False,False
d050835e-8c10-4e13-81e1-7686371bb850,0af6501d-2a3b-4800-a5c4-a70e07762283,2.6084830321654113,0.0,10.899999618530273,1.2557109071591244,188.74250511058187,0.0,358.5,99.8667997150197,3006,2025-12-09 11:36:32+00:00,753.6482529118136,2.62660798799693,0.0,10.300000190734863,1.306454406290111,191.52975274916324,0.0,358.79998779296875,96.05156092337752,2954.0,2025-12-09 22:06:49+00:00,537.1540805960041,-37817.0,400.0,13.31,13.54,7.19,fishing,fishing,fishing,fishing,0.979363203048706,0.9310169816017151,False,False
a8c6e3a0-2fac-4734-b2d5-d4b4875f0b2c,,3.2118959098666573,0.0,9.300000190734863,1.8646290389098297,168.78901294305282,0.0,358.8999938964844,107.7667625651079,538,2025-12-09 18:35:42+00:00,4321.981378026071,,,,,,,,,,,,,,,,,fishing,fishing,missing,missing,0.909875214099884,,True,True
4ca5593c-eb80-46aa-95a4-9890edd8558b,4e4ea5a0-54ae-4ae4-a313-8f1fd34aac9e,0.8189608659796347,0.0,9.0,2.0081032655636535,211.3828994928607,0.0,359.0,105.91389822853057,2964,2025-12-07 15:54:03+00:00,352.38744515693554,1.7512467926238389,0.0,8.800000190734863,2.489410837417305,166.71050543498745,0.0,358.29998779296875,103.0198910852446,2326.0,2025-12-07 16:27:44+00:00,211.6516129032258,-2021.0,20.0,0.67,0.86,0.38,fishing,fishing,fishing,fishing,0.6514970064163208,0.9200642108917236,False,False
2967de0f-2417-4adc-9cb4-730ca7b6b472,7a547f04-beb6-4b3f-94f2-5b779c8f3ba0,5.005647955837963,0.0,12.399999618530273,3.173771297283917,149.8892957137504,0.0,359.0,102.21351997710275,2886,2025-12-07 08:57:54+00:00,555.3958405545927,4.576157338292267,0.0,11.699999809265137,3.4527388555709164,173.0080764181083,0.0,359.0,83.23708769321135,2873.0,2025-12-07 08:51:49+00:00,281.899721448468,365.0,38.0,1.32,1.32,0.66,fishing,fishing,fishing,fishing,0.8832082748413086,0.8490254282951355,False,False
678faeb6-8f51-40e6-a668-2a9cd878cdf8,19a48dac-95d3-491c-89d0-25dd09c3dc1a,1.0726434436672536,0.0,10.399999618530273,2.3252371334702793,167.9336410254393,0.4000000059604645,358.79998779296875,94.94642448798412,976,2025-12-09 18:52:13+00:00,2331.048205128205,0.6823018519743775,0.0,12.0,1.3435844041139757,145.60821399457348,0.10000000149011612,352.79998779296875,84.09876939919718,921.0,2025-12-09 17:44:14+00:00,1993.7445652173913,4079.0,2.0,0.2,0.22,0.11,fishing,fishing,fishing,moored,0.7875117063522339,0.7749909162521362,True,False
6f9d06b2-8ed8-4e1c-bd0b-27080c0509b1,d0910f6b-ee89-469e-90a2-5bd182f9e96c,3.910244076127611,0.0,13.800000190734863,4.164753314730867,162.89421694906565,0.0,358.29998779296875,100.67141433606535,2909,2025-12-09 03:49:01+00:00,217.08012379642366,2.4735104998336706,0.0,13.0,3.6078702324524894,174.9479050778213,0.0,358.8999938964844,98.17210194053874,1242.0,2025-12-09 04:20:22+00:00,953.0515713134569,-1881.0,11.0,0.38,0.89,0.27,fishing,fishing,fishing,fishing,0.8848685622215271,0.6256605982780457,False,False
ea9dca9a-a12f-4d28-b271-0ef1d423e9d3,b6780b50-f457-41e9-87c9-59f2e824e790,3.2696829641107445,0.0,12.399999618530273,3.2376787142946557,155.42819316556012,0.10000000149011612,358.8999938964844,105.70664869616141,1514,2025-12-08 16:09:27+00:00,1085.0436219431592,2.122728844246922,0.0,11.699999809265137,2.914979565324966,177.67844766047955,0.20000000298023224,358.8999938964844,107.30291366684538,2895.0,2025-12-08 06:32:17+00:00,144.41672425708362,34630.0,5.0,0.33,0.17,0.11,fishing,fishing,fishing,fishing,0.9247453212738037,0.6236640214920044,False,False
55e858c1-08ec-4a31-a159-90ecedf4e46f,a9d6852e-3335-4c05-ab47-0e374d1b6e8d,3.681735927578631,0.0,10.800000190734863,1.5350584676783487,219.87499165834694,0.0,359.0,97.634716924392,2984,2025-12-09 20:28:33+00:00,578.5460945357023,3.7488132539220684,0.0,10.899999618530273,1.6405643349952288,203.25320486871985,0.0,358.79998779296875,89.89572413609169,2233.0,2025-12-09 22:40:13+00:00,792.7979390681004,-7900.0,182.0,6.1,8.15,3.61,fishing,fishing,transiting,transiting,0.9812047481536865,0.5002535581588745,True,True
659c6d8f-dcee-4db3-ac00-14f3255aa7c6,33865a69-b5c8-47b0-a129-24e473138b85,5.569776877332693,0.0,12.0,1.813595940812111,209.3821902923896,0.0,359.0,104.02565374125531,2958,2025-12-10 00:50:24+00:00,789.3111261413595,5.5290441265548855,0.0,11.800000190734863,2.0922373209005034,196.70770456756713,0.0,359.0,95.23864337324945,2720.0,2025-12-10 01:46:53+00:00,892.2074292019124,-3389.0,296.0,10.01,10.88,5.5,fishing,fishing,fishing,fishing,0.8461766839027405,0.8398167490959167,False,False
d7a78057-717c-4e96-ad38-184960f1a60e,465c607a-56a6-4f03-b922-0dc9a7f3b71c,3.582697950674991,0.0,10.800000190734863,2.482227191961846,186.98519978532195,0.0,359.0,112.05523732510837,1023,2025-12-09 13:58:25+00:00,2240.6849315068494,3.660470797698461,0.0,11.199999809265137,2.3246401879400715,177.32629122538071,0.0,359.0,93.9288913541123,1232.0,2025-12-09 11:46:39+00:00,1008.4622258326564,7906.0,4.0,0.39,0.32,0.18,fishing,fishing,fishing,fishing,0.9275739789009094,0.8741968870162964,False,False
a27cb1a8-fcf2-46d9-9edd-81a67640f0c7,,4.617746687380375,0.0,12.199999809265137,3.888061939611156,169.9975373281305,0.0,359.0,109.15383610361498,2716,2025-12-09 23:06:58+00:00,320.5086556169429,,,,,,,,,,,,,,,,,fishing,fishing,missing,missing,0.6728818416595459,,True,True
2bb3ecc4-c625-482b-b02c-773de42b2938,48697928-11f8-4a86-b4c9-6198cbf3e65e,1.15302622865412,0.0,8.5,2.011391019257216,217.43044515156055,0.0,358.8999938964844,104.28696487113906,2974,2025-12-09 05:30:09+00:00,331.5304406323579,1.8414552910489657,0.0,8.300000190734863,1.989168617832596,189.36669066358164,0.0,359.0,107.34543408781379,2996.0,2025-12-09 09:13:46+00:00,309.65242070116864,-13417.0,42.0,1.41,1.4,0.71,fishing,fishing,fishing,fishing,0.7219042181968689,0.8963062167167664,False,False
458a545a-e20f-45b9-95bb-5d156723c913,3e8e5448-d26c-483b-8a4b-a7aa3ee3cb9f,4.602390618802434,0.0,13.300000190734863,4.108736250194993,164.01160813279807,0.0,358.8999938964844,101.73078924721358,2217,2025-12-08 02:52:52+00:00,226.96705776173286,2.4155596989222974,0.0,12.899999618530273,4.020565692340543,140.66516579714587,0.0,356.3999938964844,97.68463200640564,2153.0,2025-12-08 07:24:31+00:00,1184.4637546468402,-16299.0,3.0,0.14,0.14,0.07,fishing,fishing,transiting,transiting,0.8035378456115723,0.545802891254425,True,True
0f7ac096-ba9d-40a9-a53b-c1a91d9176ad,dcc15812-4dab-411b-8dd3-23eff4ebb76f,3.054715292448728,0.0,6.800000190734863,1.2104049586290728,181.0724603178149,0.0,358.70001220703125,106.27241101344491,1124,2025-12-09 18:51:00+00:00,2761.095280498664,3.1320809178872606,0.0,7.300000190734863,1.0765501352254352,182.1540021762798,0.0,358.8999938964844,104.31486060758482,1038.0,2025-12-09 18:50:58+00:00,2881.6200578592093,2.0,328.0,29.18,31.6,17.88,fishing,fishing,fishing,fishing,0.7564949989318848,0.8386144042015076,False,False
883213ac-e672-453f-97fc-85b07dd7f308,f217986c-db52-4dad-abe2-68c14f21d813,3.4734104012640428,0.0,11.199999809265137,3.7302723945631007,188.23676317423278,0.0,359.0,98.19644508297027,2941,2025-12-09 21:20:56+00:00,143.81394557823128,2.5908228156180417,0.0,10.300000190734863,3.070341080858877,186.860812476885,0.0,358.70001220703125,104.45722721186999,1264.0,2025-12-10 01:16:04+00:00,1583.9794140934284,-14108.0,15.0,0.51,1.19,0.36,fishing,fishing,fishing,fishing,0.5709789991378784,0.7867283225059509,False,False
7485b80e-7aa5-483c-84e0-197de8473928,f18e9d03-db95-44bf-8b08-30072a14bf37,2.1261206627253695,0.0,10.100000381469727,2.9847344631908195,154.0255647448424,0.30000001192092896,359.0,95.01665557372341,2967,2025-12-09 05:45:24+00:00,348.4763991908294,0.8761118640093951,0.0,9.699999809265137,2.2708047624770495,145.14650937487664,0.800000011920929,358.0,56.22592675353761,2968.0,2025-12-09 11:29:41+00:00,107.08998988877654,-20657.0,109.0,3.67,3.67,1.87,moored,unknown,fishing,fishing,0.904428243637085,0.9148216247558594,True,True
1f7d1514-d130-4828-bebe-312d81a20e33,8ffb59f5-78f8-4d7a-990d-2f1b0f52551c,4.995388852861817,0.0,10.899999618530273,3.3394151632147557,181.37716448567184,0.0,359.0,85.8407909478939,1453,2025-12-08 11:03:54+00:00,890.5909090909091,6.92838294920291,0.10000000149011612,11.199999809265137,3.081632098007579,177.028653982764,0.10000000149011612,359.0,92.97852101064538,2956.0,2025-12-09 12:00:21+00:00,231.17292724196278,-89787.0,8.0,0.55,0.27,0.18,fishing,fishing,fishing,fishing,0.8686473965644836,0.8725621104240417,False,False
887819bb-9d37-49bd-9f90-a02106d614b2,f1f0aa98-ce0a-4734-85e1-fd5c2381cdf2,5.703163015397527,0.10000000149011612,30.700000762939453,2.6337201138178634,187.32550438436203,0.0,359.0,106.06350127901374,2877,2025-12-09 06:05:06+00:00,361.8901251738526,5.445751868270489,0.0,18.5,2.480756790582872,143.86642953773432,0.20000000298023224,359.0,101.19617076391108,2813.0,2025-12-09 07:08:21+00:00,158.59743954480797,-3795.0,50.0,1.74,1.78,0.89,fishing,fishing,fishing,fishing,0.9005194306373596,0.8997538685798645,False,False
8567d0db-0658-4228-aad8-1cd64651102b,a6b72233-a8c9-4ad2-ba62-19930c3212fd,2.6876468630010506,0.0,9.100000381469727,1.733035923508187,175.31720264164366,0.20000000298023224,358.5,96.76896516793929,2979,2025-12-09 09:26:15+00:00,430.02384150436535,3.356869128272099,0.0,10.100000381469727,1.7179263872302573,172.08531408328886,0.0,358.29998779296875,98.43333138209455,2766.0,2025-12-09 09:47:34+00:00,228.98553345388788,-1279.0,47.0,1.58,1.7,0.82,fishing,fishing,transiting,transiting,0.9134941101074219,0.7531766891479492,True,True
962a2571-5375-4a3e-9295-f370d512cadb,fd988840-8053-4280-8ae2-ad9b62151ad3,3.7537368936870483,0.0,12.899999618530273,1.6487838651209885,224.5245429835129,0.0,359.0,103.52281088674758,2957,2025-12-08 19:26:12+00:00,623.2692828146144,3.8815552391511052,0.0,11.0,1.9198519053561875,232.66709340618806,0.0,358.70001220703125,105.32950002975146,2109.0,2025-12-09 00:40:01+00:00,1161.0962998102466,-18829.0,151.0,5.11,7.16,3.07,fishing,fishing,fishing,fishing,0.7502898573875427,0.9039188027381897,False,False
02d36878-8e8c-4b22-99e5-e84784dd77a3,67807d91-bd71-47a3-afe3-df0870d4ddeb,6.00416665720167,0.10000000149011612,9.699999809265137,2.4166458541464477,196.36867463362228,0.800000011920929,358.70001220703125,91.69242388130802,1080,2025-12-08 20:00:57+00:00,1124.1278962001854,6.564158074813815,0.0,10.0,2.3102229682735174,193.0090157660282,0.4000000059604645,358.79998779296875,88.66287577547104,2910.0,2025-12-08 22:00:30+00:00,286.7734616706772,-7173.0,18.0,1.67,0.62,0.45,fishing,fishing,fishing,fishing,0.8681423664093018,0.8788503408432007,False,False
c9a5e874-9f4b-457e-adb6-6961de4da9d3,ccb3ea80-4e8c-4765-be7c-5f54690f636a,3.367601874247741,0.0,9.199999809265137,2.70603497284537,188.85304123439133,0.0,357.79998779296875,96.24195815772748,2994,2025-12-07 06:07:13+00:00,449.390243902439,3.8892593925571015,0.0,8.899999618530273,2.996456906650209,181.23417622549442,0.0,358.6000061035156,92.34186636589325,2849.0,2025-12-06 22:23:52+00:00,287.0821629213483,27801.0,59.0,1.97,2.07,1.02,fishing,fishing,fishing,moored,0.8357686996459961,0.8276937007904053,True,False
46fd4329-76bc-4937-86a6-0f9ae7574817,586eaa54-fd73-43dc-bf8c-d542d283d4bd,3.4510262600881956,0.10000000149011612,11.399999618530273,2.2537006989024917,124.91217183770883,0.0,359.0,100.20310281885652,2095,2025-12-06 20:34:24+00:00,527.3094555873926,3.4028188367737613,0.0,11.399999618530273,2.446207863664499,113.2475077346167,0.0,359.0,99.37353598522098,2909.0,2025-12-07 23:28:37+00:00,191.83321870701513,-96853.0,19.0,0.91,0.65,0.38,fishing,fishing,fishing,transiting,0.853756308555603,0.8651658296585083,True,False
a507631b-88e3-41cc-b3ab-1be2d9a71fd0,7948760d-3f68-4b83-ae58-33e27edb6af4,5.416610960079276,0.699999988079071,11.699999809265137,2.230332049093208,160.81176927281746,0.10000000149011612,359.0,89.34616975115371,1794,2025-12-08 11:30:28+00:00,553.675962074735,5.518505503142179,0.0,10.199999809265137,2.4551390387748206,146.72080792166867,0.0,359.0,73.47911960223624,2837.0,2025-12-08 08:36:53+00:00,163.55359661495064,10415.0,31.0,1.73,1.09,0.67,fishing,fishing,fishing,fishing,0.84694504737854,0.8958053588867188,False,False
7a6a39e2-66da-4867-8842-1731c60feeb9,1bfcf7be-a4f6-400e-970d-1cfffb6bde17,1.7111375266505826,0.0,14.100000381469727,2.8731228936180186,173.5406877158814,0.10000000149011612,358.8999938964844,101.20622864880778,2945,2025-12-07 07:06:39+00:00,59.79891304347826,1.4628692239522934,0.0,12.5,2.8706410253088124,182.79653587043035,1.5,359.0,100.458018157396,1185.0,2025-12-07 04:51:57+00:00,1454.8277027027027,8082.0,9.0,0.31,0.76,0.22,fishing,fishing,transiting,moored,0.9118043184280396,0.9136537909507751,True,True
2a6d0fa2-589e-456b-be09-4c3925964c1c,1ccff541-6c47-4bc9-aec2-c63efea87518,2.663815791298516,0.20000000298023224,11.199999809265137,3.1534589915176867,214.71552224542774,1.5,358.0,77.49708338324449,2128,2025-12-07 20:32:29+00:00,488.781852374236,2.634141275700481,0.20000000298023224,11.100000381469727,3.1547729191492855,218.53358731078308,2.0999999046325684,356.29998779296875,82.4807101092269,2888.0,2025-12-08 07:07:33+00:00,250.78385867682715,-38104.0,22.0,1.03,0.76,0.44,fishing,fishing,fishing,fishing,0.8270584940910339,0.8447438478469849,False,False
e3ad8fe3-663a-45d1-aa9e-7e8536cbe14e,59c1e8f9-7ac2-42ff-9ab3-c4fcde1cd9f7,1.124177689629011,0.0,11.100000381469727,2.045454154836722,172.88142114837206,0.0,359.0,122.32128081015723,2949,2025-12-08 18:42:33+00:00,2540.427747625509,0.862194317925453,0.0,11.100000381469727,1.95975669881943,177.1137276705104,0.0,359.0,122.62496679323446,3026.0,2025-12-08 19:30:00+00:00,384.6895867768595,-2847.0,470.0,15.94,15.53,8.54,fishing,fishing,fishing,fishing,0.9861745834350586,0.9878250956535339,False,False
2efee48c-77e0-4683-bfab-19ea574f2ddf,cb3a1387-5970-4c8a-a10b-24c259514b79,3.5404610106207213,0.0,9.5,2.410513443157413,177.95253319536238,0.0,359.0,101.54973528194759,2039,2025-12-08 10:33:35+00:00,1176.9946025515212,4.630996317890224,0.0,9.199999809265137,3.1192116535189904,160.65499468029245,0.0,359.0,108.25668245114538,813.0,2025-12-08 04:12:58+00:00,3310.225369458128,22837.0,100.0,4.9,12.3,3.63,fishing,fishing,transiting,transiting,0.8696868419647217,0.5536541938781738,True,True
0522b670-e1b0-4e58-bda6-2b1569c1d9ef,c87d9dfd-92d8-482a-8bac-12f145a95768,1.332846717224649,0.0,10.300000190734863,2.4311701793785687,179.4640242271307,0.0,358.8999938964844,102.64598984110488,822,2025-12-09 07:54:39+00:00,3172.287454323995,1.8447718942261695,0.0,10.800000190734863,2.8839431474048483,192.56036453653545,0.0,358.70001220703125,110.3026191084151,1052.0,2025-12-08 17:40:12+00:00,2429.287345385347,51267.0,125.0,15.21,11.88,7.15,fishing,fishing,fishing,fishing,0.913028359413147,0.66811603307724,False,False
4ff1e75c-0bb3-496c-b949-b8f56c4a9229,1571d1d8-26b5-4fe2-9588-13fd6e8285cb,3.9072072174114822,0.0,11.0,1.9783250089319289,183.46579345450775,0.0,359.0,101.94687150815896,888,2025-12-08 20:35:51+00:00,3154.588500563698,4.3281395596358205,0.30000001192092896,11.5,2.1935742087935837,173.3474598970902,0.10000000149011612,359.0,106.46690526128305,1290.0,2025-12-08 09:04:57+00:00,1664.2606671838635,41454.0,13.0,1.46,1.01,0.6,fishing,fishing,fishing,fishing,0.9045711159706116,0.8783103823661804,False,False
ec8450ae-be47-4d08-992a-7784df055ce6,61c8b168-2abd-4516-a0a6-aed99a65e7ea,5.552897586780939,0.0,9.899999618530273,2.766656490620372,159.11352296362986,0.20000000298023224,358.29998779296875,93.80173288765647,1484,2025-12-09 03:52:29+00:00,1500.3459204315577,5.6723797323529705,0.0,11.100000381469727,2.7918691880020043,138.60132545534742,0.0,358.8999938964844,97.76711502297344,1517.0,2025-12-09 10:22:07+00:00,707.2341688654353,-23378.0,5.0,0.34,0.33,0.17,fishing,fishing,moored,transiting,0.6450285315513611,0.8754757046699524,True,True
d19309c6-ea88-4e41-a682-9959dc894e77,d361215a-3468-4a53-801d-bb8617cd97ba,2.8702997308305647,0.0,11.100000381469727,3.035571631195243,171.26217588485,0.20000000298023224,358.8999938964844,96.31721790539483,2936,2025-12-06 20:59:47+00:00,34.343781942078365,2.753239699251575,0.0,11.0,3.1931075550397936,171.34467633363613,0.0,358.0,100.3539808824389,2207.0,2025-12-07 13:29:52+00:00,1081.5979147778785,-59405.0,6.0,0.2,0.27,0.12,fishing,fishing,transiting,transiting,0.5882577300071716,0.9404395818710327,True,True
f4831128-475d-47a2-9baf-0d1b2777e7da,2d02e363-58ed-4539-b341-afe25584ca09,3.118771101549962,0.0,9.800000190734863,1.3152363979867836,180.20551607898497,0.10000000149011612,358.8999938964844,97.39708779255541,2962,2025-12-09 13:49:56+00:00,525.210739614995,3.067220343505427,0.0,9.699999809265137,0.8451525763416262,162.791375675843,0.4000000059604645,359.0,94.12415834444386,2950.0,2025-12-09 14:06:35+00:00,116.35842658528314,-999.0,71.0,2.4,2.41,1.22,fishing,fishing,fishing,fishing,0.9808921217918396,0.7710912823677063,False,False
5298307a-e187-45c9-bb57-dba8eab31e07,845ae561-1e8c-44c2-b68a-00114c9009d1,3.952774837020536,0.0,10.600000381469727,1.6071985783065288,227.22120350806586,0.0,359.0,104.99195479207762,2829,2025-12-09 13:09:37+00:00,1243.990099009901,4.0735977432165535,0.0,10.399999618530273,1.66514041209355,242.61891006230292,0.0,357.70001220703125,106.32014243793967,1765.0,2025-12-09 18:43:18+00:00,1357.2380952380952,-20021.0,401.0,14.17,22.72,9.56,fishing,fishing,moored,moored,0.8339641690254211,0.5395063161849976,True,True
bbbda045-8cbb-452b-b986-da7895019fc8,7dff7714-ccfb-4a17-8862-c865e818beac,4.3133593989398396,0.0,13.199999809265137,3.979616920066649,196.81635298206652,0.0,359.0,110.18600539206079,3069,2025-12-08 14:51:10+00:00,392.64797913950457,3.7667565736681,0.0,12.0,2.6720375958688813,192.6108745850625,0.0,358.3999938964844,100.49827506869565,2966.0,2025-12-08 03:54:06+00:00,121.32580101180439,39424.0,81.0,2.64,2.73,1.36,fishing,fishing,fishing,fishing,0.620383620262146,0.8341860771179199,False,False
aa8eda5c-82b4-49c0-a23a-49b1c3bf903e,799eec14-f626-4f88-86f0-fe9ca3de3bbb,2.1202337233844104,0.0,10.699999809265137,2.537969103741334,199.09277229194518,0.0,358.20001220703125,104.93244195226566,2995,2025-12-09 14:12:38+00:00,61.84502338009352,1.6080193364749784,0.0,11.699999809265137,2.2170046836215938,163.59253273272722,0.6000000238418579,358.70001220703125,100.2039496272425,1035.0,2025-12-09 20:03:16+00:00,3162.75918762089,-21038.0,3.0,0.1,0.29,0.07,fishing,fishing,fishing,moored,0.8190457224845886,0.793723464012146,True,False
883ebace-f078-444e-b7cf-138e1096e487,5db1e3e5-475b-4e96-98e4-89b2f67c9eab,3.74839116354658,0.0,10.399999618530273,1.934077443373559,179.9822336293114,0.0,359.0,105.67984272016558,1585,2025-12-09 22:55:02+00:00,1056.064393939394,3.8017241436422897,0.0,10.199999809265137,1.9428601472002254,164.53917569699618,0.0,359.0,109.20062198082938,2900.0,2025-12-09 22:28:57+00:00,326.8858226974819,1565.0,16.0,1.01,0.55,0.36,,,fishing,fishing,,0.8532692790031433,True,True
ef495bef-0d8a-4b79-9c88-f1d5ff301794,fe8a10ac-13d1-43ca-9469-01c33f1373a5,1.263264607397449,0.0,11.0,2.3145572701016475,232.23869207564505,0.0,359.0,92.0856946372051,2910,2025-12-08 20:07:43+00:00,366.8820900653145,1.762644328612633,0.0,10.800000190734863,2.2752952457688647,222.07918012180545,0.0,358.79998779296875,92.76747471215542,2685.0,2025-12-08 19:55:46+00:00,243.0122950819672,717.0,295.0,10.14,10.99,5.57,fishing,fishing,fishing,fishing,0.9775788187980652,0.7302021980285645,False,False
c8230ffd-e386-4e6d-844d-34a8f1bfe829,3f0466fa-bbd2-48eb-9422-f6d18436d5db,4.13309094697237,0.0,11.100000381469727,3.8496890300334377,141.6992703916872,0.0,358.1000061035156,101.66072916137342,550,2025-12-09 16:02:19+00:00,4617.717668488161,3.9207317427754766,0.0,79.0999984741211,4.319768985456308,165.20959312252853,0.0,358.70001220703125,107.4586683399595,984.0,2025-12-09 12:24:17+00:00,3420.6561546286875,13082.0,148.0,26.91,15.04,10.68,fishing,fishing,fishing,moored,0.9014672636985779,0.8722079396247864,True,False
e45f3cb4-4b11-447f-8c7b-1737da4e408a,249a0914-6c60-4a04-8fc6-18c9318c60d5,2.4104402547432753,0.0,11.800000190734863,3.8080101936074784,155.84506994932656,0.800000011920929,358.8999938964844,94.08885614844274,3180,2025-12-06 23:35:14+00:00,320.56401384083046,4.116203422283722,0.0,11.899999618530273,1.883914427387317,167.67788479581293,0.800000011920929,358.79998779296875,93.5544041015139,1475.0,2025-12-07 02:50:56+00:00,1526.3466757123474,-11742.0,5.0,0.16,0.34,0.11,fishing,fishing,moored,moored,0.9851648807525635,0.585240364074707,True,True
7f29cb36-145d-4f7d-a904-7563a8c9c5e7,f0df7a22-5343-4c78-80b7-25ed7b0d8cf0,2.5734518676137426,0.0,13.399999618530273,3.860349034041796,178.59064064953898,0.0,359.0,115.19965406366929,1631,2025-12-09 19:45:38+00:00,1386.9122699386503,2.41074769278703,0.0,13.399999618530273,3.868834236876787,188.38216424732326,0.0,359.0,114.8169274664495,2782.0,2025-12-09 18:43:21+00:00,228.45307443365695,3737.0,4.0,0.25,0.14,0.09,fishing,fishing,transiting,moored,0.543810248374939,0.8992964029312134,True,True
b472a516-977f-4c30-9bcb-b82139d4d5cb,385b7184-e0f0-4580-bcfc-bc1966d6d2fa,2.673941077791415,0.0,9.399999618530273,1.9316554210031238,173.38333440612035,0.0,358.3999938964844,100.58462740371868,1086,2025-12-09 18:57:12+00:00,2638.547465437788,2.6601626146130446,0.0,9.399999618530273,2.0236113443492116,185.82989285844445,0.20000000298023224,358.29998779296875,95.0005688240281,1107.0,2025-12-09 15:08:01+00:00,2509.1889692585896,13751.0,671.0,61.79,60.61,44.09,fishing,fishing,transiting,transiting,0.716881275177002,0.9063307046890259,True,True
13b98213-a0f8-4ef4-8719-ee6fe2259591,,2.7773743022711916,0.0,12.300000190734863,3.4676553362740745,178.25847994051577,0.0,358.8999938964844,105.58498648401026,2506,2025-12-08 23:05:35+00:00,650.7520958083833,,,,,,,,,,,,,,,,,fishing,fishing,missing,missing,0.7413560152053833,,True,True
51c44c3c-8f46-4f86-b6ca-5f662d7e9b76,cdeec715-4613-44df-908e-053e04dcbbff,5.251243783059108,0.0,10.600000381469727,2.895100165547454,197.70948806740856,0.0,358.79998779296875,88.15169161622637,804,2025-12-09 14:33:07+00:00,2546.909090909091,5.626818205043674,0.0,10.600000381469727,3.1707137971082573,204.90676737731357,0.0,358.3999938964844,72.63502878104268,1540.0,2025-12-09 20:04:10+00:00,945.5666016894087,-19863.0,8.0,1.0,0.52,0.34,fishing,fishing,fishing,fishing,0.7803482413291931,0.8251399397850037,False,False
2621de73-e96f-450f-a14b-0b5b0046e6b1,5574bb87-fa5d-4070-a585-9666ee7f3e10,2.9569855771941858,0.0,9.699999809265137,2.8213160023892616,193.13521114831522,0.10000000149011612,358.8999938964844,101.4608031534127,2634,2025-12-10 00:40:51+00:00,165.03190277250286,2.8641107355408413,0.0,10.0,2.673442589385655,194.84060106377078,0.30000001192092896,358.79998779296875,100.68433188980934,2204.0,2025-12-09 20:33:07+00:00,218.83204720835224,14864.0,84.0,3.19,3.81,1.77,fishing,fishing,fishing,fishing,0.6897618770599365,0.5287554264068604,False,False
a2489f60-ea19-4c1e-9547-8cb21333ccbb,3e39a1b4-0f4e-4b1d-8e7c-c5b6f15186f3,5.9830516473508215,0.800000011920929,12.0,2.2263398446287677,199.6515749956402,0.0,358.79998779296875,102.73813879032474,2130,2025-12-07 17:16:26+00:00,474.67355565993427,5.426173022677822,2.0,10.699999809265137,1.7824544518783951,180.55504587980585,0.0,359.0,93.19044372522086,2728.0,2025-12-07 19:04:44+00:00,147.16501650165017,-6498.0,25.0,1.17,0.92,0.52,fishing,fishing,fishing,fishing,0.9136267900466919,0.7554851770401001,False,False
9ae5387b-7145-4f7a-a44f-1df97f231155,2b0ffcbb-5225-43d6-8d87-05c952811111,2.073041083465414,0.0,9.5,2.074005830927429,154.3610108203766,0.0,359.0,103.52116362077915,2897,2025-12-09 18:07:19+00:00,518.7216850828729,2.214122732611974,0.0,9.300000190734863,2.240647911646045,145.28577417052836,0.0,359.0,103.52607371139153,3944.0,2025-12-09 22:45:50+00:00,193.31397413137205,-16711.0,27.0,0.93,0.68,0.4,fishing,fishing,fishing,fishing,0.9254910945892334,0.8663883209228516,False,False
26e99edf-b6c3-4797-a0d4-a802f4ecc1ae,7e03d67f-e896-4f82-8d3c-2032c9bb4a69,3.8650508462372475,0.0,10.100000381469727,1.8133417929132665,189.27850763031032,0.0,359.0,106.46934592984464,2950,2025-12-09 14:19:09+00:00,636.1010512037979,4.018768247097393,0.0,9.399999618530273,1.54371275830255,198.234989533193,0.30000001192092896,359.0,105.93954985296591,3085.0,2025-12-09 03:55:47+00:00,176.66666666666666,37402.0,28.0,0.95,0.91,0.47,fishing,fishing,fishing,fishing,0.7218465805053711,0.8534173965454102,False,False
1b1b4384-1b1b-4c7d-9acb-e4aeb1411b23,caa92d65-fa8f-42f1-80e2-c37634d5e994,2.8082484687107585,0.0,10.399999618530273,1.895040901309848,202.4296333230463,0.10000000149011612,358.79998779296875,100.3290296616893,1964,2025-12-09 16:29:45+00:00,1586.1319409067753,2.856318090159714,0.0,11.800000190734863,1.7913258605356157,208.1037192615029,0.0,358.79998779296875,102.14876258750716,1836.0,2025-12-09 14:27:36+00:00,751.5553133514986,7329.0,10.0,0.51,0.54,0.26,transiting,transiting,fishing,fishing,0.5198785662651062,0.9573312997817993,True,True
95db9105-b53a-4839-9df4-a4e25203f146,39300bcd-49c9-4d82-bef4-1d6772ea0e86,4.83523809786151,0.10000000149011612,8.899999618530273,2.2488681353664384,193.3170065831165,2.799999952316284,347.5,90.32434189204018,735,2025-12-09 13:51:42+00:00,3492.0463215258856,4.408435970292486,0.0,10.699999809265137,2.457164079637953,187.61318627111865,2.0999999046325684,357.3999938964844,97.78668736353033,1624.0,2025-12-09 08:45:57+00:00,1264.2612446087492,18345.0,5.0,0.68,0.31,0.21,fishing,fishing,fishing,transiting,0.6872856020927429,0.526722252368927,True,False
0beec0aa-f288-4163-b0a9-c7ca8b2d3c23,c97f3f88-7846-48c7-beb0-a8065aa74021,6.242903106471322,0.0,14.100000381469727,3.6685090131525753,144.47920863836092,0.0,359.0,118.75840629799582,2797,2025-12-08 00:10:45+00:00,338.6523605150215,6.703873909715573,0.0,15.199999809265137,3.6428720726199613,124.00642445721942,0.0,359.0,117.11984527077112,2633.0,2025-12-07 23:22:01+00:00,227.66337386018236,2924.0,279.0,9.97,10.6,5.42,fishing,fishing,fishing,fishing,0.7731274366378784,0.8058979511260986,False,False
20f892eb-722f-4929-84b9-6ef8205709c8,b66a5b9e-60fc-4a0c-9fa2-885bb2c9bdb4,2.5288119300296814,0.0,10.600000381469727,1.8106390957330252,179.82288087097666,0.0,359.0,101.04231668254913,2079,2025-12-09 20:04:13+00:00,606.4210779595766,2.3474084505117507,0.0,6.900000095367432,1.3332146597672982,164.0957485261305,0.0,358.5,90.24441444156167,2894.0,2025-12-09 15:11:44+00:00,52.16868302799862,17549.0,124.0,5.96,4.28,2.56,fishing,fishing,fishing,fishing,0.9297346472740173,0.6951778531074524,False,False
7176ecbf-166b-4b93-9744-248f50f8574f,1cf2e0d0-03b1-4131-94e1-7822f2fed52c,10.778776476155873,0.5,13.199999809265137,2.2154725514717812,110.42529059369028,0.5,358.0,41.86113762893263,2926,2025-12-09 23:00:01+00:00,176.77709401709402,8.905006868000793,0.0,12.300000190734863,3.6066903246508963,142.1578985335162,0.0,359.0,64.49060169384215,2916.0,2025-12-09 21:45:43+00:00,46.94133790737564,4458.0,30.0,1.03,1.03,0.52,fishing,moored,fishing,transiting,0.8526312112808228,0.8398187160491943,True,False
afc85bdb-bc42-40d2-821f-d9df47b14f13,17d45738-9c43-41fb-9fc8-f8b6f823fc7a,3.101496800605051,0.0,10.5,1.6543218892049636,149.5974787416672,0.20000000298023224,359.0,109.47227157841316,1403,2025-12-09 16:07:26+00:00,2030.2539229671897,2.950612651284268,0.0,10.399999618530273,1.319523763658253,149.77066226843505,0.0,359.0,110.44224356361494,2122.0,2025-12-09 03:40:27+00:00,400.3022159358793,44819.0,12.0,0.86,0.57,0.34,fishing,fishing,fishing,fishing,0.907800018787384,0.8076637387275696,False,False
efe56850-9d1e-4c13-8be2-6a52af737ad1,,4.310924368495701,0.0,12.0,2.2399226873062914,201.51936289609648,0.0,359.0,95.37949237182326,2856,2025-12-09 11:39:22+00:00,1038.2574430823117,,,,,,,,,,,,,,,,,fishing,fishing,missing,missing,0.9824379086494446,,True,True
293dcb50-6586-4ba8-a90c-be389d2b3f29,a0ad10cb-116e-40fa-81d3-c2d19ba0f3f2,6.119476753735661,0.0,9.800000190734863,2.358435316491332,185.24680834481765,0.10000000149011612,359.0,94.2335610034752,2408,2025-12-06 22:41:11+00:00,708.751973410885,6.127443621613681,0.0,9.699999809265137,2.3516254739317684,163.13896905794175,0.0,358.8999938964844,94.8220226912684,2926.0,2025-12-06 21:58:52+00:00,288.7357264957265,2539.0,20.0,0.83,0.68,0.38,fishing,fishing,fishing,fishing,0.911672055721283,0.842216432094574,False,False
88a7d62a-ae54-458b-b54d-846743e437b4,f125be14-85e2-464c-ad3b-fa118891434e,2.3949858754041924,0.0,11.5,2.8975372098143106,192.33186176369782,1.2999999523162842,357.79998779296875,81.1098598723101,2832,2025-12-06 15:47:08+00:00,172.26386435888378,3.103384736817486,0.0,10.800000190734863,3.043165113488758,204.72226430953737,0.6000000238418579,357.20001220703125,68.65137438212278,2659.0,2025-12-06 15:58:43+00:00,25.491346877351393,-695.0,45.0,1.59,1.69,0.83,fishing,moored,fishing,fishing,0.8965179324150085,0.8769413828849792,True,False
0e231ee7-bdcd-47e4-a932-4e9652bc4728,,3.560414026722306,0.0,10.5,1.5432728062735277,209.67654267672836,0.0,359.0,96.14942643961918,2367,2025-12-08 08:17:18+00:00,1176.2278106508875,,,,,,,,,,,,,,,,,fishing,fishing,missing,missing,0.8663284182548523,,True,True
e1522d04-529b-4d1e-91e8-14e2ba9e276c,cddcdd56-8dfd-477d-ac4f-380cdd427f7e,4.490816990523455,0.0,12.399999618530273,4.243376798269095,139.2197967178688,0.0,358.79998779296875,115.85869316253384,1579,2025-12-08 03:42:21+00:00,1464.424588086185,4.929487755550196,0.0,12.699999809265137,4.644726514308956,152.17514055567997,0.0,359.0,111.76261446960251,2323.0,2025-12-08 09:00:13+00:00,327.7683031869078,-19072.0,7.0,0.44,0.3,0.18,fishing,fishing,fishing,fishing,0.9793715476989746,0.7659662961959839,False,False
5678d4ae-be50-428b-92c8-6a89622c3c94,a0b2781d-a2d4-4db2-949c-36404b9aaa8f,5.920895036229168,0.0,14.100000381469727,4.506738995484869,177.34014649048993,0.10000000149011612,359.0,95.51032392293337,2905,2025-12-09 06:18:58+00:00,271.47692837465564,7.136498830293473,0.0,13.800000190734863,4.147746298279476,182.12862577367585,0.0,359.0,91.53720005988404,2959.0,2025-12-09 05:41:36+00:00,124.14300202839756,2242.0,49.0,1.69,1.66,0.84,transiting,transiting,fishing,fishing,0.8794621229171753,0.7866043448448181,True,True
c596c37a-7f66-4816-ab87-e07b1ac0e7fe,b0501836-bfc8-4913-933f-1f50d83532f6,4.137504147266158,0.0,10.800000190734863,3.72026064908186,163.61796607948557,0.0,359.0,102.42428223224408,3013,2025-12-09 19:42:38+00:00,73.87782204515273,3.3437350265658723,0.0,11.100000381469727,3.710853797689364,163.41620904454643,0.0,358.70001220703125,102.91351548105672,2913.0,2025-12-09 21:00:37+00:00,169.46153846153845,-4679.0,63.0,2.09,2.16,1.07,fishing,fishing,transiting,moored,0.6956841945648193,0.9027453064918518,True,True
d519c504-6ad8-463a-a996-f8cfcd3be9b8,75065a3b-f627-4275-a802-2effa674c40d,2.2860262040509753,0.0,25.600000381469727,3.19161298287121,177.0920937051383,0.10000000149011612,358.70001220703125,106.99735084724466,687,2025-12-08 15:32:26+00:00,3317.9985422740524,1.8824723340378475,0.0,12.199999809265137,2.712487290501837,172.14907348824315,0.10000000149011612,358.8999938964844,107.34280708112554,1084.0,2025-12-08 15:25:04+00:00,1749.5023084025854,442.0,8.0,1.16,0.74,0.45,fishing,fishing,fishing,moored,0.9125952124595642,0.8534377813339233,True,False
9ab26fbe-2c68-4e41-bbac-74ab24fc35aa,12aec46d-d09f-4c2a-bb8f-4550e6bfcc37,1.9288593325183192,0.0,9.5,2.7515893286122197,174.76305986465658,0.0,358.8999938964844,110.01237739649848,2630,2025-12-06 21:12:46+00:00,916.5690376569038,2.878739549253488,0.0,9.899999618530273,2.55772285442597,165.81710860683796,0.0,358.70001220703125,113.67486864336256,2507.0,2025-12-06 17:07:57+00:00,196.30925778132482,14689.0,39.0,1.48,1.56,0.77,fishing,fishing,fishing,fishing,0.7407252192497253,0.8614668250083923,False,False
a1432eaa-ded7-44bc-92d2-a52052ec99f0,3fc018cf-cbc1-46f3-9940-cc3c2a9c76be,6.230106786763487,0.10000000149011612,10.399999618530273,2.626674173021608,162.91573463751442,0.0,359.0,105.32348437989425,2903,2025-12-08 09:54:04+00:00,316.5995864920744,6.9138584422024145,0.10000000149011612,10.699999809265137,2.5741911549738683,154.62073561709502,0.0,359.0,104.39100775959756,4380.0,2025-12-08 07:06:26+00:00,107.39346882849966,10058.0,44.0,1.52,1.0,0.61,fishing,fishing,fishing,fishing,0.8466632962226868,0.8923055529594421,False,False
e83d8545-0412-45d7-9417-4b4cd891946b,5bc60afc-4814-4ed4-9191-a05653376834,3.3943843644657816,0.0,102.30000305175781,3.9385847021271267,222.1997073310759,1.0,359.0,100.17591548215246,2404,2025-12-07 23:20:49+00:00,1223.7519766957969,3.637522782316136,0.0,102.30000305175781,5.034819588410289,220.12904767441538,1.399999976158142,357.79998779296875,98.74504114730794,2196.0,2025-12-08 07:00:06+00:00,1334.8815489749431,-27557.0,788.0,32.78,35.88,20.67,transiting,transiting,transiting,transiting,0.6398645639419556,0.5074577331542969,False,False
3d5306a7-3342-4d9a-9608-c0e77bf9c1d2,ec3b3bc7-82e9-4fcb-83d8-525c4d5763b6,1.8356646241951573,0.0,10.199999809265137,2.5024137333549765,199.4644466805528,0.0,357.5,107.51708613546019,2445,2025-12-07 08:10:39+00:00,845.633387888707,2.3770959236947062,0.0,11.600000381469727,2.8040265501679325,211.12566824581313,0.0,357.70001220703125,97.73820970873687,2982.0,2025-12-07 10:55:08+00:00,128.08352901710836,-9869.0,26.0,1.06,0.87,0.48,moored,unknown,fishing,fishing,0.790223240852356,0.5565870404243469,True,True
f30d0cf9-5c2d-4088-933b-d68e12d95889,e65cbf9a-80dd-4202-978b-a5c44c859050,4.629016620865468,0.0,8.5,2.0621305845912907,193.64561898179963,0.0,359.0,100.5682218544518,2888,2025-12-09 09:22:52+00:00,472.09109802563216,4.866978415195569,0.0,8.300000190734863,2.10900574039119,199.53133780931336,0.0,358.79998779296875,98.1902598644525,2780.0,2025-12-09 13:00:15+00:00,183.98380712486505,-13043.0,27.0,0.93,0.97,0.48,fishing,fishing,fishing,fishing,0.8740682005882263,0.8218649625778198,False,False
595c704c-dc0a-47ff-9913-c76ea96dd334,9cf79be8-6e12-4443-bbbc-efebd9e5bcda,6.307075690219501,1.100000023841858,14.5,2.6576618899568585,139.0515081609479,0.0,359.0,111.50211923587808,2233,2025-12-09 05:07:15+00:00,389.22715053763443,8.081771837758222,7.0,8.800000190734863,0.32584968160159805,36.91929503186072,8.899999618530273,89.0999984741211,13.47374413811101,2156.0,2025-12-09 11:45:02+00:00,71.63851508120649,-23867.0,36.0,1.61,1.67,0.83,fishing,fishing,fishing,transiting,0.9503877758979797,0.8573452234268188,True,False
ac5baf2e-4d00-440e-9d3c-b4a43d84e9fc,ce2ef031-f424-4d68-a007-10a16154d897,3.63472682420189,0.0,11.0,2.1706012801981713,163.0210437930614,0.10000000149011612,359.0,97.60602068204007,2416,2025-12-09 06:45:37+00:00,707.3035196687371,3.8973214531747193,0.0,12.199999809265137,2.4026178957431883,158.29387553990483,0.0,358.70001220703125,98.89925745798499,2912.0,2025-12-09 13:00:07+00:00,375.71899690827894,-22470.0,24.0,0.99,0.82,0.45,fishing,fishing,fishing,transiting,0.9609888195991516,0.7905129194259644,True,False
b8528e3c-63f6-4cea-accd-eea6cfc5b9c1,266789ad-cd84-4f7d-886b-144270b75d28,1.7944672143040987,0.0,11.300000190734863,2.676076236741364,205.33114426607136,0.10000000149011612,358.79998779296875,110.03897534813129,1952,2025-12-08 20:22:00+00:00,746.0189646335213,0.9425233652559077,0.0,10.800000190734863,2.14764867524308,187.39489292341625,0.0,359.0,122.45083807861104,2996.0,2025-12-09 01:15:03+00:00,195.22604340567614,-17583.0,72.0,3.69,2.4,1.48,fishing,fishing,fishing,fishing,0.6194387674331665,0.6654620170593262,False,False
4a9d8e48-9212-4768-b669-d4707af7f612,da9eda0a-69cb-44a7-b92a-2eec04c0848d,2.4764900771000526,0.0,9.600000381469727,3.1221527526676747,184.51721840228467,3.700000047683716,354.3999938964844,83.34399669110121,604,2025-12-07 05:46:59+00:00,2923.870646766169,0.828912077318938,0.0,9.0,1.4608227665674527,234.76701268985354,1.7000000476837158,356.79998779296875,59.22801722124529,1342.0,2025-12-07 07:54:33+00:00,982.7248322147651,-7654.0,6.0,0.99,0.45,0.31,fishing,fishing,fishing,fishing,0.876380205154419,0.8854542970657349,False,False
6892f586-4961-41e5-b71d-8c17632ed58a,,4.547384508938589,0.0,10.0,2.671461023734938,180.46819885409155,0.0,359.0,110.03707266682308,2944,2025-12-09 10:29:57+00:00,68.30071355759429,,,,,,,,,,,,,,,,,fishing,fishing,missing,missing,0.6808546185493469,,True,True
487b8381-0635-4e17-8bc7-c0a482bae3fa,ebb23991-cc51-4aa9-aa7e-cf181b79ab30,10.252442368825587,0.0,27.200000762939453,7.891046823680077,175.94145017023493,0.10000000149011612,359.0,106.43037912044626,1474,2025-12-08 12:15:37+00:00,6354.71622539036,11.14804547192226,0.0,27.200000762939453,7.93574908416753,179.25143188502443,0.0,359.0,111.9288936175965,1586.0,2025-12-08 18:48:50+00:00,5920.561514195583,-23593.0,348.0,23.61,21.94,12.83,fishing,fishing,transiting,transiting,0.8019253015518188,0.6062630414962769,True,True
266411ed-1f82-4805-9b5c-869c42ba23f2,6a2d5fe2-1598-4ecb-8985-df4f5b9442f9,8.319963296129103,0.0,14.199999809265137,5.578914689994303,226.9639411343584,0.30000001192092896,358.8999938964844,78.0002366802118,2179,2025-12-08 09:29:03+00:00,468.3044077134986,5.4662256318697064,0.0,14.100000381469727,5.788699036496514,190.88731711540072,0.699999988079071,358.8999938964844,89.8022996780295,2872.0,2025-12-08 14:15:10+00:00,236.967258794845,-17167.0,27.0,1.24,0.94,0.54,fishing,fishing,fishing,fishing,0.8421438932418823,0.8420999646186829,False,False
b2f4d5ba-325e-45d6-a8ac-9ae0d0803874,27a78d10-fcee-460c-b1d0-fd678608a63c,2.3035011980387803,0.0,102.30000305175781,3.248711907846744,161.3051048887203,0.0,358.8999938964844,109.46100043105963,2085,2025-12-08 20:23:39+00:00,1093.8469289827256,2.165185963701631,0.0,11.0,2.427952570129555,156.3108344641576,0.0,358.5,115.70814225684856,2904.0,2025-12-08 15:06:34+00:00,310.44505683775407,19025.0,51.0,2.45,1.76,1.03,fishing,fishing,fishing,fishing,0.720478892326355,0.9875619411468506,False,False
41475eb4-ddb0-4049-a3d5-582739b9c1aa,446298da-c09e-4441-8761-a31c550bac43,1.8482758614053452,0.0,7.699999809265137,1.49267392224059,167.0811348790818,0.20000000298023224,358.8999938964844,97.93078126571179,3074,2025-12-08 01:28:51+00:00,291.82264887731856,2.188231323119713,0.0,7.699999809265137,1.4605699923014077,167.7216253979325,0.0,358.8999938964844,93.63386786568269,2957.0,2025-12-07 23:45:17+00:00,151.12144790257105,6214.0,222.0,7.22,7.51,3.82,fishing,fishing,fishing,fishing,0.8046717643737793,0.8378247618675232,False,False
6ccb77fd-7273-42c3-96f2-c93a27748e48,939352c0-9eeb-43d8-9ebc-7e4c97f3fc96,1.834008483611858,0.0,9.199999809265137,2.5974072301060382,192.59309626968755,0.0,358.0,99.63324538332421,2123,2025-12-07 00:30:18+00:00,959.8034872761546,1.4712820610429487,0.0,8.100000381469727,2.076481207624679,200.9247074481401,0.0,358.79998779296875,107.60867784537355,2925.0,2025-12-06 21:05:00+00:00,143.7376880984952,12318.0,29.0,1.37,0.99,0.58,fishing,fishing,fishing,fishing,0.8002158403396606,0.8397859930992126,False,False
c4f7ec8a-c140-4210-ae43-d73e515fce12,d884b1fa-1250-4210-91e5-09768b6b5a13,1.8839732884141758,0.0,14.399999618530273,2.3531705675451513,184.6832280907345,0.0,358.8999938964844,124.24143061855133,2995,2025-12-08 23:20:21+00:00,1168.0845023380093,2.861927414816701,0.0,9.300000190734863,2.288639599195173,210.47443386863472,0.0,358.0,99.96779504480625,2947.0,2025-12-09 05:10:00+00:00,185.4918533604888,-20979.0,78.0,2.6,2.65,1.33,fishing,fishing,fishing,fishing,0.9325584769248962,0.6690996885299683,False,False
25d4cd53-870d-4603-bcc8-d73e127454c9,6cda3d54-ad1f-4ff5-b242-c66d9c700bfa,0.8819322475656363,0.0,11.0,1.5291389984863777,174.26160589380277,0.0,357.6000061035156,96.22743775244903,797,2025-12-09 11:32:55+00:00,3048.7663316582916,1.3233827973685561,0.0,11.199999809265137,2.7364651507617976,182.8041553361126,0.0,358.1000061035156,101.53489041757601,1685.0,2025-12-09 08:25:50+00:00,763.0172209026128,11225.0,15.0,1.88,0.89,0.61,fishing,fishing,fishing,fishing,0.7232827544212341,0.8452489376068115,False,False
3e0bad39-ef01-471d-8f54-5738685aecbd,16b92cee-d0e5-4028-9f56-dd5dbf61db0f,1.543129090926677,0.0,7.5,1.6044883368085454,164.89475038977727,0.0,359.0,114.1881191667458,1681,2025-12-09 17:12:29+00:00,958.6958333333333,1.3780438453260602,0.0,7.400000095367432,1.661418253034537,157.08910611032405,0.0,359.0,118.08357789429056,2965.0,2025-12-09 22:51:36+00:00,540.2432523616734,-20347.0,14.0,0.83,0.47,0.3,fishing,fishing,fishing,unknown,0.9739999771118164,0.5299298763275146,True,False
a4dc2266-bcd9-4436-8aa8-a41f0c78459e,aeac02be-6ae9-4755-a42f-e4d99de817de,3.7723018156921397,0.0,51.29999923706055,2.750101107587258,171.2163638637468,0.0,358.8999938964844,103.13480445599103,1047,2025-12-09 14:08:23+00:00,2216.6166347992353,3.9198504552589557,0.0,76.80000305175781,3.2996743640533723,173.44959124922752,0.0,359.0,103.85046011606465,1471.0,2025-12-09 09:26:22+00:00,623.3761904761905,16921.0,5.0,0.48,0.34,0.2,fishing,fishing,fishing,fishing,0.8073856830596924,0.7147132158279419,False,False
27beb4af-0726-468d-bc4a-201ffa8bcd6e,f84f7604-53e6-4ce7-8c61-323d7daff543,4.859169691074332,0.0,12.5,3.738395697001469,148.4373686376039,0.0,358.8999938964844,104.58782924432901,2481,2025-12-06 23:05:46+00:00,321.3,5.3351755363787055,0.0,12.5,3.471453240221756,153.7262848390931,0.0,359.0,116.07861864737046,2877.0,2025-12-07 01:31:49+00:00,242.52677329624478,-8763.0,201.0,8.1,6.99,3.9,moored,unknown,fishing,fishing,0.8991563320159912,0.6320751309394836,True,True
b9557fe2-98ad-4312-86fc-2b5619e463e0,a10b8adb-7a88-48f5-8a81-81d87ff50569,5.3093675181193225,0.0,12.100000381469727,1.8472280500251963,175.38982080915494,0.30000001192092896,358.8999938964844,97.20799146341996,2925,2025-12-09 16:22:41+00:00,424.45041039671685,5.313532637128662,0.0,12.800000190734863,2.007976093080614,173.787458226215,0.0,359.0,101.39635528353574,3111.0,2025-12-09 19:00:20+00:00,401.863344051447,-9459.0,113.0,3.86,3.63,1.91,fishing,fishing,fishing,fishing,0.7245049476623535,0.5783268809318542,False,False
a98e24ff-0f2d-41b1-b865-95d1d2992677,712b4b09-ef24-435c-91ef-207b311b8469,3.48786901350982,0.0,102.30000305175781,3.9342034055700053,177.30064173406228,0.0,359.0,113.67937874065282,2168,2025-12-08 09:35:03+00:00,1084.3996308260269,4.3378894726959505,0.0,102.30000305175781,7.5450063223873,210.24677305340057,0.0,359.0,111.58252728458865,2985.0,2025-12-08 09:40:10+00:00,232.38941018766755,-307.0,29.0,1.34,0.97,0.57,transiting,transiting,fishing,fishing,0.5651534199714661,0.8421487808227539,True,True
fd758170-e4a2-4236-9718-032925302fdd,9ef92d56-430c-4deb-85e3-cf6ff8dcc0ee,3.38895786517277,0.0,9.5,2.1619434732854823,203.63334843864197,0.0,358.8999938964844,105.0067918993389,2255,2025-12-07 18:07:04+00:00,395.07719609582966,3.4539865513048587,0.0,8.899999618530273,2.1218879405669404,201.30836154623265,0.0,359.0,99.65618282223254,2082.0,2025-12-08 06:10:30+00:00,357.50648726573763,-43406.0,117.0,5.19,5.62,2.77,fishing,fishing,fishing,fishing,0.6207543015480042,0.7322182059288025,False,False
edf1ca84-a57a-4f53-9a35-0247a647e416,07d18aba-246c-44c9-9401-f3f602d20242,2.430853997883143,0.0,31.200000762939453,3.351854130467568,164.43636987040048,0.0,359.0,110.30402774770353,1452,2025-12-09 02:51:30+00:00,1633.1419710544453,2.644350985714342,0.0,11.800000190734863,3.4678601019285042,144.12563278494687,0.0,358.8999938964844,112.6186162414458,1664.0,2025-12-09 02:30:10+00:00,667.9356584485869,1280.0,7.0,0.48,0.42,0.23,fishing,fishing,fishing,fishing,0.5645111203193665,0.5495798587799072,False,False
895909a3-9b44-46e7-afc6-eab415cbf5bf,0d439105-4153-4d3f-bda1-e23623739dc3,1.6627986380925763,0.0,10.300000190734863,2.357830929996131,160.2832478204497,0.0,358.79998779296875,102.10079191831841,2930,2025-12-06 17:31:08+00:00,252.33663366336634,3.0677562315977926,0.0,10.300000190734863,3.425892671471883,184.33227348043053,0.0,359.0,92.45524423509681,1132.0,2025-12-06 19:34:26+00:00,2294.8514588859416,-7398.0,2.0,0.07,0.18,0.05,fishing,fishing,transiting,transiting,0.8372097611427307,0.7612797617912292,True,True
293aa12c-1bd3-45fa-a5c9-7ddbe14c8219,841f260e-42ce-4bc7-8f90-f995722ca345,4.019100352771142,0.0,12.0,2.005184152239163,133.01228306451807,0.20000000298023224,359.0,99.83335899348772,2890,2025-12-09 01:58:19+00:00,441.3464866735895,3.73726963129009,0.0,11.600000381469727,2.384621986642648,122.96200413849567,0.20000000298023224,359.0,95.3518536439481,2930.0,2025-12-09 03:37:11+00:00,184.19358142710823,-5932.0,34.0,1.18,1.16,0.59,fishing,fishing,fishing,fishing,0.901538074016571,0.8936110734939575,False,False
6674e2fa-ae87-42eb-8a4b-a51fce982055,b581d60f-2634-488a-9b3c-d013fb40d683,3.161683850515237,0.0,9.0,2.0548902938955376,176.686562170585,0.0,358.8999938964844,105.37065436827174,582,2025-12-09 16:38:24+00:00,3379.709122203098,3.1363478537810887,0.0,12.300000190734863,2.136870328461227,180.5467616017849,0.0,359.0,104.30510831417291,1150.0,2025-12-09 20:07:43+00:00,1458.0261096605743,-12559.0,4.0,0.69,0.35,0.23,fishing,fishing,fishing,fishing,0.8382717370986938,0.8786900639533997,False,False
9be6a894-b3d8-4aa9-8338-c4f5bf1da344,5b75eec8-86eb-411e-a94e-d8817a1cc708,0.32379032319201334,0.0,6.599999904632568,1.2824131220642065,89.15880346622679,0.6000000238418579,356.79998779296875,78.00227093896282,2976,2025-12-08 14:11:27+00:00,378.03361344537814,0.14777387291472352,0.0,6.599999904632568,0.8965732374412836,88.92887955963367,5.0,358.79998779296875,37.43976062965523,3414.0,2025-12-08 16:53:53+00:00,149.53413419279227,-9746.0,49.0,1.65,1.44,0.77,fishing,fishing,fishing,fishing,0.7945967316627502,0.8621916174888611,False,False
0499e26c-d345-4ba1-9f29-bb978c003ac3,e612d361-d7f9-4f5b-b3a4-0936e34a2bdb,2.730790377992023,0.0,10.100000381469727,1.925258750612364,155.61414812774626,0.10000000149011612,358.6000061035156,98.52480900199907,2910,2025-12-07 05:16:11+00:00,695.7225850807838,3.1013654255936762,0.30000001192092896,10.100000381469727,1.282392881262981,157.36376168427378,0.10000000149011612,358.6000061035156,94.31770992946817,3076.0,2025-12-07 20:11:23+00:00,127.03479674796748,-53712.0,139.0,4.78,4.52,2.38,fishing,fishing,fishing,fishing,0.865994393825531,0.7475475668907166,False,False
96953f02-c93b-444c-a91c-0c0cbbed62c0,,1.682251082902605,0.0,7.099999904632568,2.1042249272472597,174.1428575656803,0.0,356.70001220703125,103.1362466841682,693,2025-12-09 08:52:35+00:00,3331.5303468208094,,,,,,,,,,,,,,,,,,,missing,missing,,,True,True
0e37bc46-a950-43e5-b27b-bb2f6a0f0da5,435bb3cb-cb9e-40bc-9f81-c59c3279a7ce,5.261514924130279,0.0,13.399999618530273,3.69644444003456,201.49212785535553,0.0,358.29998779296875,96.43693612508875,1307,2025-12-09 08:01:44+00:00,1911.6385911179173,4.235755847485433,0.0,12.0,3.0833630820583355,208.76369818078504,0.0,359.0,106.38389511755526,1376.0,2025-12-09 14:55:24+00:00,1271.9301818181818,-24820.0,47.0,3.6,3.42,1.78,fishing,fishing,fishing,transiting,0.8233135342597961,0.8338269591331482,True,False
f188c93b-101b-4ca9-88a9-369994d6e452,a4303c55-04f4-499b-b15c-04a1ab7b70ea,1.4919553483915935,0.0,10.0,2.3803635963057697,145.87449420081217,0.0,358.8999938964844,118.56165772885197,2598,2025-12-08 20:54:55+00:00,1013.4262610704659,2.1716005266435014,0.0,9.5,2.2440441372969904,164.67411181429833,0.0,359.0,119.93680605584363,3074.0,2025-12-08 14:51:43+00:00,253.32150992515457,21792.0,44.0,1.69,1.43,0.78,fishing,fishing,fishing,fishing,0.9680179953575134,0.7424319982528687,False,False
78451507-49e9-4987-b261-51dc9a57804b,0ccf4571-5418-45d1-87d4-beda52bd6e0e,4.139929067306484,0.30000001192092896,10.699999809265137,1.5795225156188966,188.78175982558975,0.20000000298023224,359.0,104.59733160809351,1410,2025-12-07 19:57:28+00:00,1098.1071682044003,4.027329183994613,0.4000000059604645,9.800000190734863,1.0845904746685808,190.62451792001875,0.0,359.0,102.8583012696926,2415.0,2025-12-07 16:08:17+00:00,302.32477216238607,13751.0,41.0,2.91,1.7,1.08,fishing,fishing,fishing,fishing,0.9073719382286072,0.8289014101028442,False,False
5d0d61e2-0382-4944-b371-ee045e65883f,c499a423-6156-45ef-89c2-c76bca9b6f0e,3.5426110657757777,0.0,8.399999618530273,2.4048380774387894,181.6652097990482,0.10000000149011612,358.6000061035156,102.56284946819481,1103,2025-12-09 20:35:32+00:00,4851.862976406534,3.637996224018674,0.0,9.0,2.4310982837936588,179.1059538926021,0.0,358.8999938964844,104.45934917550785,1587.0,2025-12-09 13:28:33+00:00,2196.4180327868853,25619.0,561.0,50.86,35.35,26.35,transiting,transiting,moored,moored,0.9300903677940369,0.8166869282722473,True,True
095587d3-4d73-45bc-bb9e-79e3a37f51b4,e246553d-8f3c-4515-8f98-30b634fcfc45,2.4403779998460076,0.0,11.899999618530273,2.315971385268674,169.01813380225744,0.0,359.0,117.61845084215491,2328,2025-12-09 21:47:12+00:00,1127.9084658358402,2.630534615222112,0.0,11.800000190734863,2.3686957959338617,160.66808529589423,0.0,359.0,115.20649002259213,2918.0,2025-12-10 01:27:09+00:00,321.6362701405554,-13197.0,53.0,2.28,1.82,1.02,fishing,fishing,transiting,transiting,0.8330186009407043,0.5624904036521912,True,True
deb0606d-13b4-4d1c-b34e-1e368f807a79,dd5375d3-6052-47ee-bc52-846fe933185e,3.080806846418452,0.0,10.899999618530273,1.8249774588195968,180.99784608343472,0.0,359.0,111.84702782578304,1636,2025-12-09 16:34:13+00:00,1475.663608562691,3.0327327500383654,0.0,83.9000015258789,3.0771436690384224,176.08330886847196,0.0,358.8999938964844,113.84031997715213,1998.0,2025-12-09 15:43:52+00:00,610.5162744116175,3021.0,9.0,0.55,0.45,0.25,fishing,fishing,fishing,fishing,0.8580420017242432,0.8795735239982605,False,False
b4b16da0-7407-4b70-b391-78c499d8abae,86705df6-651d-4dfa-98e8-98e6438e423b,3.521515992866808,0.0,9.699999809265137,2.3451369369742787,208.1925319100703,0.0,358.8999938964844,107.07229802029246,2533,2025-12-09 01:28:06+00:00,1068.3179304897315,3.5728881892479194,0.0,10.300000190734863,2.2037824654531564,206.7505472648531,0.0,359.0,112.05546812341473,2486.0,2025-12-09 06:30:02+00:00,960.4832997987927,-18116.0,544.0,21.48,21.88,12.16,fishing,fishing,fishing,fishing,0.6642767786979675,0.8380284905433655,False,False
d244df14-8217-48f7-beae-d70595f55c01,bcc00d27-2599-4256-bf34-41816fea0183,2.583130903843685,0.0,9.5,2.2510295332006773,165.36422764124262,0.0,358.6000061035156,100.60574796774956,741,2025-12-09 10:38:10+00:00,2994.316216216216,1.8218464768835931,0.0,9.800000190734863,2.86529611818099,203.37549211538192,0.10000000149011612,358.70001220703125,97.94088215778612,2957.0,2025-12-08 22:01:10+00:00,352.382949932341,45420.0,10.0,1.35,0.34,0.27,fishing,fishing,fishing,fishing,0.7657201290130615,0.6086726784706116,False,False
4c15d0cd-a8d6-4745-a158-8bf5d2f41819,1af1f0b2-3182-4dbd-8e3e-6af4d96cf547,2.5596933739202727,0.0,8.399999618530273,1.6773404700377734,170.98349864649097,0.0,358.79998779296875,100.58474979621742,2022,2025-12-07 20:30:38+00:00,549.94606630381,2.451039459668558,0.0,8.0,1.4740353185564694,170.43174679757203,0.20000000298023224,358.5,96.56231328595698,2357.0,2025-12-08 00:17:54+00:00,1059.422325976231,-13636.0,223.0,11.03,9.46,5.37,fishing,fishing,fishing,fishing,0.9738163352012634,0.8656176328659058,False,False
c5d9210f-f1fe-44ea-9cbe-0f23c9e1045e,35cec6a0-c798-4dbb-b764-594094dff6c2,2.5444635216770255,0.0,12.699999809265137,3.7158822281155066,144.24270935156048,0.0,358.70001220703125,114.51203342326997,1165,2025-12-08 07:18:29+00:00,1616.9905498281787,2.247810962666475,0.0,14.600000381469727,3.649005249714906,149.7686109563487,0.0,359.0,116.79735340131762,2010.0,2025-12-08 04:40:37+00:00,451.8770532603285,9472.0,11.0,0.94,0.55,0.35,fishing,fishing,fishing,fishing,0.8254635334014893,0.6825835108757019,False,False
29c75e2f-ebfd-4f11-a6d6-d0e1827aac92,,5.13113153564098,0.0,12.399999618530273,3.4002951771430214,171.1058046837134,0.0,358.79998779296875,94.80213593111436,1741,2025-12-06 21:44:49+00:00,341.1965517241379,,,,,,,,,,,,,,,,,fishing,fishing,missing,missing,0.7778385877609253,,True,True
09c84f42-a137-49b5-ad47-3eee9a232248,e88335a9-e19e-4aef-8086-99c0541239c7,5.8707483117120205,0.30000001192092896,9.199999809265137,2.0215717092265715,176.44238298619047,0.5,356.70001220703125,85.71192270006544,1176,2025-12-07 11:52:48+00:00,1130.595744680851,5.724710021842343,0.0,9.399999618530273,2.1452948670457936,154.72404102211905,0.0,358.8999938964844,90.85630597085648,2845.0,2025-12-07 20:45:06+00:00,315.91385372714484,-31938.0,23.0,1.96,0.81,0.58,fishing,fishing,fishing,fishing,0.8833812475204468,0.8350049257278442,False,False
86e0f845-4e62-43d7-ab9e-a659d267553e,27fb9d08-0d62-4ce1-97c6-164cd9894708,2.3652739199008117,0.0,7.800000190734863,1.8565320339470837,174.6266493757455,2.0,358.20001220703125,97.23707794352148,1077,2025-12-09 13:22:30+00:00,7478.458178438662,2.39062004554158,0.0,7.800000190734863,1.8058883027402743,184.14952458406907,0.20000000298023224,359.0,94.13559877891893,1258.0,2025-12-09 18:16:57+00:00,6415.662688941925,-17667.0,805.0,74.74,63.99,52.61,fishing,fishing,fishing,fishing,0.746986985206604,0.7795295119285583,False,False
d3ad2c05-be0a-4118-97a2-f98ee53e8857,6e3c4210-2192-46bd-b4ea-c6edd7482c4f,2.80906675883412,0.0,9.300000190734863,1.442888681736536,189.7132265924734,0.0,359.0,93.28791952383366,3011,2025-12-08 19:58:21+00:00,450.6119601328904,2.8616292865456487,0.0,9.199999809265137,1.5382842558365464,181.68003936919172,0.0,359.0,94.80984823351129,2541.0,2025-12-08 22:40:22+00:00,329.9271653543307,-9721.0,306.0,10.16,12.04,5.83,fishing,fishing,fishing,fishing,0.6596789956092834,0.8242732286453247,False,False
443d2879-5efe-45b7-8b11-2e9d6736e94e,e204942d-0496-48e6-ae2c-e9fda7072bcb,3.8245862837854427,0.0,54.099998474121094,3.310844374595387,154.1752071770909,0.0,358.8999938964844,107.64429131345392,846,2025-12-09 08:09:34+00:00,2284.8402366863907,3.615029597039935,0.0,54.29999923706055,2.973253399130766,157.81681705305473,0.0,359.0,117.51867232446227,1690.0,2025-12-09 06:06:29+00:00,925.3878034339846,7385.0,8.0,0.95,0.47,0.32,fishing,fishing,fishing,fishing,0.8395010232925415,0.8810420036315918,False,False
8c38c8a0-4faa-4225-af33-af894a88d6cb,02d64d86-8714-40ff-95eb-99007c99b234,5.248451903923777,0.0,102.30000305175781,3.5496350290808336,182.1712823953643,0.10000000149011612,359.0,96.68762566146943,3036,2025-12-07 01:58:00+00:00,267.63756177924216,5.29581680199621,0.0,102.30000305175781,3.951349705016475,193.64650759819276,0.0,359.0,111.39384568089294,2773.0,2025-12-07 09:44:11+00:00,141.19444444444446,-27971.0,36.0,1.19,1.3,0.62,fishing,fishing,transiting,transiting,0.7423121929168701,0.7302038669586182,True,True
b1af1a4b-19b3-4748-8854-fa3040198088,1e26d49f-db78-44e5-b982-67f419f47226,3.7465224097233834,0.0,12.800000190734863,4.0195846264476645,154.64698137608775,0.10000000149011612,359.0,103.25806938673786,1294,2025-12-09 18:59:10+00:00,1070.1438515081206,4.577960752971475,0.0,12.899999618530273,3.685777740590845,138.72187059049386,0.20000000298023224,359.0,102.75666017291704,2854.0,2025-12-09 21:00:52+00:00,88.06905012267788,-7302.0,10.0,0.77,0.35,0.24,,,fishing,fishing,,0.8764435052871704,True,True
d7e77c4f-75b6-499f-85b0-98b0947989fe,198ff65b-90c3-4cc7-acbe-27db6a01cca1,2.835808745768867,0.0,12.800000190734863,4.6122108888549285,211.27673238303777,0.0,359.0,101.91139743595646,2949,2025-12-09 16:44:42+00:00,541.429104477612,7.158577877890561,0.0,12.899999618530273,5.081897991481093,199.64337093144326,0.0,358.8999938964844,95.34458514793846,2897.0,2025-12-09 08:42:16+00:00,233.0528314917127,28946.0,24.0,0.81,0.83,0.41,,,fishing,fishing,,0.8723531365394592,True,True
c40b797c-a1b4-443a-b227-073221c140d0,ce1fb2a3-f1c8-4aed-a3ce-d6275ae4c4c2,3.2240894131288425,0.0,11.300000190734863,2.3865459763790455,140.10944883133234,0.5,358.5,96.16301319309542,2416,2025-12-07 09:04:35+00:00,707.1556935817805,2.5759227931792155,0.0,11.399999618530273,2.269856536028624,116.53229426455493,0.0,359.0,82.42748758629526,2953.0,2025-12-07 09:32:17+00:00,260.10941734417344,-1662.0,36.0,1.49,1.22,0.68,fishing,fishing,fishing,fishing,0.7682976126670837,0.9006527662277222,False,False
9a613c4e-1376-4298-aee6-984bb9e75018,7ca7493f-a782-4250-92ed-c43f285e65b6,5.461474033114399,0.0,13.800000190734863,4.904640568368731,166.05216801581764,0.0,358.8999938964844,94.98505816446125,2985,2025-12-08 16:24:51+00:00,162.35556300268095,4.335545053716006,0.0,13.300000190734863,4.809038647317045,162.46337442919034,0.0,359.0,105.84621649013884,2321.0,2025-12-08 22:04:29+00:00,1051.5077586206896,-20378.0,22.0,0.74,0.95,0.42,fishing,fishing,transiting,moored,0.6249874830245972,0.591630756855011,True,True
2cce206b-2d46-4e96-8f2e-58d723326332,69c9ba78-4fff-4323-99bc-4d6027487ad1,4.054251207134142,0.0,14.300000190734863,3.336100825159295,148.6618840439308,1.2000000476837158,358.0,96.66444910700346,2070,2025-12-09 12:10:55+00:00,481.71387143547605,5.398254027024539,0.0,14.199999809265137,4.020389008346303,128.62168108179884,0.30000001192092896,359.0,94.28951489907026,2921.0,2025-12-09 07:30:02+00:00,123.59657534246575,16853.0,40.0,1.93,1.37,0.81,transiting,transiting,fishing,fishing,0.6597025990486145,0.8935091495513916,True,True
35f56545-e8ab-4c86-986d-dfba77d8179d,6b2878ab-61e9-4cf8-8da9-cc313c43e105,0.9593836709902908,0.0,8.899999618530273,1.8921756957238722,155.68932724574248,0.10000000149011612,359.0,92.14008388212977,3245,2025-12-09 10:35:18+00:00,189.9700986436498,1.0968970927431287,0.0,102.30000305175781,2.841386753242662,160.56641040417122,0.0,358.8999938964844,98.95940398263798,3255.0,2025-12-09 06:46:51+00:00,93.05654578979717,13707.0,73.0,2.25,2.24,1.14,fishing,fishing,fishing,fishing,0.7661247849464417,0.6438590884208679,False,False
177cf496-de1b-4e8e-af6d-1d5b95c49f4b,8022eba5-7c7d-4c24-98f0-5818087e2b46,3.634304374520022,0.0,9.899999618530273,2.155267836605572,158.39608254862574,0.0,359.0,101.35747631596305,1991,2025-12-09 15:41:46+00:00,1209.3969849246232,3.6750811383679345,0.0,9.300000190734863,2.2288869878273054,159.83651819312976,0.0,358.70001220703125,105.66284133024058,1541.0,2025-12-09 00:32:35+00:00,1514.0454545454545,54551.0,318.0,15.97,20.64,9.89,fishing,fishing,moored,moored,0.5978755950927734,0.7749814987182617,True,True
d4449c01-092f-4145-9890-42c4b991705a,7e32979d-014c-42b0-8ed2-7447da8ad9d1,2.6460959660213508,0.0,57.70000076293945,3.9011251268891134,162.60582706142208,0.0,358.70001220703125,120.07921725139222,1063,2025-12-09 14:39:16+00:00,4378.046139359699,0.34067542612217155,0.0,9.699999809265137,1.1294001077933897,115.88629518298949,0.0,358.8999938964844,116.98972963413331,2665.0,2025-12-09 14:47:08+00:00,351.8490990990991,-472.0,1.0,0.09,0.04,0.03,fishing,fishing,transiting,transiting,0.7101792097091675,0.740238606929779,True,True
3ccbe5e6-4460-4f5f-bbb1-9efc770c43eb,3ee304de-f114-4aed-9236-319844f9524e,3.167201114210086,0.0,51.70000076293945,2.3241914885792276,168.6035857386339,0.0,359.0,110.55167662202962,2183,2025-12-08 03:03:49+00:00,1137.2529789184234,2.9785138573425716,0.0,10.600000381469727,2.317416305561022,159.52514126436304,0.0,358.8999938964844,114.23226880017509,2853.0,2025-12-07 19:55:15+00:00,539.1942496493689,25714.0,18.0,0.82,0.63,0.36,transiting,transiting,fishing,fishing,0.865283191204071,0.8483295440673828,True,True
a37f3946-94f4-46b8-abe1-f1e7ee475727,38c0e36b-51ce-4715-8b17-001ec8cbfe0a,3.606556378339198,0.0,14.100000381469727,4.853188172422146,161.1104913311182,0.0,359.0,100.48531593944318,3264,2025-12-08 00:40:42+00:00,343.1783634692001,1.6356322075416663,0.0,12.600000381469727,3.0223793755043173,183.0995778571193,0.6000000238418579,358.70001220703125,107.42371797339486,1653.0,2025-12-08 10:25:17+00:00,1288.9957627118645,-35075.0,21.0,0.64,1.27,0.43,fishing,fishing,fishing,moored,0.6312406659126282,0.6649084091186523,True,False
86c891be-26e3-4887-ac76-c3673ba09ee1,5f2c223a-7907-4485-ba4d-212acae03666,2.8046875083565954,0.0,9.899999618530273,1.8191140316294139,151.93827204590738,0.0,359.0,107.58530348176973,1472,2025-12-08 15:01:04+00:00,1909.1393609789259,2.923440981437178,0.0,10.800000190734863,2.257771029585215,156.65002366123136,0.0,359.0,107.14194723879858,2261.0,2025-12-08 11:45:43+00:00,295.958407079646,11721.0,34.0,2.31,1.5,0.92,fishing,fishing,fishing,fishing,0.5502089858055115,0.9560277462005615,False,False
94d504b4-2456-4db3-81c1-378e1491d87c,5c69f550-f74b-4712-9b37-bf965729e9b9,4.43409285096008,0.0,11.100000381469727,3.76532373337855,186.8726097029232,0.20000000298023224,358.6000061035156,86.71488903137768,2326,2025-12-07 11:37:57+00:00,486.99698924731183,6.817696221053687,0.0,11.300000190734863,3.810460650217727,167.39501442807946,0.4000000059604645,358.8999938964844,62.31204328198932,2752.0,2025-12-07 12:24:44+00:00,62.93784078516903,-2807.0,30.0,1.29,1.09,0.59,fishing,moored,fishing,fishing,0.8712009191513062,0.849454939365387,True,False
e57f27a9-431d-4608-860a-4232fe6576f9,55b733f0-bc64-495d-b98f-638630144640,3.110327095382028,0.0,102.30000305175781,2.528769790615641,222.58968763549848,0.0,359.0,102.33434943240347,2721,2025-12-09 15:41:48+00:00,1301.2139705882353,2.9901565468492715,0.10000000149011612,8.600000381469727,1.5391833654852982,225.56298198244963,0.0,359.0,99.86316994770776,2875.0,2025-12-09 15:32:13+00:00,1232.2794015309673,575.0,925.0,33.99,32.17,19.8,anchored,unknown,fishing,fishing,0.5422313809394836,0.7592835426330566,True,True
d86a9fbd-913f-43fc-8965-845852824e76,5decb35f-14ff-4c46-839f-f23cf9d87031,2.329496407787577,0.0,11.300000190734863,1.3888381045534162,164.6007861150965,3.299999952316284,357.6000061035156,90.93797446387435,3058,2025-12-08 11:41:12+00:00,1141.1776251226693,2.4845055836177634,0.0,11.300000190734863,1.7601297337108013,162.057671847661,1.100000023841858,358.20001220703125,92.94040303668113,2872.0,2025-12-08 08:39:19+00:00,843.7377220480669,10913.0,1121.0,36.66,39.03,23.31,fishing,fishing,fishing,fishing,0.769900918006897,0.7199713587760925,False,False
4d301366-d099-4930-a724-723ba8c2b63e,1c358779-bc08-4a60-a43f-d62ffb221fef,7.482047699047004,0.0,102.30000305175781,6.2177201666477355,141.11857130920248,0.0,359.0,112.3619843286873,713,2025-12-09 11:15:15+00:00,2284.445224719101,7.414991321435056,0.0,14.100000381469727,3.930029992579634,156.2544489350139,0.0,359.0,115.69891972621258,1721.0,2025-12-09 13:35:14+00:00,590.8686046511627,-8399.0,6.0,0.84,0.35,0.25,fishing,fishing,transiting,transiting,0.8796882033348083,0.9158957004547119,True,True
8e577dac-c8d1-45e5-b34c-ab0d626e519b,1562b6d8-2ba1-4d58-8379-af11ad69c510,4.29137781354723,0.0,9.699999809265137,2.864099901212973,187.5060408421667,0.0,359.0,102.21774518133506,2308,2025-12-06 22:22:53+00:00,773.8625921109666,4.655092979616447,0.0,9.5,3.165926369816788,204.09312054392768,0.0,359.0,99.95253109428641,2474.0,2025-12-07 07:28:48+00:00,373.7315002021836,-32755.0,27.0,1.17,1.09,0.57,fishing,fishing,fishing,fishing,0.8744279742240906,0.7722947597503662,False,False
fee633d0-69a3-49f2-8875-a97024c5c0c9,,0.6995671022257882,0.0,10.300000190734863,2.018111657667363,145.0048720428971,0.30000001192092896,358.29998779296875,101.01157503753204,3003,2025-12-08 03:06:16+00:00,537.0129913391073,,,,,,,,,,,,,,,,,fishing,fishing,missing,missing,0.9053759574890137,,True,True
2f90acbc-9c07-4706-bd29-d07d591d21f9,9cfe33c1-bc6e-412a-94b8-19d853ab6b7e,3.874092908145998,0.0,10.899999618530273,1.815796498211855,200.5818500669168,0.0,358.0,98.91380019642405,2949,2025-12-09 23:21:52+00:00,671.2184531886024,3.6464395450012446,0.0,10.300000190734863,2.0897663973077747,180.00916856073204,0.0,358.0,103.68000347606952,2935.0,2025-12-09 18:55:06+00:00,1231.0460122699387,16006.0,10.0,0.34,0.34,0.17,fishing,fishing,fishing,fishing,0.6348007917404175,0.9162172079086304,False,False
038f4409-21bf-4913-a910-b13e155a2498,ffd9ee13-ad9f-401f-85c8-014a4d041ae2,2.1509000656884663,0.0,11.399999618530273,3.321289381873526,170.705228782585,0.0,359.0,118.5672786260927,3222,2025-12-09 05:53:30+00:00,454.82614095001554,2.281501360483954,0.0,11.600000381469727,3.351827431388235,190.58324483107762,0.0,358.79998779296875,120.62421954801118,1119.0,2025-12-09 13:33:08+00:00,5889.898032200358,-27578.0,7.0,0.22,0.63,0.16,fishing,fishing,fishing,moored,0.911876380443573,0.7212641835212708,True,False
2949018f-cccc-4901-90ec-6018d490e634,bf75fa9e-7408-4294-99e1-1280b916f3ed,5.849373041158747,0.0,12.5,3.767731060678086,166.5027111934187,0.0,358.79998779296875,99.24779575630605,2552,2025-12-06 21:29:58+00:00,482.108976871815,6.23018754680663,0.0,12.399999618530273,3.565096705764443,165.86721276843957,0.0,359.0,98.04668724303949,3306.0,2025-12-07 00:23:58+00:00,161.64387291981845,-10440.0,53.0,2.08,1.6,0.91,fishing,fishing,transiting,transiting,0.8962293267250061,0.5732166767120361,True,True
eea2fb39-60ea-4dae-b800-af89013be000,8c30538e-bbfc-497c-b1a4-a4a22f45b9bb,4.794200416511166,0.0,8.800000190734863,2.239450003237545,200.35196399814524,0.0,359.0,105.20535148274206,2914,2025-12-07 23:05:38+00:00,373.2028836251287,5.210612958742733,0.0,8.899999618530273,2.2956975408535683,185.33328649414992,0.0,359.0,97.61451596721248,2855.0,2025-12-07 23:30:58+00:00,169.61072179397337,-1520.0,22.0,0.75,0.77,0.38,fishing,fishing,fishing,fishing,0.8729955554008484,0.8549476861953735,False,False
b9361b37-23b8-4b4e-bfa9-05e30515fd73,3f93a8cd-fd3b-4847-9acb-af22c39b8b54,3.9791934034222862,0.0,11.600000381469727,3.2680799451229756,168.1827137467268,0.0,359.0,111.43030756060203,1091,2025-12-08 22:53:05+00:00,2044.6284403669724,4.370919449720343,0.0,12.0,2.9854205885999816,171.49116035028104,0.0,358.8999938964844,112.13394713853876,2469.0,2025-12-09 05:16:35+00:00,614.8800648298217,-23010.0,10.0,0.92,0.41,0.28,fishing,fishing,fishing,fishing,0.5961503982543945,0.8433499336242676,False,False
bf76296b-5228-4772-9cf4-9fb8238b0de8,0331c3f0-6134-49e9-80d8-777aef4317ad,4.834957259648249,0.0,11.300000190734863,3.4604761865938456,212.6722483858115,0.0,358.8999938964844,93.26229208574439,2340,2025-12-09 06:10:19+00:00,636.6361693031209,3.361323712345486,0.0,10.100000381469727,2.8960016906708104,194.43208480121103,0.0,358.79998779296875,104.65198664023758,967.0,2025-12-09 04:26:28+00:00,3196.8146997929607,6231.0,6.0,0.26,0.62,0.18,fishing,fishing,transiting,transiting,0.7327088713645935,0.9360256195068359,True,True
65c4acf7-7690-44be-a5c6-a1d409dc6650,39264e9b-a0a1-480f-a2ce-927a6316491a,2.924057562371449,0.0,11.899999618530273,2.605257677138643,166.4121523511152,0.0,359.0,95.63538245300461,2918,2025-12-09 04:44:23+00:00,434.1600959890298,2.852765379897273,0.0,11.300000190734863,2.551630888628173,168.27016600696916,0.20000000298023224,356.0,92.12696845787889,2242.0,2025-12-09 15:00:04+00:00,308.5350290049085,-36941.0,66.0,2.26,2.94,1.3,fishing,fishing,fishing,fishing,0.6551773548126221,0.9644066691398621,False,False
389478bf-4209-4231-a195-b3ea8b44ed98,2582e5cf-efcd-4aa2-a7cd-aad6559a1e00,2.9766708225036567,0.0,102.30000305175781,2.7847882283651666,191.02946797072738,0.0,359.0,107.08515358892573,2409,2025-12-09 03:04:41+00:00,800.5232558139535,2.943637233118887,0.0,9.100000381469727,1.5288029602347555,195.2973959508914,0.0,359.0,103.71539255086495,2161.0,2025-12-09 04:09:14+00:00,1278.5324074074074,-3873.0,19.0,0.79,0.88,0.42,fishing,fishing,fishing,fishing,0.5825700163841248,0.7429796457290649,False,False
46520d93-19fc-4ca2-827a-c09632e089b8,be936688-f10b-452e-963a-d19fd461c873,1.9575594469550588,0.0,102.30000305175781,3.2423813299641915,202.85753235726,0.4000000059604645,358.8999938964844,103.3986884347052,2229,2025-12-09 09:22:21+00:00,926.9322262118492,1.4505958512176815,0.0,8.199999809265137,1.9281085777855578,200.0103449560193,0.0,358.1000061035156,105.89505754720844,2937.0,2025-12-09 07:01:36+00:00,107.77963215258856,8445.0,22.0,0.99,0.75,0.43,fishing,fishing,fishing,fishing,0.7952385544776917,0.7561815977096558,False,False
97aa2e5e-10da-4438-b850-632e58d688aa,218d9e9b-47c8-4455-aa0b-973fe740e36f,3.8973070071672407,0.0,11.800000190734863,2.5080037236230206,192.86810852708044,0.0,358.6000061035156,107.80266230514216,557,2025-12-09 17:44:28+00:00,4319.489208633094,3.8285101991613963,0.0,10.800000190734863,2.746961189196459,178.26613134414055,0.0,359.0,107.59376002464118,933.0,2025-12-10 02:23:10+00:00,1082.0954935622317,-31122.0,1.0,0.18,0.11,0.07,fishing,fishing,transiting,moored,0.6340018510818481,0.729972243309021,True,True
a9de7872-de36-4aad-b788-388318fb9efc,,4.487704912927307,0.0,8.0,2.6331029471333474,177.52852455602317,0.800000011920929,358.6000061035156,92.00243753003566,610,2025-12-09 19:45:18+00:00,3027.4137931034484,,,,,,,,,,,,,,,,,transiting,transiting,missing,missing,0.9381935596466064,,True,True
62b50ae5-c1aa-4907-9328-0817a242fa76,d95d6a24-f304-4d24-94bc-10e8c67a763b,3.874216870878937,0.0,10.699999809265137,1.7293168739224614,199.224280571921,0.0,358.6000061035156,100.60720008460201,2905,2025-12-08 02:56:41+00:00,1014.4662534435262,3.8878344195710954,0.0,10.800000190734863,2.0999263933086096,195.33725051276727,0.0,359.0,99.49756156183948,2729.0,2025-12-07 23:40:20+00:00,664.7895894428152,11781.0,28.0,0.96,1.03,0.5,fishing,fishing,fishing,fishing,0.8720550537109375,0.9330481886863708,False,False
e268d42e-2be9-425b-a7a8-6287d8b01cca,b111cd3d-e2c7-4b5a-8aee-2662da5a3cb2,3.7064310094148074,0.0,9.100000381469727,2.7275483140260484,220.6489676694742,0.0,358.8999938964844,101.99735705272984,2348,2025-12-06 23:24:14+00:00,1055.36642522369,3.839783157653069,0.0,9.100000381469727,2.73808145075716,220.1521877837727,0.0,359.0,103.85499212248386,2398.0,2025-12-07 00:46:33+00:00,435.2845223195661,-4939.0,93.0,3.96,3.88,2.0,fishing,fishing,transiting,transiting,0.5123791098594666,0.9337999820709229,True,True
26a783fb-f025-4651-b865-1beebcec3e98,3f503d37-8acf-4377-82d7-169e7ae8061a,3.0357651861771955,0.0,10.899999618530273,3.1123873941035853,196.70266681315044,0.0,359.0,113.96859234905092,2947,2025-12-06 19:40:40+00:00,97.27834351663272,2.8919587978613133,0.0,10.600000381469727,3.052887373718288,180.51899015989588,0.0,359.0,104.05289155203994,970.0,2025-12-06 20:55:49+00:00,2324.5562435500515,-4509.0,5.0,0.17,0.52,0.13,fishing,fishing,transiting,transiting,0.7648155093193054,0.6021276712417603,True,True
a41f3e8c-9a7a-4675-a936-3a4b48ef174a,8d7aa816-9bdf-4ad8-a26a-bb334e149185,2.5806934065726805,0.0,12.5,4.1555447468293485,189.39019745980866,0.0,358.8999938964844,95.71128583308877,1471,2025-12-09 12:26:33+00:00,2242.8727891156464,5.449672816784477,0.0,12.600000381469727,4.893435481258252,178.59142717165162,0.0,358.79998779296875,93.51622792028482,1528.0,2025-12-09 16:13:32+00:00,893.8958742632612,-13619.0,28.0,1.9,1.83,0.94,transiting,transiting,transiting,transiting,0.6269829273223877,0.8786506056785583,False,False
92adbc64-1b13-4e46-9b0b-e8d0c1cacbb4,d1cdf841-ff11-48e3-b1d9-137e14ee72fc,5.166507564894055,0.20000000298023224,9.800000190734863,2.0159001697781074,182.87961128931553,0.10000000149011612,359.0,102.61120424669481,1257,2025-12-07 21:43:04+00:00,1324.5183121019109,4.7900692256834,0.0,9.199999809265137,1.926579229355759,185.83424026128196,0.0,359.0,107.89664860969606,3323.0,2025-12-08 02:25:03+00:00,353.64449127031907,-16919.0,19.0,1.51,0.57,0.42,fishing,fishing,fishing,fishing,0.8569908738136292,0.8501230478286743,False,False
8010196f-2a48-48bf-aaa0-cb084523dfc5,4e02355f-cd1d-4d34-912a-c336ebe6d788,4.735455173769587,0.0,13.100000381469727,5.1882179926363525,189.59060018895062,0.0,359.0,117.41244126059745,2922,2025-12-08 21:31:50+00:00,336.0592262923656,2.4225256240408575,0.0,12.899999618530273,3.353989657657077,202.841588471518,0.0,358.79998779296875,106.03459150384181,1465.0,2025-12-09 01:50:42+00:00,929.1564207650273,-15532.0,12.0,0.41,0.82,0.27,fishing,fishing,transiting,transiting,0.8326379060745239,0.6184580326080322,True,True
3ce45162-0b68-4648-ac42-438ea8ad2678,acc8176f-2d1f-4695-be1a-e8ae14596151,1.581971153540148,0.0,8.399999618530273,1.362934203657868,171.42314859316437,0.10000000149011612,359.0,102.5329469022892,2912,2025-12-09 03:14:34+00:00,545.6530401923737,1.4910577598884027,0.0,8.399999618530273,1.3493188606607913,169.43117810403214,0.0,359.0,102.52377224565573,2874.0,2025-12-09 02:30:06+00:00,503.4521406195614,2668.0,445.0,15.28,15.48,8.33,fishing,fishing,fishing,fishing,0.8651120066642761,0.8616165518760681,False,False
42cf6011-6917-466a-8c03-916a64607b23,96a29b01-4ebd-45ee-97a7-7bbbb1ce1e5b,4.778958186251893,0.5,12.300000190734863,2.068697445510696,178.189883344831,0.10000000149011612,358.3999938964844,96.97950433325889,2918,2025-12-09 21:56:35+00:00,221.34761741515254,5.729882269210267,0.5,12.399999618530273,3.013570002021643,212.4913090784464,5.5,355.0,84.47211844326573,2888.0,2025-12-09 22:10:07+00:00,104.39937651541392,-812.0,59.0,2.02,2.04,1.03,fishing,fishing,fishing,fishing,0.8495234847068787,0.8733042478561401,False,False
e106b835-2423-4465-b9f7-6771bcfc4f41,f6c0475f-8c56-4d93-b058-e33600adcfe5,3.2853006803511513,0.0,9.0,1.9954728662353498,192.8235794605486,0.0,358.0,99.9092052808121,1796,2025-12-09 06:02:05+00:00,2324.597771587744,3.1088249938465338,0.0,8.899999618530273,1.8616974366827594,191.9005874850332,0.6000000238418579,358.3999938964844,90.36211157209833,2051.0,2025-12-09 13:50:02+00:00,1575.459512195122,-28077.0,434.0,24.16,21.16,12.72,fishing,fishing,fishing,fishing,0.7619141936302185,0.8833009004592896,False,False
77c53a13-57c5-4cd7-b29b-8dbb4afa8b45,821bdefc-8be2-45a7-9e9e-f552846ab77d,9.752803139908256,0.0,14.600000381469727,4.207943207781168,105.58893995948564,0.20000000298023224,358.8999938964844,80.07665724931616,1534,2025-12-09 06:19:27+00:00,533.4774951076321,4.910135700341466,0.0,12.5,4.8969828513884766,135.92415882972833,0.0,359.0,105.50549694999883,1401.0,2025-12-09 09:51:23+00:00,226.4742857142857,-12716.0,18.0,1.17,1.28,0.62,fishing,fishing,fishing,fishing,0.9280350208282471,0.8502898812294006,False,False
9e4b9fa6-53ab-4b89-b027-80c7cbba61a9,43b26fe7-6f04-49be-8441-ce89086ccb77,3.6020816756252816,0.0,9.899999618530273,3.6362638303094657,154.48946507531608,0.0,357.3999938964844,95.53864766563295,2498,2025-12-09 11:49:50+00:00,1315.451341609932,4.9278154969148,0.0,10.100000381469727,3.309487229312119,172.9403026734502,0.0,357.3999938964844,89.94442962360935,2211.0,2025-12-09 05:41:50+00:00,1358.9837104072399,22080.0,1073.0,42.95,48.53,29.51,transiting,transiting,fishing,fishing,0.8497326374053955,0.8945186734199524,True,True
6ddb23ae-edc3-4e97-89f4-e9ecfe1107fe,54beb7b1-c6a0-4342-bdc7-52f9e6b5105a,2.7606144331943425,0.0,11.899999618530273,3.318023576341902,198.54518146762987,0.4000000059604645,358.20001220703125,76.75884136462803,2897,2025-12-10 00:14:17+00:00,392.86084254143645,2.7806352496737503,0.0,11.600000381469727,3.334662920254401,205.18247945143082,0.20000000298023224,358.29998779296875,69.35781393817594,2928.0,2025-12-10 01:12:07+00:00,103.06491288008199,-3470.0,21.0,0.72,0.72,0.36,fishing,fishing,fishing,fishing,0.8572230935096741,0.8715209364891052,False,False
aedb3213-0457-4f18-af3e-a208a3ce2b67,ada22429-3f91-48de-a304-becf2b28bc33,3.603429900433296,0.0,9.699999809265137,1.4795716050015244,216.69665306887165,0.0,359.0,105.04662704298873,3003,2025-12-10 00:28:14+00:00,599.6898734177215,3.5941084520434874,0.0,9.300000190734863,1.5921664438851608,227.9676461086521,0.0,358.79998779296875,108.13363768580037,1918.0,2025-12-10 00:30:36+00:00,1294.3844548774127,-142.0,135.0,4.5,7.04,2.82,fishing,fishing,fishing,fishing,0.8041825294494629,0.9731350541114807,False,False
2e024b1f-b907-4b25-9753-000269d09e3e,bab7de40-42e4-4efa-9519-c82e9dfdee08,5.0949004522615535,0.0,10.399999618530273,3.0064329795769313,180.94987613903336,0.10000000149011612,359.0,87.60176152644614,2863,2025-12-06 20:56:45+00:00,411.25087351502447,5.80570885023918,0.0,10.199999809265137,2.918355899396882,197.33941649684039,0.0,359.0,99.74788472345143,3153.0,2025-12-06 19:15:39+00:00,194.73381979695432,6066.0,46.0,1.61,1.46,0.77,fishing,fishing,fishing,transiting,0.8538755774497986,0.893746554851532,True,False
cd7cf3ac-899c-4908-8ef8-eacbe3af1f45,b6074b96-9aeb-4fff-9314-0c2bb23fcc9b,5.956926849002759,0.0,10.899999618530273,2.8946972727605815,177.59258310670964,0.0,359.0,107.61989064481213,2447,2025-12-07 08:48:30+00:00,408.3765331152903,5.792764157016874,0.0,10.300000190734863,2.446333445434875,151.79167315036176,0.0,359.0,142.58921134403366,2612.0,2025-12-07 10:14:44+00:00,83.30486403676753,-5174.0,44.0,1.8,1.68,0.88,fishing,fishing,fishing,fishing,0.803543210029602,0.8580870032310486,False,False
ea4f8c44-5442-405f-8855-377b7fc00713,8e6d8966-20b1-4db1-9d75-c19d5b66d612,3.7606424289602707,0.0,10.600000381469727,2.1931568721682946,167.4382879131586,0.0,359.0,110.8034877001672,2584,2025-12-09 16:08:15+00:00,740.8765001935734,3.615257670709956,0.0,9.899999618530273,2.047427185307605,166.23879517455703,0.0,359.0,107.20687389413267,2484.0,2025-12-09 23:25:04+00:00,796.0918244059606,-26209.0,128.0,4.95,5.15,2.59,fishing,fishing,fishing,fishing,0.8091928958892822,0.6165526509284973,False,False
eb4a07d8-5825-4169-b3b2-1237d7a3d1d1,639e7650-2c23-4d44-8a64-8ea46afc6e25,2.9281175329767075,0.0,10.300000190734863,1.670971246980342,203.83591511671347,0.0,358.0,92.86034749352407,2927,2025-12-09 10:13:34+00:00,978.4401913875598,2.8187915186458334,0.0,10.300000190734863,1.6967780151364475,200.94503940832305,0.0,349.0,96.41742647812919,3012.0,2025-12-09 14:52:21+00:00,800.259050149452,-16727.0,422.0,14.42,14.01,7.65,fishing,fishing,transiting,transiting,0.806743323802948,0.6571192741394043,True,True
6c10be41-4138-4be8-b2ae-dda166b49cbc,620d7199-04d8-444c-8a44-0df594971098,0.8617206018803246,0.0,10.199999809265137,2.0023432956824596,189.62194386757423,0.0,358.3999938964844,80.08002814142252,1267,2025-12-08 02:47:36+00:00,1778.1816745655608,0.460392026778974,0.0,9.399999618530273,1.413168284010737,235.2147058313356,0.0,358.3999938964844,70.97671575934997,2959.0,2025-12-08 02:53:26+00:00,637.6433400946586,-350.0,14.0,1.1,0.47,0.33,fishing,fishing,fishing,moored,0.7974513173103333,0.8668684363365173,True,False
fb599cd0-6371-424b-9922-363d0cd44fdc,e0e66814-87d9-4b25-bf8a-01fb6397014f,2.277719216550659,0.0,10.399999618530273,3.296624694211621,203.65112818197397,0.0,359.0,108.40246883009453,2087,2025-12-06 22:16:09+00:00,773.5920421860019,2.226989620712595,0.10000000149011612,10.5,3.217447388842986,229.02028382596114,1.0,358.0,94.1009424272946,2890.0,2025-12-07 05:30:02+00:00,386.59466943579093,-26033.0,34.0,1.63,1.18,0.69,fishing,fishing,fishing,fishing,0.8494442105293274,0.8530577421188354,False,False
42c5c44e-6e4c-4a43-91b7-63e3888bc217,6409a3df-d7da-45d5-84d9-f1331c1fba99,3.00115059785381,0.0,10.399999618530273,2.0055133993831338,215.27301412664283,0.10000000149011612,359.0,98.25497674338254,2955,2025-12-09 22:53:56+00:00,789.6848341232228,2.918516018437418,0.0,9.800000190734863,1.6171717461867674,222.91202226231155,0.0,358.79998779296875,92.95391576687192,2938.0,2025-12-09 12:40:01+00:00,113.9056860742254,36835.0,29.0,0.98,0.99,0.49,fishing,fishing,fishing,fishing,0.8882890939712524,0.8091394305229187,False,False
8f4ef6b8-ea01-4bd6-805a-0d65a24fc877,0e2ddd47-6679-43e0-a608-6b64ac767835,3.6688073531203313,0.30000001192092896,10.5,1.9161704072119126,182.93690096450854,0.0,358.70001220703125,93.56266661951625,545,2025-12-09 10:27:20+00:00,4807.086397058823,2.349896350500908,0.0,20.899999618530273,2.967232014282904,132.6626220966396,0.0,359.0,126.8948265425461,1447.0,2025-12-08 22:28:34+00:00,1271.6410788381743,43126.0,1.0,0.18,0.07,0.05,fishing,fishing,transiting,transiting,0.803117036819458,0.9010570645332336,True,True
4ad88001-4744-420a-b9f0-bb4f01cb3169,1f852af5-53c3-4ed1-952f-03dd76b0009d,5.273292362466047,0.10000000149011612,9.5,2.41485856810487,174.46707735205558,0.10000000149011612,359.0,88.26817678376108,1464,2025-12-09 10:53:07+00:00,1086.8113465481886,5.776809128320794,0.0,9.199999809265137,2.3679868609095776,179.17092565795951,0.0,358.8999938964844,87.51072106564293,3510.0,2025-12-09 13:30:07+00:00,341.37104588201765,-9420.0,16.0,1.09,0.46,0.32,fishing,fishing,fishing,fishing,0.8719044327735901,0.9055364727973938,False,False
113cba70-5365-424b-9ddf-60f42a482d5e,ffbfc44e-50ae-4e9e-91d7-d2bfc8d8cd7f,3.7427370517634273,0.0,14.199999809265137,4.188078240401006,161.60030360725742,0.0,358.8999938964844,114.69391565957103,2974,2025-12-09 10:54:26+00:00,635.0006727211571,4.530139015951706,0.10000000149011612,12.699999809265137,2.973777850399189,141.53378386129668,0.0,359.0,109.05945303739652,3381.0,2025-12-08 11:44:47+00:00,226.91420118343194,83379.0,34.0,1.14,1.01,0.54,fishing,fishing,fishing,fishing,0.6737189888954163,0.8990013003349304,False,False
6c823732-55f1-480e-ad16-91a698fb5733,238173d1-9123-4264-8116-0c18c947b8e1,3.205732053294984,0.0,102.30000305175781,5.746350921182584,155.83352951482738,0.0,358.6000061035156,100.88691351701702,2896,2025-12-09 23:36:57+00:00,456.06873920552675,3.7233651590909838,0.0,102.30000305175781,4.242850172912962,156.7487424350549,0.30000001192092896,359.0,95.69401147040794,2829.0,2025-12-09 23:44:53+00:00,288.2892503536068,-476.0,39.0,1.35,1.38,0.69,fishing,fishing,transiting,transiting,0.8812686800956726,0.7972644567489624,True,True
cf31cbcc-df1e-406a-bec8-76cd281fe71a,1428c940-7ee1-49a5-b1a0-317eed8c6f95,2.7832144877157625,0.0,7.800000190734863,1.4637339974409984,173.91873302535248,0.10000000149011612,359.0,112.6361473205268,1823,2025-12-06 21:11:57+00:00,1219.7167947310647,2.5431439542888916,0.0,7.900000095367432,1.203423804540494,195.80700798449584,0.0,359.0,110.3099072674024,2640.0,2025-12-07 02:54:01+00:00,371.12694202349377,-20524.0,69.0,3.78,2.61,1.57,fishing,fishing,fishing,fishing,0.9118636250495911,0.86739182472229,False,False
1695fcd9-5d13-4566-83cd-4fab2fe35869,de9029a9-c0db-48cd-a9ad-f1cd3aedf32b,2.0883736845691416,0.0,10.199999809265137,2.70009433687598,194.67346794985156,0.0,359.0,110.54980679597824,2933,2025-12-09 15:45:19+00:00,75.7418144611187,2.297688271579686,0.0,10.300000190734863,2.8831669884614515,181.44619612539253,0.0,358.70001220703125,100.1031068203905,1514.0,2025-12-09 23:53:36+00:00,1267.685393258427,-29297.0,23.0,0.78,1.52,0.52,fishing,fishing,fishing,fishing,0.8523567318916321,0.5343394875526428,False,False
fdfb18a6-c08a-48dd-9c70-7c60bcc243e8,86f13be2-62ba-4fcc-826f-75151758ce1e,3.2508799258318746,0.0,10.0,3.1648222307880176,188.26536580250374,0.0,357.3999938964844,101.97421628661732,1932,2025-12-09 09:30:22+00:00,1380.9937856033143,3.906426512430392,0.0,10.199999809265137,3.083213156065225,180.0342415274664,0.0,358.6000061035156,97.52871001691734,2054.0,2025-12-08 22:26:52+00:00,620.7467121285923,39810.0,5.0,0.26,0.24,0.13,fishing,fishing,fishing,fishing,0.7580212354660034,0.7944859862327576,False,False
a1ef2186-90a8-4a9b-b90b-c2af0640d6b6,6cbc6e37-5513-48db-8179-9c2e78ab4233,6.321900103880087,0.0,13.0,4.165242387451763,214.39590811946252,0.0,358.8999938964844,111.89456980547895,2863,2025-12-09 19:38:41+00:00,404.44129979035637,1.640224851198123,0.0,12.199999809265137,2.9841603087841535,193.76347297545533,0.10000000149011612,358.5,108.89320191231738,2046.0,2025-12-09 05:16:12+00:00,682.9085574572127,51749.0,7.0,0.24,0.34,0.14,fishing,fishing,fishing,moored,0.8201547265052795,0.6728681325912476,True,False
1d6d454a-0053-4704-92e0-cf6b5a506b43,3d67469d-30d8-40d8-9d94-cea1181d1de4,5.911819601005659,0.10000000149011612,12.399999618530273,3.6485848673113854,199.4090202177294,0.0,359.0,80.0195056734429,1286,2025-12-09 10:48:28+00:00,1227.5821011673152,5.958407995576677,0.10000000149011612,12.199999809265137,3.95865959929599,190.72570640937283,0.0,359.0,92.23392405586539,2902.0,2025-12-09 03:46:34+00:00,410.6952774905205,25314.0,11.0,0.86,0.38,0.26,fishing,fishing,fishing,transiting,0.871345043182373,0.7978355884552002,True,False
d13262dc-5608-4b25-8c8d-85f957f43e78,5859f190-01c6-496b-b38b-8f1462e4827e,3.0115146161551176,0.0,9.0,1.5128792015971904,158.82721655308566,0.5,358.20001220703125,98.18422380772114,1129,2025-12-09 17:11:13+00:00,2804.2863475177305,2.9006727387665006,0.0,10.0,1.2027826131450738,166.83491727027834,1.2000000476837158,358.8999938964844,89.44669479205224,2527.0,2025-12-08 22:01:50+00:00,797.7767220902613,68963.0,37.0,3.28,1.46,1.02,fishing,fishing,fishing,fishing,0.7092158794403076,0.909033477306366,False,False
cf1777b3-63d5-4e8c-88a0-ca6cda6a9891,29114e84-76a1-46fb-967c-e2ce8c8cc191,3.440358752747288,0.0,12.600000381469727,3.8878815480690987,177.04149447426428,0.10000000149011612,359.0,110.74025268059236,1115,2025-12-09 16:45:19+00:00,2238.6633752244165,2.478071976253271,0.0,13.0,3.745905558279401,188.33292564603747,0.4000000059604645,358.70001220703125,113.79446921399216,1473.0,2025-12-09 21:55:20+00:00,1057.749320652174,-18601.0,9.0,0.81,0.61,0.35,fishing,fishing,transiting,moored,0.7134318351745605,0.550983190536499,True,True
33e44b76-836c-4c1d-8329-86cef82ad325,82e48cab-c1b1-4b0a-8144-009b38bf1149,6.7226673141267455,0.0,11.600000381469727,4.123311180979238,168.949902008128,0.0,358.5,94.80997575053074,2047,2025-12-07 01:11:47+00:00,74.19257086999022,5.511101463373255,0.0,11.399999618530273,4.1472766140037285,154.53117465022984,0.0,358.8999938964844,101.50773493386428,1144.0,2025-12-07 07:19:35+00:00,5809.646544181977,-22068.0,5.0,0.24,0.44,0.16,fishing,fishing,fishing,transiting,0.9087313413619995,0.9663814902305603,True,False
7f3c1501-9934-48a5-a39a-4d29f8c1f690,,2.416335352537904,0.0,8.0,2.0980179447986185,166.93093616950554,0.20000000298023224,358.79998779296875,99.0134411225797,1157,2025-12-09 18:21:29+00:00,2240.409169550173,,,,,,,,,,,,,,,,,fishing,fishing,missing,missing,0.6324343085289001,,True,True
7de20d4b-aa2c-42a8-9271-e3ca439d53bd,,4.4870129975341095,0.0,11.0,2.905126825497855,178.92712218914758,0.0,358.8999938964844,100.79342476991711,1155,2025-12-09 09:05:43+00:00,2613.2261698440207,,,,,,,,,,,,,,,,,fishing,fishing,missing,missing,0.5267686247825623,,True,True
9259e142-add0-4270-837d-0b38f6936751,20222c76-ef96-4399-a23f-a8b4fc2f4d72,2.6051422303513965,0.0,9.199999809265137,1.4077806951032183,165.04811130181784,0.0,359.0,114.01173415695862,914,2025-12-07 22:30:54+00:00,3165.10843373494,2.5530000150410666,0.0,8.699999809265137,1.2826987929769245,150.10033817918514,0.0,359.0,102.82879870945665,1800.0,2025-12-07 11:19:05+00:00,681.3474152306837,40309.0,4.0,0.44,0.22,0.15,fishing,fishing,fishing,fishing,0.6969605684280396,0.8877006769180298,False,False
55528cb5-9f0d-4723-8487-69925864c7ee,d0d8ae9b-3660-4f45-ab6e-b94e41d52d25,5.684791674232111,0.0,9.899999618530273,2.348966263719082,155.48643981250325,0.20000000298023224,358.8999938964844,95.78020130192577,1920,2025-12-08 07:38:15+00:00,804.5544554455446,6.041764084047833,0.30000001192092896,9.699999809265137,2.269833291359074,153.18546558209601,0.0,359.0,91.77825465853502,3764.0,2025-12-08 06:34:46+00:00,298.4445920807866,3809.0,43.0,2.24,1.14,0.76,fishing,fishing,fishing,fishing,0.8958480358123779,0.8656910061836243,False,False
9f6ade6d-c48b-44de-b529-ddad649773b3,287ae3e1-fd6e-471a-9958-470450650d81,4.0775923115485355,0.0,10.699999809265137,3.571849090783406,164.11352592564387,0.10000000149011612,359.0,105.69267195482007,1977,2025-12-08 03:13:41+00:00,718.8674089068826,5.381282874582485,0.0,10.600000381469727,3.764902172122279,128.25744905685633,0.0,359.0,102.64567122399579,2853.0,2025-12-08 03:44:17+00:00,141.86816269284714,-1836.0,17.0,0.86,0.6,0.35,fishing,fishing,fishing,fishing,0.8111843466758728,0.8932532072067261,False,False
d8d9e31c-5305-49bb-9daf-50a3851c6bfe,2038da22-1180-4601-b832-85dc6fa10567,3.4287953122968653,0.0,10.5,1.4424969602479707,206.01085986708165,0.0,359.0,114.52416333587527,1021,2025-12-08 18:05:47+00:00,2765.3049019607843,3.601267629232205,0.0,102.30000305175781,3.100323739628095,206.88056875254878,0.0,359.0,94.57958193557381,1420.0,2025-12-08 06:38:25+00:00,849.8872445384073,41242.0,1.0,0.1,0.07,0.04,fishing,fishing,fishing,fishing,0.8200034499168396,0.8107577562332153,False,False
8a3c1495-ccd9-44b4-b9a1-a818c4f1cd52,0fcf77d8-0586-49c6-8823-c386a38f073e,3.7928316986730666,0.0,9.899999618530273,2.3455663143751835,173.76363643945433,0.0,358.5,99.92245267713125,2246,2025-12-09 02:15:43+00:00,998.5042316258352,3.880789481515163,0.0,9.699999809265137,2.4175418627902023,178.5977805261777,0.0,359.0,100.47361732587056,2660.0,2025-12-09 03:35:03+00:00,894.5802933433622,-4760.0,284.0,12.64,10.68,6.14,fishing,fishing,fishing,fishing,0.7978307604789734,0.7757176756858826,False,False
2c6b7e0b-4d98-4eab-a682-b008b6970589,6cacda10-53ec-49a6-bccc-037ce45a703d,2.066974855014316,0.0,9.800000190734863,2.6759753104250494,165.37951224527453,0.0,358.3999938964844,112.93970916241395,2704,2025-12-08 23:02:06+00:00,841.6644469108398,1.765079379336249,0.0,8.899999618530273,2.516338495752445,124.804114284875,0.0,358.6000061035156,116.75615951492146,2898.0,2025-12-08 20:50:11+00:00,229.54332067656196,7915.0,56.0,2.07,1.93,1.01,fishing,unknown,fishing,fishing,0.5572308897972107,0.7774834632873535,True,False
77f0fb43-51cf-4a3b-abaf-652cb36477ce,14154041-174c-4f43-a3d0-12c0b1913208,9.277194793086974,2.200000047683716,11.0,0.7584025556832744,106.68251026347177,71.5,275.70001220703125,8.852497994646768,2916,2025-12-09 09:35:18+00:00,444.72830188679245,9.424247097570156,0.699999988079071,11.0,0.6889774967943988,105.07951088737184,22.100000381469727,276.1000061035156,13.730615191746914,3885.0,2025-12-09 12:15:58+00:00,214.86096807415035,-9640.0,33.0,1.13,0.85,0.49,fishing,fishing,fishing,fishing,0.8974989652633667,0.8790480494499207,False,False
24e78600-7e77-4680-9a2b-46e2a49ed4dc,0df86d4c-62ea-4d0f-a907-092a4bc00d72,4.177208367340764,0.0,9.800000190734863,2.198835673488545,209.46354688482083,5.800000190734863,358.79998779296875,92.13557287049184,1483,2025-12-09 16:59:39+00:00,1819.8684210526317,3.6314100292908083,0.0,9.600000381469727,1.974407954800237,197.41041764137248,0.0,358.3999938964844,93.56581863214365,2617.0,2025-12-09 13:40:05+00:00,231.87920489296636,11974.0,6.0,0.4,0.23,0.15,fishing,fishing,fishing,fishing,0.7035776972770691,0.8577697277069092,False,False
8be070df-dac2-47b3-adf7-00abe2a9489d,19232e6a-4bdb-4115-bf99-9ac85c11dae6,4.597639840545487,0.0,13.199999809265137,3.6947014879936595,176.77537211650397,0.0,358.3999938964844,87.58087378538443,3093,2025-12-08 08:05:17+00:00,427.73091849935315,6.267390602219295,0.20000000298023224,12.300000190734863,3.4090090733588325,168.02010229285267,0.0,359.0,93.87465431913895,2947.0,2025-12-08 08:30:18+00:00,112.8143245078072,-1501.0,36.0,1.16,1.22,0.6,fishing,fishing,fishing,fishing,0.5251913070678711,0.6357381343841553,False,False
7015c55b-b461-41c5-9710-5205bf302c2d,28175466-55c0-42db-9dd3-b0d708f591b1,3.38496754530004,0.0,9.199999809265137,1.4770583977972902,204.72849777565253,0.0,358.0,99.47826982248412,2927,2025-12-09 04:12:33+00:00,980.5509227614491,3.104124527824644,0.0,9.0,1.4079566380103012,204.845092972345,0.0,359.0,98.79333178075312,2570.0,2025-12-09 21:00:17+00:00,1439.3394316854808,-60464.0,406.0,13.87,15.8,7.97,,,fishing,fishing,,0.9288257360458374,True,True
162386a7-9a95-48dc-8401-27494331bf0a,a2c1ac2a-3c5b-4ba1-b57f-50034c6ffe55,3.510813892129374,0.0,10.899999618530273,2.207493271771078,161.6903672449872,0.0,359.0,109.36057998340914,1757,2025-12-09 00:48:07+00:00,1541.9105922551253,3.018480597298419,0.0,11.199999809265137,1.7427843051371377,166.73777585496487,0.0,359.0,101.91877970093631,2343.0,2025-12-09 01:11:06+00:00,271.2929120409906,-1379.0,8.0,0.46,0.34,0.2,fishing,fishing,fishing,fishing,0.7242448329925537,0.8610084056854248,False,False
4d180c8a-cf57-48e1-8b2d-4c72b17d93e0,d4a0646d-4780-43c0-b149-b77385854163,4.622316653498704,0.0,12.5,3.0534519723189306,201.65961214522292,0.0,358.3999938964844,105.73767344611224,2236,2025-12-09 07:04:48+00:00,1067.7328859060403,4.531028686684963,0.0,12.0,2.8184737087792957,215.6748210904435,0.0,358.70001220703125,110.37251236710394,2965.0,2025-12-09 16:30:28+00:00,453.137314439946,-33940.0,44.0,1.97,1.48,0.85,fishing,fishing,transiting,transiting,0.5346527695655823,0.9390721917152405,True,True
efe66daa-196a-4f8c-bdac-2048302a327d,b22ce1a8-5d22-41a1-82e5-218e7cac5e1e,5.652049911293116,0.10000000149011612,9.600000381469727,2.312281799029994,170.05041635757607,0.30000001192092896,358.70001220703125,89.44184598225647,1683,2025-12-08 17:55:51+00:00,890.7883472057075,5.704251150667004,0.0,9.899999618530273,2.43749502853693,188.64634531983506,0.30000001192092896,358.70001220703125,86.08030909991648,3058.0,2025-12-07 19:00:04+00:00,335.9149492966961,82547.0,51.0,3.03,1.67,1.09,fishing,fishing,fishing,fishing,0.8463829159736633,0.8762921690940857,False,False
48935cd7-fd0c-4374-b2c4-33f15897d170,51736e48-d8f7-444e-ae98-0ff38d8f3ed4,3.704209065338757,0.10000000149011612,10.199999809265137,2.912729701349811,160.35940550468408,0.20000000298023224,358.8999938964844,108.1141209714914,2162,2025-12-08 08:17:42+00:00,843.6756131420639,3.139207787794249,0.0,9.5,2.404499681571459,154.61136122318126,0.0,359.0,98.36570298816835,2979.0,2025-12-08 03:45:06+00:00,71.76897246474144,16356.0,20.0,0.93,0.67,0.39,fishing,fishing,fishing,fishing,0.8228499293327332,0.849640965461731,False,False
452f8685-7e32-4511-8880-bc0774047b1a,61fd6d21-abcf-4efc-9f53-b48c6b783d62,0.8075167794130592,0.0,9.300000190734863,2.014010316901323,170.793210653865,0.6000000238418579,358.8999938964844,105.69927284720623,2980,2025-12-09 12:38:46+00:00,336.5693185632763,1.4808883050439094,0.0,9.300000190734863,2.542828356606322,104.53378040700409,0.0,359.0,123.50649828074694,2972.0,2025-12-09 11:33:07+00:00,401.4890609222484,3939.0,26.0,0.87,0.87,0.44,transiting,transiting,fishing,fishing,0.6437511444091797,0.5031051635742188,True,True
59b6300b-6815-43b4-9898-b01c0b8b188d,dc3e4261-3597-43d5-a979-31fb3f7f561d,4.011500014786919,0.0,12.399999618530273,3.731915932072473,176.6944720647867,0.0,358.6000061035156,107.50263635701647,600,2025-12-09 14:03:10+00:00,4902.450751252087,4.410297925104486,0.0,12.5,4.165889920336792,182.36135523307243,0.0,358.8999938964844,104.65770147399326,1175.0,2025-12-09 14:16:43+00:00,1121.657580919932,-813.0,3.0,0.5,0.26,0.17,fishing,fishing,fishing,transiting,0.9651798605918884,0.8970385789871216,True,False
8f68b712-f651-4c85-abab-099e72eff905,75ed1650-c6ff-4c3d-9604-2700bebb1558,2.7105442149450583,0.0,10.800000190734863,2.229072123441977,203.10428269951052,0.0,359.0,108.82823973419026,2940,2025-12-06 23:42:31+00:00,319.77203130316434,3.6617280226829823,0.0,10.0,1.3661574911705756,202.66826859108573,0.0,359.0,108.77471514573483,3287.0,2025-12-07 17:11:19+00:00,167.37035909920877,-62928.0,62.0,2.11,1.89,1.01,fishing,fishing,fishing,fishing,0.8447197675704956,0.8009341359138489,False,False
b550d994-542e-45a5-96d7-fd5d296c7760,294af78d-9925-4abd-904a-2aca1a74be23,2.691256070678884,0.0,15.100000381469727,0.8535569226181137,172.74895766203483,0.30000001192092896,359.0,98.01388807562279,2882,2025-12-09 14:24:20+00:00,874.7334258937868,2.624573819679572,0.0,15.100000381469727,0.8104772774358818,174.47220654081846,0.10000000149011612,359.0,97.84368261282131,3109.0,2025-12-09 14:24:18+00:00,783.519305019305,2.0,912.0,31.64,29.33,17.96,fishing,fishing,fishing,fishing,0.8774186372756958,0.9010788798332214,False,False
ba6d898b-8d4d-42cf-aa7c-f0ff8777ace3,1f828bc1-eee7-4209-8d6f-b0d48c2f4bf6,1.315709781637327,0.0,12.0,1.8577443723282603,174.6327838122103,0.0,359.0,108.47673197477661,3170,2025-12-08 08:33:33+00:00,72.79930577469233,1.7393384896620734,0.0,12.0,2.0432609454829693,171.7099564674406,0.0,359.0,112.84633777375316,3114.0,2025-12-08 06:48:28+00:00,82.45004818503051,6305.0,101.0,3.19,3.24,1.63,fishing,fishing,fishing,fishing,0.770460307598114,0.787367582321167,False,False
b9c9fc06-683d-415a-a036-47e568ef2f75,65c0fa9a-2654-4d7a-9cc0-c26c3f5210a4,3.0844106452971585,0.0,9.300000190734863,1.9072344189682504,207.60390272375537,0.20000000298023224,358.8999938964844,99.93696530358177,2630,2025-12-07 12:53:30+00:00,780.6892354507418,3.2250086193847256,0.0,9.300000190734863,2.2610858816159505,195.9392593248269,0.10000000149011612,358.79998779296875,103.51752969145224,2907.0,2025-12-07 13:45:07+00:00,139.60461114934617,-3097.0,19.0,0.72,0.65,0.34,fishing,fishing,transiting,transiting,0.9864898920059204,0.610353410243988,True,True
dfc06cba-286e-4c1a-8b18-1060f123f476,10f54323-000b-4639-a558-eb13bbd5326b,3.53620993310022,0.0,12.899999618530273,2.542951511818923,137.31281875849407,0.0,359.0,98.61359788371297,2839,2025-12-09 06:23:15+00:00,495.23467230443975,3.500741932257529,0.0,13.0,2.5714449645715307,125.7736807514829,0.0,359.0,99.26617797461775,3100.0,2025-12-09 00:00:09+00:00,187.87608906098743,22986.0,27.0,0.95,0.87,0.46,fishing,fishing,fishing,fishing,0.773948073387146,0.8551353812217712,False,False
884b7f10-8db9-4fc0-92bb-0b4630dedfe0,4b84fee6-89eb-4a56-bdec-360eb219695b,3.541288784089407,0.20000000298023224,9.5,1.6981300557652137,186.8585871295974,0.0,358.8999938964844,114.54087445780178,838,2025-12-09 09:21:40+00:00,2034.973715651135,4.0240678208296075,0.10000000149011612,9.899999618530273,2.0401060444957633,184.86578603387005,0.10000000149011612,359.0,100.56675827755045,1180.0,2025-12-09 15:58:12+00:00,938.7413061916878,-23792.0,0.0,0.0,0.0,0.0,fishing,fishing,fishing,fishing,0.9087616801261902,0.8879960179328918,False,False
7b718d5a-5e3e-49cf-ae9c-5e8e7931f1a5,d33b5589-206f-4691-a982-f734eba76e73,3.0829735320964318,0.0,9.800000190734863,2.512906248230014,196.2522106641451,0.0,359.0,101.92854594652411,2455,2025-12-08 05:30:32+00:00,1099.6532192339039,3.187508584483999,0.0,10.600000381469727,3.7099279685285933,179.2795859937588,0.0,359.0,127.97784711843305,2922.0,2025-12-08 10:48:52+00:00,250.8777815816501,-19100.0,48.0,1.96,1.64,0.9,fishing,fishing,transiting,transiting,0.9658932685852051,0.9091690182685852,True,True
c99c968f-d475-4292-bc3a-006863dd021c,a4c15632-8615-4f5d-84d8-a6ac60220497,2.642248726198275,0.0,10.399999618530273,2.853243006433328,178.373718290281,0.10000000149011612,358.70001220703125,96.99609529598008,2935,2025-12-09 21:42:08+00:00,38.15678254942058,1.9486045086410193,0.0,9.699999809265137,2.1922904524240088,184.12700120850593,0.0,359.0,109.94058844767927,1469.0,2025-12-10 01:46:06+00:00,867.5742506811989,-14638.0,7.0,0.24,0.48,0.16,fishing,fishing,fishing,fishing,0.7681074142456055,0.670160710811615,False,False
6ece7d2c-fe8e-497b-b5ba-618fc2a08c2e,fef0768d-8bae-4082-81bc-72fcdbe53da0,5.340862944359102,0.20000000298023224,8.800000190734863,2.110386964069866,195.87287957702208,0.0,359.0,101.99701288029505,1970,2025-12-09 10:11:13+00:00,935.8019299136618,5.265115487252605,0.0,8.5,1.924494484856202,187.12022449421607,0.30000001192092896,359.0,99.3789591032312,2944.0,2025-12-09 04:30:56+00:00,299.39551478083587,20417.0,17.0,0.86,0.58,0.35,fishing,fishing,fishing,fishing,0.8880610466003418,0.8322977423667908,False,False
6759f875-df34-4d8c-8b71-1a16dbd4401a,144f5b52-62a9-4529-9409-0110d8aae7a3,4.2646973511719235,0.10000000149011612,11.199999809265137,2.7722650998171776,154.08015409462368,0.0,358.8999938964844,102.0304620898296,2759,2025-12-07 07:05:49+00:00,510.62472806381436,5.05216225118514,0.0,11.199999809265137,2.9818669289521678,145.64463982625782,0.0,359.0,114.22606208547202,2983.0,2025-12-07 08:42:23+00:00,213.32293762575452,-5794.0,31.0,1.12,1.04,0.54,fishing,fishing,fishing,fishing,0.9003617167472839,0.8813822269439697,False,False
6472312c-cebc-487d-9c84-5d6349aa8fe1,d5b36839-3342-4f1c-b8f6-1eb54d818ced,4.52523423438609,0.0,10.199999809265137,2.4802797924893314,183.3633459062131,0.30000001192092896,359.0,110.5404697444555,1601,2025-12-09 10:23:56+00:00,1101.019375,4.115505397027327,0.0,9.5,2.563151335204168,174.05027049343045,0.5,358.8999938964844,108.29736462468755,2038.0,2025-12-09 10:25:01+00:00,1464.7923416789397,-65.0,165.0,10.31,8.1,4.75,fishing,fishing,fishing,fishing,0.5188385844230652,0.987230122089386,False,False
461c5366-e3c8-4d0f-b3c0-6449d41cb5f0,b932d0ee-636a-4c65-a525-c5e090bb1008,10.859661022617908,0.0,16.299999237060547,5.575065648640545,237.46585176670652,0.0,355.3999938964844,50.32511705898486,1180,2025-12-08 09:58:36+00:00,1337.2824427480916,11.513036954990772,0.0,16.100000381469727,4.87476285931732,247.904076420766,26.600000381469727,357.3999938964844,44.03656273466454,2654.0,2025-12-08 09:35:03+00:00,403.11270260082927,1413.0,21.0,1.78,0.79,0.55,fishing,fishing,fishing,fishing,0.8396307229995728,0.9350897669792175,False,False
f330f3f4-17ac-42e6-a212-cb9a2ae00425,3126d6a5-faac-4972-b07b-76f7a01e4ba8,6.764418994012226,0.0,13.100000381469727,4.580533912651949,176.01087462382017,0.0,358.79998779296875,95.06913712496423,3055,2025-12-08 04:42:17+00:00,88.47184020956124,3.259235474304958,0.0,13.199999809265137,4.43689570789549,237.56532772982314,0.0,359.0,105.99038679211282,2956.0,2025-12-08 11:04:19+00:00,204.80846023688665,-22922.0,28.0,0.92,0.95,0.47,fishing,fishing,anchored,anchored,0.8957726359367371,0.6560029983520508,True,True
37adf964-56d5-4925-8120-b5c06a73ae8d,33264f47-0177-4392-8bbb-40bc4a682670,5.458410592475869,0.20000000298023224,102.30000305175781,4.110486091212501,169.21135454284024,0.10000000149011612,358.70001220703125,104.71954902828688,1510,2025-12-07 15:59:18+00:00,1092.3293571901922,4.447167515914109,0.0,12.399999618530273,2.7069898704807014,205.54054046949062,0.0,359.0,100.56537382054218,4113.0,2025-12-07 20:16:38+00:00,217.81322957198444,-15440.0,26.0,1.72,0.63,0.46,fishing,fishing,fishing,fishing,0.6232324838638306,0.9470813274383545,False,False
dbd55f3e-fd3f-41c1-a17e-50e7340218f3,1318cf51-7896-4cfb-b06a-f402a3dccace,2.8989954388645143,0.0,6.900000095367432,1.703815724060167,173.84522166976924,0.0,358.6000061035156,101.18816158776426,1095,2025-12-10 00:52:07+00:00,7094.76142595978,2.634042563807833,0.0,6.900000095367432,1.6795178669869686,179.20411562919617,0.0,358.29998779296875,104.78841749624898,1269.0,2025-12-09 21:29:58+00:00,6221.18690851735,12129.0,605.0,55.25,47.68,34.39,fishing,fishing,fishing,fishing,0.9005764722824097,0.8121680617332458,False,False
763d8a79-b320-434a-b458-2764ee711743,b1cb6162-68f0-46ae-bab9-7dcf1513977a,1.1148560860141516,0.0,5.5,1.8221281131909954,176.71143335250454,0.5,358.1000061035156,95.21176671072463,1077,2025-12-09 05:11:01+00:00,2546.4451672862456,1.0680215246107003,0.0,5.5,1.6852546566807725,163.04732500218032,0.10000000149011612,358.70001220703125,87.72974459160156,1673.0,2025-12-09 11:49:07+00:00,1154.657894736842,-23886.0,6.0,0.56,0.36,0.22,fishing,fishing,fishing,fishing,0.9251992702484131,0.7447184324264526,False,False
aaed7ff3-dde0-4e43-8717-7ec4bd07acf5,af638144-e704-499c-90be-195a06e6b489,1.117201541984437,0.0,9.199999809265137,2.4298292118529004,140.8793324775353,1.0,359.0,134.8245999589719,3116,2025-12-09 06:43:50+00:00,194.42407704654894,0.5070297082879952,0.0,9.199999809265137,1.8896531967488124,81.81188118811882,1.0,359.0,111.74091438944545,3030.0,2025-12-09 05:50:14+00:00,105.1855397821063,3216.0,78.0,2.5,2.57,1.29,fishing,fishing,fishing,fishing,0.6953902244567871,0.5940365791320801,False,False
88d50d98-de80-487d-b853-6d458d659686,b8cf59fe-063e-4324-8a99-311db1893874,3.685631065106797,0.0,9.899999618530273,1.6203147464227625,216.21696345089646,0.20000000298023224,359.0,100.50931826152083,3090,2025-12-08 21:04:11+00:00,754.6273875040466,3.6094249743903606,0.0,10.100000381469727,1.6290012200685706,209.01427591490474,1.2000000476837158,359.0,97.22201952200605,2939.0,2025-12-09 06:12:37+00:00,778.9438393464942,-32906.0,381.0,12.33,12.96,6.75,fishing,fishing,fishing,fishing,0.9753277897834778,0.6419717669487,False,False
24a6f3f1-8c25-4486-ad57-e10ef613fc03,,4.850700953122333,0.0,12.800000190734863,3.8901841805157815,176.27143507835834,0.0,359.0,97.84893984529465,2568,2025-12-09 11:46:43+00:00,1099.9894818854693,,,,,,,,,,,,,,,,,fishing,fishing,missing,missing,0.981981098651886,,True,True
0a600390-6b4e-404d-92e9-edc0303650a3,4803ba4c-13bb-4099-a4d1-7149bda11469,3.3176712335227694,0.0,11.100000381469727,2.840552529206239,161.46963406693038,0.0,359.0,109.02367337245482,2920,2025-12-07 05:24:03+00:00,274.81226447413496,2.756266453684578,0.0,11.100000381469727,3.2347602030700955,173.57394486287293,0.0,359.0,113.06057654730431,1141.0,2025-12-06 19:40:40+00:00,5471.085087719298,35003.0,3.0,0.1,0.26,0.07,fishing,fishing,fishing,moored,0.9331880211830139,0.7289546728134155,True,False
0ceb1058-086c-433d-89bf-0947050de972,e55452cc-9e94-4ab1-a96c-4f569dff5497,1.6316012767748957,0.10000000149011612,11.100000381469727,2.942360200274184,229.3666488283328,0.20000000298023224,357.70001220703125,106.23662833068838,1886,2025-12-07 15:38:02+00:00,1012.0917771883289,0.9214397514440085,0.0,11.199999809265137,2.2274825538756207,269.78613020579985,0.0,359.0,79.57246137300177,3195.0,2025-12-06 17:10:24+00:00,393.55040701314965,80858.0,17.0,0.9,0.53,0.34,fishing,fishing,fishing,fishing,0.8682012557983398,0.8537523150444031,False,False
0758f6f6-1095-425f-9463-3cccd832561a,c3f9d874-b5eb-4208-baf5-29e62420761d,3.186431482949849,0.0,9.5,2.125608718409974,158.91452052013514,0.0,359.0,107.50305319484958,737,2025-12-09 19:46:34+00:00,2847.8152173913045,4.359650636020546,0.10000000149011612,9.300000190734863,2.5839628121702516,160.15093348636844,0.0,359.0,101.50629415934493,1202.0,2025-12-09 09:13:47+00:00,1213.2955870108244,37967.0,5.0,0.68,0.42,0.26,fishing,fishing,fishing,fishing,0.8206283450126648,0.8574435710906982,False,False
86ff743f-c8d0-49ff-bb61-90495872f116,0c775b1f-203d-4314-8372-b1ac74f3b715,2.521514923160927,0.0,8.800000190734863,1.0443764796100405,219.3085035438721,0.0,359.0,104.34253975749888,1241,2025-12-09 14:27:16+00:00,2605.192741935484,2.5027090909729575,0.0,9.0,1.069312604791922,193.9050154232586,0.0,359.0,117.31662561092352,2547.0,2025-12-09 10:35:56+00:00,1195.148860958366,13880.0,785.0,63.26,30.82,26.14,fishing,fishing,fishing,fishing,0.9793227910995483,0.7100892066955566,False,False
e4e83020-089a-4d8f-bffd-0a85decf82e7,9e184b2c-0462-4855-aac9-19f3d62fbdf7,5.292542494469081,0.10000000149011612,8.600000381469727,1.8646116074841075,192.34758421857407,0.10000000149011612,359.0,99.86870006175124,2883,2025-12-08 17:14:40+00:00,339.0624566273421,5.472030134149118,0.0,8.5,1.8057712787437028,224.35203839415308,0.4000000059604645,358.79998779296875,88.29175396552709,2921.0,2025-12-08 17:14:38+00:00,233.4958904109589,2.0,46.0,1.6,1.57,0.8,transiting,transiting,transiting,transiting,0.9342884421348572,0.9347715377807617,False,False
6be787f4-edb2-4edc-a9c4-0233148bacd5,7c63a4ea-e82a-4644-b017-a21b1b4ad180,3.198994641963782,0.0,10.100000381469727,2.6989659866562796,171.76151529437058,0.30000001192092896,358.79998779296875,94.78577683829069,2984,2025-12-07 11:35:34+00:00,38.61884009386524,3.3344905126885767,0.0,9.800000190734863,3.195638477251505,179.08969903921695,0.0,358.70001220703125,98.03533179289974,893.0,2025-12-07 17:23:47+00:00,2708.439461883408,-20893.0,5.0,0.17,0.56,0.13,fishing,fishing,fishing,moored,0.8374740481376648,0.8692948818206787,True,False
385bea95-d02c-471c-bd4f-0e7f2d5b0e65,ae39b594-8db3-4e8f-8187-45ccad44084d,5.135222670399708,0.0,11.600000381469727,2.5195729511582505,162.34544718338879,0.0,359.0,107.62116585796838,1235,2025-12-09 14:38:37+00:00,2906.9789303079415,5.121736164115018,0.0,11.300000190734863,2.0323425980470318,177.30982880971277,0.0,359.0,100.65831891681776,1463.0,2025-12-09 11:58:43+00:00,1258.046511627907,9594.0,16.0,1.3,1.09,0.6,fishing,fishing,fishing,fishing,0.8340568542480469,0.875648558139801,False,False
d7987310-cbf4-4871-aa71-4778d3a94e30,fe0fe504-4be8-4df2-987d-8e4c5adf675d,3.8358037569971657,0.4000000059604645,14.899999618530273,2.203535254747887,165.80609331423193,0.0,359.0,103.31622417017255,2874,2025-12-08 17:00:32+00:00,491.82457361642884,3.9015157525050577,0.4000000059604645,14.800000190734863,2.546284573920899,125.47684016278386,0.10000000149011612,359.0,103.65912872816061,2507.0,2025-12-08 16:45:04+00:00,155.50678371907424,928.0,21.0,0.73,0.84,0.39,fishing,fishing,fishing,fishing,0.9293294548988342,0.8207026720046997,False,False
ce0d20c8-ac6a-445d-8849-5471e8b87b79,3e41a72a-5198-41d1-b471-cc57df2fe36a,2.6130419943994245,0.0,9.0,1.1962004098340822,170.71784238769635,0.10000000149011612,358.8999938964844,100.23565975141608,2929,2025-12-09 13:03:05+00:00,460.4228142076503,3.1176550955331965,0.0,8.0,1.4921370825674285,142.59494611505886,0.20000000298023224,358.79998779296875,97.01913663345218,2934.0,2025-12-09 14:00:21+00:00,171.47221275144904,-3436.0,133.0,4.54,4.53,2.32,transiting,transiting,fishing,fishing,0.6025278568267822,0.758731484413147,True,True
732e743e-8953-4908-b008-88e46d812c9d,41080130-ce38-40bc-989c-fc7248bb1545,5.244782762164189,0.0,9.0,2.5332577725811083,156.70787147617682,0.5,357.3999938964844,64.73221058137486,2923,2025-12-09 20:56:15+00:00,465.02156057494864,6.344135805821386,3.4000000953674316,9.0,1.0803261296521787,124.6863169388843,66.5999984741211,305.70001220703125,34.3574232391417,2916.0,2025-12-09 18:56:37+00:00,226.53241852487136,7178.0,41.0,1.4,1.41,0.71,fishing,fishing,fishing,fishing,0.9421990513801575,0.7858752012252808,False,False
efbaeb1e-1958-4bb9-b4ec-bea6adcb7582,c90498a1-e624-4532-aa70-0e68a30a538a,1.1056996589075176,0.0,8.100000381469727,1.943392727055034,180.67223205677226,0.0,359.0,138.94118195223504,2930,2025-12-09 11:40:41+00:00,205.08706043018094,0.7622448990210181,0.0,8.0,1.9235975910235976,192.34654246879717,0.0,359.0,141.0969368924612,2940.0,2025-12-09 13:05:18+00:00,120.14698877169106,-5077.0,71.0,2.42,2.41,1.22,fishing,fishing,fishing,fishing,0.6912574172019958,0.6278120279312134,False,False
74702391-8d0b-43f8-adf7-1f902b015dfd,dc8e1611-cf81-4328-aa07-cffb6471626b,2.9484040651226078,0.0,9.399999618530273,2.3711645124809437,162.38616091787063,0.0,358.79998779296875,98.70598334590781,2851,2025-12-08 22:57:46+00:00,244.95543859649123,2.8935616428027413,0.0,9.5,2.321438381971835,155.15619007377566,0.0,358.8999938964844,94.70538197883894,3650.0,2025-12-08 21:15:03+00:00,231.8226911482598,6163.0,158.0,5.54,4.33,2.49,transiting,transiting,transiting,transiting,0.9379488825798035,0.6714083552360535,False,False
e55e05cb-a235-4f0d-9952-27043176b46a,34904977-4dac-4c45-b3bb-361e4310f007,2.845111111079653,0.0,9.800000190734863,2.266805613805548,169.78928551828722,0.0,359.0,125.81880096630204,900,2025-12-09 15:44:13+00:00,2729.8520578420466,3.7806338242346973,0.0,9.899999618530273,2.509364666876144,192.92477884460538,0.0,358.8999938964844,112.8467874326471,1136.0,2025-12-08 18:53:15+00:00,1489.1788546255507,75058.0,8.0,0.89,0.7,0.39,fishing,fishing,fishing,fishing,0.6457148194313049,0.9860897064208984,False,False
0c923b79-2cef-49f9-a17d-29b78de4e4c4,a2928669-7240-4308-9c98-eb95895ea9dc,1.7664611626598652,0.0,102.30000305175781,3.7314786292295965,164.44228743623614,0.0,358.79998779296875,113.40506508619623,2433,2025-12-08 01:29:28+00:00,1036.4066611842106,2.3368762919522683,0.0,102.30000305175781,3.1844532488069333,173.71201576043035,0.0,358.79998779296875,114.28319247243226,2926.0,2025-12-08 02:26:47+00:00,297.0444444444444,-3439.0,54.0,2.22,1.85,1.02,fishing,fishing,fishing,fishing,0.7149182558059692,0.7819501757621765,False,False
9fa6dd19-0c3d-4e69-bee0-c8e0057a3378,db2efd97-2a2f-4cb7-b819-a38900f7cd3f,3.8445846526780714,0.0,11.600000381469727,2.07491018309461,161.90360926813,0.0,359.0,104.08527810363951,951,2025-12-08 16:12:46+00:00,2525.6831578947367,4.057598435268452,0.0,11.600000381469727,2.335520699793604,169.93316738809912,0.0,359.0,104.43623897372542,2007.0,2025-12-09 01:52:17+00:00,506.77517447657027,-34771.0,7.0,0.74,0.35,0.24,fishing,fishing,fishing,fishing,0.7585923075675964,0.8710778951644897,False,False
b1cd29b8-1f38-40a4-9704-5a49da69e11a,5f8ba8f1-a964-49e8-b937-3f5f8e6c6d07,0.022836694991968637,0.0,3.799999952316284,0.17758995353936946,201.06389170477897,0.0,356.79998779296875,79.9340199854573,3074,2025-12-09 10:02:20+00:00,836.25610152945,0.03309523860360084,0.0,5.099999904632568,0.1398850372033275,197.67299636140163,3.0,356.6000061035156,77.77408317618799,2940.0,2025-12-09 14:53:57+00:00,1693.6328683225588,-17497.0,704.0,22.9,23.95,13.26,fishing,fishing,fishing,moored,0.9889128804206848,0.7313057780265808,True,False
263ad284-13c8-4fb0-b5d5-1e3b721f06b5,702c8c03-77b1-4c27-a312-064a2c3cbf91,6.555401791941508,0.0,10.5,2.4157454618141143,173.77399181262314,0.0,359.0,105.27835179952402,2240,2025-12-08 02:59:45+00:00,251.25591782045555,4.607535557759599,0.0,10.0,2.918128150882703,176.72794762967658,0.0,359.0,104.17396188833362,2110.0,2025-12-08 04:48:44+00:00,641.2038880986249,-6539.0,9.0,0.4,0.43,0.21,fishing,fishing,fishing,fishing,0.9572455883026123,0.5394690036773682,False,False
61478a06-97f7-409f-8316-e895ef110a9e,ed20f813-aabd-4743-9104-5fa6137068ac,2.7991404029778217,0.0,8.800000190734863,1.8206561871627405,192.48977582426534,0.0,359.0,114.42703610875533,1047,2025-12-09 06:44:01+00:00,1643.633843212237,2.4763583073094377,0.0,89.19999694824219,2.9275551553140424,189.65498256991418,0.0,359.0,105.53786179764889,1362.0,2025-12-09 11:33:58+00:00,945.3196179279942,-17397.0,4.0,0.38,0.29,0.17,fishing,fishing,fishing,fishing,0.8470746874809265,0.8746438026428223,False,False
92b26fb3-15e7-4cca-a619-1a1f50cd605c,c52bfb0e-af32-4489-89b0-0be2c8a89ea4,6.0012701740875265,0.0,11.399999618530273,2.9017570802797388,188.8316006506115,0.0,358.8999938964844,96.24927611184502,2913,2025-12-06 23:26:07+00:00,215.6037087912088,4.868361636380649,0.0,10.300000190734863,3.5734378447078234,185.1768653439695,0.10000000149011612,358.79998779296875,93.53882400284262,1416.0,2025-12-06 19:07:44+00:00,1324.4141342756184,15503.0,12.0,0.41,0.85,0.28,fishing,fishing,anchored,moored,0.9294141530990601,0.7257243394851685,True,True
5d9c319d-9130-4463-8239-0e26709fb1dd,0c536e3d-7558-441e-a5f6-f266d0ffcfe5,3.3184939081123632,0.0,56.099998474121094,4.247795956668034,166.54900210567166,0.6000000238418579,358.8999938964844,100.23478183077597,903,2025-12-09 11:28:12+00:00,2540.0354767184035,2.59398062054104,0.0,11.600000381469727,3.3901960348516313,175.45541309240338,0.800000011920929,358.70001220703125,99.23302396347245,1545.0,2025-12-09 09:04:57+00:00,581.0472797927462,8595.0,6.0,0.66,0.39,0.25,fishing,fishing,fishing,moored,0.9315127730369568,0.823131799697876,True,False
32d2edb3-8fdd-4eb1-8f52-aee33ab55876,af1980b7-9602-4e7a-bbcf-c52d84ad5103,5.498538222022825,0.0,11.300000190734863,1.7947093400649796,186.29457021167667,0.0,359.0,102.84181510156152,3010,2025-12-08 04:13:33+00:00,798.0402126952476,5.406905262460632,0.0,11.5,2.060993242596842,181.24853543263782,0.0,358.5,101.9176132951327,1984.0,2025-12-08 13:20:42+00:00,1113.178517397882,-32829.0,175.0,5.81,8.82,3.63,fishing,fishing,fishing,fishing,0.8801438808441162,0.8754386305809021,False,False
c79e943b-840a-4d77-8d65-67575db5a5b5,7b69b699-dd67-42f4-8f10-950d1d5ae331,5.754617235094176,0.0,8.399999618530273,2.345307482924198,161.79342751223683,0.0,359.0,107.18713753300204,2913,2025-12-07 12:33:38+00:00,564.5676510989011,5.525586140285411,0.20000000298023224,8.5,2.302091930408901,177.20630797750948,0.0,359.0,116.10520117514699,2943.0,2025-12-07 14:30:02+00:00,246.2416723317471,-6984.0,27.0,0.93,0.92,0.46,fishing,fishing,fishing,fishing,0.888904333114624,0.897327721118927,False,False
6fb16a1b-7c78-4696-be85-7ecbe116593a,6239dd61-75b2-4ba1-8ee7-8996ac20d7ad,2.850879167249441,0.0,10.5,2.9759477794339153,167.98581774766419,0.0,358.29998779296875,110.74048422195379,2673,2025-12-08 16:47:09+00:00,851.3615269461078,3.7088195258111027,0.0,9.800000190734863,3.0360023045720985,169.21253940440351,0.0,358.79998779296875,106.62693096617893,2914.0,2025-12-08 15:53:00+00:00,187.2413319601785,3249.0,33.0,1.23,1.13,0.59,fishing,fishing,fishing,fishing,0.9805918335914612,0.7296420931816101,False,False
e610d999-9187-42ce-aeee-2c0c94929d2a,ae33775d-e68f-4523-b98c-3b51003c1427,1.6193677890378508,0.0,11.199999809265137,2.4619791962187882,166.5041773515389,0.0,359.0,115.10437637943363,1993,2025-12-09 08:41:03+00:00,1139.2685742971887,1.9905516567329566,0.0,10.899999618530273,2.810683217514988,176.3428497331161,0.0,358.8999938964844,108.17067509674708,1704.0,2025-12-09 09:14:57+00:00,455.29477392836174,-2034.0,10.0,0.5,0.59,0.27,fishing,fishing,fishing,fishing,0.9467047452926636,0.8738939762115479,False,False
56eaf666-eac5-4490-a006-a396136579fd,3784d050-4160-4bb4-a6d6-764b759e3bbe,5.997645871971134,0.0,11.5,3.490561725540166,179.27131060543167,0.0,359.0,105.13397878891621,977,2025-12-09 06:55:23+00:00,2115.719262295082,3.251435631991557,0.0,11.600000381469727,3.1944771243809864,181.91488972103502,0.0,359.0,110.8494198224251,1219.0,2025-12-09 04:55:53+00:00,4021.004105090312,7170.0,3.0,0.31,0.25,0.14,fishing,fishing,fishing,fishing,0.9068608283996582,0.7937600612640381,False,False
61fa2b90-d700-438f-b99d-aaa76ced9d03,97d6f49d-3dba-4289-aef7-18352e3de072,2.429711585433904,0.0,10.600000381469727,3.466963559170452,182.8820613624561,0.0,359.0,115.5392229289573,2531,2025-12-09 15:25:19+00:00,947.0513833992095,3.4375000402918214,0.0,11.0,3.8556137054408626,182.81161416970468,0.0,359.0,117.61335614263687,2920.0,2025-12-09 13:31:27+00:00,176.59849263446387,6832.0,20.0,0.79,0.68,0.37,fishing,fishing,fishing,fishing,0.9096051454544067,0.8697506785392761,False,False
bbd89a7a-8371-4198-aec3-73db848963de,10854b70-f077-47cf-a742-ab988f7a6ed3,3.4369806123696205,0.0,12.199999809265137,3.8627641413999334,132.87600551126073,0.0,358.8999938964844,115.95967295832934,722,2025-12-09 16:41:34+00:00,2772.9791955617197,4.451279351610873,0.0,11.699999809265137,3.9503081640003095,124.38657428918829,0.0,358.79998779296875,118.4081247422404,938.0,2025-12-09 21:31:52+00:00,1592.648879402348,-17418.0,4.0,0.55,0.43,0.24,fishing,fishing,fishing,moored,0.5698315501213074,0.9097718596458435,True,False
f751ed3e-3381-4e9d-8448-64b44d550b50,2d711543-1771-44a3-8779-f2c19b8bbf13,2.179890938207314,0.0,11.0,3.0045728064871775,178.20177536255295,0.0,359.0,100.65902617447387,2934,2025-12-09 04:08:06+00:00,63.21241050119332,0.7663547362295542,0.0,12.100000381469727,1.9926223801045897,183.86928321613806,0.20000000298023224,358.70001220703125,99.41974353709378,2244.0,2025-12-09 07:50:23+00:00,579.3736067766384,-13337.0,10.0,0.34,0.45,0.19,fishing,fishing,anchored,moored,0.8272705674171448,0.4458709955215454,True,True
5be2bf2e-63b1-4e61-8a5b-d95691d8fe6e,14dd735c-8360-43aa-b2e0-1e85ad94f101,5.304968738026239,0.0,10.600000381469727,4.021772473093205,194.0276929225418,0.6000000238418579,358.8999938964844,65.97408818025131,2878,2025-12-07 10:56:02+00:00,252.0632603406326,8.635536878424197,1.2000000476837158,10.399999618530273,1.163934273964057,238.85871228636063,186.10000610351562,280.70001220703125,23.692313278776766,5234.0,2025-12-07 11:38:48+00:00,46.62908465507357,-2566.0,68.0,2.36,1.3,0.85,fishing,fishing,fishing,fishing,0.9034054279327393,0.8518704175949097,False,False
cd18b2ed-8841-4c49-a464-30257d10d131,e0156bd8-3f8d-408d-8a27-26a1be41fe31,3.450657499305018,0.0,11.100000381469727,2.0763299538221354,186.74317792635847,0.0,359.0,99.33130299075654,3346,2025-12-09 23:08:00+00:00,870.0388639760837,3.228640637016793,0.0,11.300000190734863,1.9175806573163439,182.12692421920835,0.0,359.0,102.73163105438371,3097.0,2025-12-10 01:47:50+00:00,404.88178294573646,-9590.0,58.0,1.73,1.87,0.91,fishing,fishing,transiting,transiting,0.8597031235694885,0.6356021761894226,True,True
d65ca842-26a9-4323-b883-1e59d95d6d0c,b5da23a0-93db-47e8-924c-4b8a7125d55e,4.194053608156628,0.0,9.600000381469727,2.339616139697099,179.89748033544709,3.9000000953674316,356.20001220703125,98.56990829422328,1194,2025-12-09 15:51:59+00:00,18605.87845766974,3.6272206391957735,0.0,8.0,1.9303976248825712,186.1004246764512,0.0,358.70001220703125,98.33278010364813,2094.0,2025-12-09 21:00:03+00:00,880.9374104156713,-18484.0,5.0,0.42,0.24,0.15,transiting,transiting,transiting,transiting,0.9347875714302063,0.5454760789871216,False,False
260985fb-306f-4f30-a0f1-e311092abe64,09be465a-76a1-4589-8294-d4e7a2676ad9,5.700142798311424,0.10000000149011612,9.199999809265137,2.2770710151656695,164.79673228505595,0.10000000149011612,359.0,102.25523131515992,2101,2025-12-08 01:59:12+00:00,800.1809523809524,5.448397937847195,0.0,9.399999618530273,2.398621161247207,172.3152656871457,0.0,359.0,108.38148071002372,3277.0,2025-12-07 16:30:36+00:00,387.8498168498169,34116.0,55.0,2.62,1.68,1.03,fishing,fishing,fishing,fishing,0.7796344757080078,0.7984673976898193,False,False
75567241-a7ec-4d2c-b99f-eb86fe22c347,1f07de71-fa3b-4704-8839-ffc61f96f045,6.255268671242448,0.0,102.30000305175781,4.392160501054759,185.82183030156085,0.30000001192092896,358.0,64.3325711105778,2866,2025-12-07 22:30:53+00:00,104.56439790575917,7.974721365570491,0.0,102.30000305175781,4.277728867127131,171.9629464861937,0.4000000059604645,358.70001220703125,65.42562748050057,2243.0,2025-12-07 23:32:41+00:00,21.039250669045494,-3708.0,131.0,4.57,5.84,2.63,fishing,transiting,fishing,transiting,0.8525677919387817,0.8705843687057495,False,False
591f99a4-37a6-41ad-80ed-59b2171d467f,61f6e169-e38d-4e53-a4e1-64ec0678976f,5.957667256500668,0.0,8.800000190734863,2.7084045438186233,182.78995493305754,0.0,359.0,108.87165788912114,2915,2025-12-09 22:27:08+00:00,293.4142072752231,6.817523699793183,0.0,102.30000305175781,3.3547518427407836,156.01177888117306,0.0,359.0,88.09978100716636,2956.0,2025-12-10 01:45:36+00:00,103.89543147208121,-11908.0,30.0,1.03,1.01,0.51,fishing,fishing,fishing,transiting,0.9011403322219849,0.8722091913223267,True,False
5062c9b1-cf8f-4633-bf7d-40d78bc0b254,0004697e-bfc5-45ce-bc7b-16ba4cf7e49b,5.539848840101492,0.0,11.100000381469727,3.123857720151114,183.75156640671756,0.0,358.8999938964844,98.94424642490695,1852,2025-12-09 20:04:50+00:00,1286.242031334414,5.821014549865143,0.0,11.600000381469727,3.015015702761655,188.77698603818993,0.800000011920929,358.6000061035156,96.1078361486887,2484.0,2025-12-09 15:20:07+00:00,512.2202980265807,17083.0,35.0,1.89,1.41,0.81,fishing,fishing,fishing,transiting,0.669791042804718,0.840298056602478,True,False
a9888cef-83d3-42aa-a66b-75e6402e3a57,,3.995352579268794,0.0,11.600000381469727,3.6151182009327845,154.19192237203552,0.20000000298023224,358.8999938964844,103.01562976551456,624,2025-12-09 11:45:02+00:00,5098.884430176565,,,,,,,,,,,,,,,,,fishing,fishing,missing,missing,0.858561098575592,,True,True
4485ed79-3aea-484d-900d-1931f713b0f4,3faa6944-0f36-46e7-be90-21c2c61c410c,2.557551996268655,0.0,9.100000381469727,1.021342049338091,176.08938561794903,0.4000000059604645,359.0,96.16384261615416,2933,2025-12-07 12:13:30+00:00,464.35709413369716,2.6007590160212097,0.0,9.199999809265137,0.9978937300776812,185.46828110108046,0.0,359.0,95.80964928789862,3162.0,2025-12-07 08:53:05+00:00,330.5798797848782,12025.0,391.0,13.33,12.37,6.85,fishing,fishing,fishing,fishing,0.7210075855255127,0.9878764152526855,False,False
01e03f72-73c4-4273-8a6c-e895c3ddf1c7,e1e00a20-ea39-44ac-9e73-68e73899ff23,2.7892327534429953,0.0,11.100000381469727,2.8627879705240433,179.25039062334204,0.0,359.0,112.40173460528125,1551,2025-12-08 09:09:52+00:00,1155.9793548387097,2.393822686993084,0.0,11.5,3.0200394168926072,175.4328343476494,0.0,359.0,113.26929470051397,2752.0,2025-12-08 06:57:44+00:00,332.6510359869138,7928.0,41.0,2.64,1.49,0.96,fishing,fishing,fishing,fishing,0.7642948031425476,0.8104951977729797,False,False
3a880761-aad3-41b5-b083-56a8ae3606d6,fa810075-8782-4db3-b2a2-db96149bb14f,5.461301989088788,0.10000000149011612,13.5,3.9417093427020204,210.8098323190805,0.10000000149011612,359.0,109.83742703515955,2212,2025-12-07 15:18:06+00:00,667.3876074174582,5.049900517650348,0.0,13.199999809265137,3.1933177175586054,173.02716349501114,0.30000001192092896,359.0,107.71599815608225,2513.0,2025-12-07 15:30:32+00:00,241.38495222929936,-746.0,28.0,1.27,1.11,0.6,fishing,fishing,fishing,fishing,0.8116527199745178,0.9055950045585632,False,False
c554ed9d-bd3f-47f3-aba8-62edad191253,,3.9854386879775467,0.0,10.399999618530273,2.3155215255853925,195.3434552410134,0.0,359.0,104.04809928449747,2177,2025-12-09 12:58:00+00:00,1350.4898897058824,,,,,,,,,,,,,,,,,fishing,fishing,missing,missing,0.9663752913475037,,True,True
3bb67e1d-545b-42c3-b066-4944881cff27,22eceb4c-dc6c-488a-838f-e0d13897c6f8,3.449327728239929,0.0,10.899999618530273,1.747268549948141,187.75449939557873,0.0,358.8999938964844,109.01049322461218,1190,2025-12-09 21:48:09+00:00,2096.8805719091674,3.703164928273682,0.0,10.100000381469727,1.7531863198116988,186.1231390871402,0.0,359.0,107.97729227320687,1801.0,2025-12-09 23:33:38+00:00,446.2738888888889,-6329.0,11.0,0.92,0.61,0.37,fishing,fishing,fishing,transiting,0.857100784778595,0.845320463180542,True,False
e566d5e3-b478-47ac-aedd-70ba97041874,,2.07950000975281,0.0,9.399999618530273,2.2638399682380426,174.16250008990366,0.800000011920929,357.79998779296875,102.45200909535781,600,2025-12-10 00:17:21+00:00,3155.7863105175293,,,,,,,,,,,,,,,,,fishing,fishing,missing,missing,0.6080637574195862,,True,True
aac19a79-4033-4060-a9a5-a2b0d7c4699f,6f540b94-eb00-4b84-b57c-3eac4498ff9c,3.427664499077695,0.0,11.399999618530273,2.1991111084675823,129.15015429483879,0.20000000298023224,358.8999938964844,101.5685007084037,2599,2025-12-08 21:56:50+00:00,452.9176289453426,3.348224757042107,0.0,11.399999618530273,2.4691505717746223,155.12354159687186,0.10000000149011612,358.5,103.15024729214723,2901.0,2025-12-09 02:02:02+00:00,180.22758620689655,-14712.0,36.0,1.39,1.24,0.66,fishing,fishing,fishing,fishing,0.8745309114456177,0.8268306851387024,False,False
62667d49-8891-4dba-8d1d-5f39af86fd68,a03d09ee-7d35-4e9d-838f-0634310d317d,3.024160206144632,0.0,11.199999809265137,2.29340642541234,177.90130697219004,0.0,359.0,111.22989474799975,774,2025-12-09 09:33:09+00:00,2172.694695989651,2.8518221734292566,0.0,10.5,2.7172901166286416,160.73147149052033,0.0,358.8999938964844,109.32089571060638,1372.0,2025-12-09 15:22:25+00:00,1399.6593727206418,-20956.0,5.0,0.65,0.36,0.23,fishing,fishing,fishing,fishing,0.8816350698471069,0.8564585447311401,False,False
f295e2bb-5630-46ad-ae7d-fbdf2276d589,5824ef7a-7db4-4e08-82a2-07254c92d961,4.580805941199447,0.0,9.800000190734863,2.6041616583520444,197.22942099820742,0.0,358.8999938964844,108.65352263767134,1886,2025-12-09 08:09:08+00:00,1040.9978779840849,4.227466223127133,0.0,10.399999618530273,2.4228868963192753,190.04838736245253,0.0,359.0,114.42380405471592,2960.0,2025-12-09 08:47:49+00:00,330.6654275092937,-2321.0,25.0,1.33,0.84,0.52,fishing,fishing,fishing,fishing,0.8687742352485657,0.889093816280365,False,False
78021840-05b3-4bd4-9280-5d8c27b2f5f3,6fba106a-c46f-4a24-8c48-9782a91d9df3,7.675138687578735,0.10000000149011612,12.600000381469727,3.2535678180055116,123.16338889399263,0.8999999761581421,351.20001220703125,68.23840491786706,1983,2025-12-09 00:30:35+00:00,643.1791120080727,5.92054749080926,0.10000000149011612,11.699999809265137,3.4174813027252005,169.885949780216,0.30000001192092896,356.3999938964844,96.45693882844573,3032.0,2025-12-09 07:30:41+00:00,155.42560211151437,-25206.0,27.0,1.36,0.89,0.54,fishing,fishing,fishing,fishing,0.8947069048881531,0.8809635639190674,False,False
7c27ae9e-3b52-4aab-a06a-674045e6c961,317f0536-11ac-47c4-93e7-a5dcbae90f7d,6.084730228502083,0.10000000149011612,13.100000381469727,4.339320090698061,265.07937378313585,0.0,359.0,77.70421835855375,2947,2025-12-07 19:12:48+00:00,426.6194840461643,2.3147336464483272,0.20000000298023224,11.100000381469727,2.5113627820101465,269.6890549473275,0.10000000149011612,359.0,100.38691229679809,2966.0,2025-12-07 21:17:21+00:00,187.69949409780776,-7473.0,37.0,1.26,1.25,0.63,fishing,fishing,fishing,fishing,0.921370267868042,0.8388190865516663,False,False
2c89ec80-5bfe-48e2-8d44-69646a284db7,34710c9c-9a77-48cc-9fd4-4d0b34c6c61e,2.167732695652941,0.0,9.800000190734863,3.3896655059663128,171.09656775415473,0.0,358.8999938964844,106.08566371731207,2439,2025-12-08 07:33:16+00:00,980.4126333059885,1.8896401066356863,0.0,102.30000305175781,3.404029447555207,147.693042343981,0.0,358.6000061035156,118.62159822696063,2973.0,2025-12-08 09:16:35+00:00,210.05585464333782,-6199.0,60.0,2.46,2.02,1.12,fishing,fishing,fishing,fishing,0.7276670336723328,0.892645537853241,False,False
7540f770-aac8-4618-8106-4d21b4f74b48,47cea581-9a95-48e6-a787-8541a0241303,1.0807709217241235,0.0,10.699999809265137,2.3161065731563326,195.75068000549877,0.10000000149011612,358.8999938964844,98.73184205175494,2283,2025-12-09 07:41:39+00:00,1261.58851884312,2.5097680302093464,0.0,10.0,3.4684179443716747,197.20747154761295,0.5,357.8999938964844,103.90750606008429,1638.0,2025-12-09 09:43:33+00:00,1281.7959682345754,-7314.0,24.0,1.05,1.47,0.62,fishing,fishing,fishing,moored,0.9179348349571228,0.7126762270927429,True,False
cc1f8693-93e7-46ab-967a-f4b3baba0668,2055c4fc-7f11-4737-a544-4addea41a278,3.9240371345054292,0.0,11.0,1.8309131047296772,197.3642783134561,0.0,359.0,104.96385010705436,2908,2025-12-09 04:15:48+00:00,800.0811833505333,3.6578685423262804,0.20000000298023224,10.600000381469727,1.371628151851675,203.97429916435425,0.10000000149011612,359.0,103.01886848563343,1004.0,2025-12-09 15:33:53+00:00,3489.582253240279,-40685.0,106.0,3.65,10.56,2.79,fishing,fishing,transiting,transiting,0.8901106119155884,0.6010412573814392,True,True
ba34fe12-c114-4efa-9079-dee018dac022,,2.440476195817744,0.0,13.699999809265137,2.101787770721667,225.38558082146264,0.10000000149011612,357.70001220703125,102.63268368508372,756,2025-12-09 23:20:06+00:00,4743.13642384106,,,,,,,,,,,,,,,,,fishing,fishing,missing,missing,0.8985609412193298,,True,True
aefc792f-2f2a-4ed5-abc2-695b777e67ba,0ce3a7f9-c297-47f7-b0ef-ad5d4620984c,7.038985355305944,0.10000000149011612,10.899999618530273,2.664993196703219,197.06868519480614,0.0,359.0,105.53481753566163,2937,2025-12-08 07:04:40+00:00,488.4816076294278,6.398064964907225,0.0,10.199999809265137,2.6725039977660514,183.06161607895598,0.0,359.0,95.22076912603104,2894.0,2025-12-08 05:07:55+00:00,209.93397856895956,7005.0,29.0,0.99,1.0,0.5,fishing,fishing,fishing,fishing,0.8911391496658325,0.8290095925331116,False,False
a5a169f1-8ad8-4845-89aa-e38eb6d48c2e,57f79ea5-be18-45c9-8dab-a78e148b38fd,2.797874529138182,0.4000000059604645,9.399999618530273,2.704376295665413,193.78205835320836,0.20000000298023224,358.79998779296875,99.20834769893565,2917,2025-12-06 22:02:26+00:00,233.04218106995884,1.4852060613790925,0.30000001192092896,3.200000047683716,0.267909355875426,174.69710255251545,0.4000000059604645,357.8999938964844,111.05636584834532,2839.0,2025-12-06 23:14:08+00:00,66.90662438336857,-4302.0,55.0,1.89,1.94,0.96,fishing,fishing,fishing,fishing,0.8557165265083313,0.877099335193634,False,False
0fecdda2-aa6b-425b-a6ec-b4ba3eb7858b,493ac788-1e95-41a0-9e0d-6266df38684c,5.8090735560509,0.0,9.100000381469727,2.222248585781342,203.15725939735913,0.0,359.0,92.41269160621022,2094,2025-12-06 19:45:42+00:00,798.8327759197324,5.564145762136545,0.10000000149011612,9.199999809265137,2.466396615365037,210.03846118983066,0.0,359.0,111.11794166386994,2909.0,2025-12-06 23:29:11+00:00,321.75584594222835,-13409.0,42.0,2.01,1.44,0.85,fishing,fishing,fishing,fishing,0.894766628742218,0.7353551983833313,False,False
64d9b18b-b570-49ac-b841-ad8c028a210b,fbce5df2-5b49-4b90-a6bf-c1e5cc6dcb5a,3.6652689528150963,0.0,12.899999618530273,2.3512034516336286,209.92598603339886,0.0,358.70001220703125,97.47825857806275,2361,2025-12-08 02:03:05+00:00,640.8283898305085,3.5655955753415576,0.0,12.899999618530273,2.355814804879713,206.8988364418667,0.0,359.0,97.40569826555445,1805.0,2025-12-08 03:03:58+00:00,379.9828159645233,-3653.0,186.0,7.88,10.3,4.67,fishing,fishing,transiting,transiting,0.8412265181541443,0.865900456905365,True,True
0ce38799-75c4-4dc1-ab91-558ba1b2252e,b853f528-1d06-47e7-bdde-22329be1d797,4.82721390928667,0.10000000149011612,11.300000190734863,3.423401570720564,208.09022480570167,1.399999976158142,358.3999938964844,45.35178039281349,2936,2025-12-08 22:46:21+00:00,158.1281090289608,5.122177565935837,0.0,11.399999618530273,3.7863820011525284,198.49940583131732,5.300000190734863,358.3999938964844,39.87287118696008,5722.0,2025-12-08 19:04:39+00:00,43.98933752840413,13302.0,45.0,1.53,0.79,0.52,fishing,fishing,fishing,moored,0.8420933485031128,0.8690606355667114,True,False
ec5758a4-51d4-47b7-aa6d-58808aea7e85,aa836695-33a9-4ce0-87a5-7db6908bd794,3.195029578538689,0.0,10.699999809265137,2.3841844342728113,156.10263756512524,0.0,359.0,115.7345222177352,845,2025-12-09 20:29:04+00:00,2365.7950236966826,2.9366703070173195,0.0,9.699999809265137,1.7385712190056672,175.83231204837102,0.0,358.79998779296875,102.28894218779025,919.0,2025-12-09 18:09:37+00:00,1740.2178649237474,8367.0,0.0,0.0,0.0,0.0,fishing,fishing,fishing,fishing,0.914961040019989,0.8792915940284729,False,False
637478bd-51ff-4f92-bc6d-1d0d0764aa02,e8013841-d27f-48c5-9076-024dae1ca079,3.9769172377250777,0.0,9.5,1.5637651453471297,235.48358032408095,0.0,359.0,102.8924994987495,2634,2025-12-09 23:18:49+00:00,1198.2483858716294,4.204006039557904,0.0,9.399999618530273,1.8141169248642144,251.7668432111906,0.0,358.79998779296875,106.03035619875243,1323.0,2025-12-10 01:10:03+00:00,2199.684568835098,-6674.0,263.0,9.98,19.88,7.12,transiting,transiting,fishing,fishing,0.5284215211868286,0.9804387092590332,True,True
2d3cbfb3-d797-4375-9abe-646f7a07e556,8bd62ca1-b80f-42e0-9421-cf9dc9880fb8,3.609097457864931,0.0,11.100000381469727,1.9792357282404605,165.71803483198536,0.0,358.79998779296875,104.1772870204769,2781,2025-12-08 02:00:02+00:00,854.2089928057554,3.619527254410601,0.0,10.600000381469727,2.052733849555777,163.1586604886717,0.0,358.79998779296875,102.45146923247688,1946.0,2025-12-08 06:05:09+00:00,1245.7290488431877,-14707.0,924.0,33.23,47.48,24.3,fishing,fishing,fishing,fishing,0.7728639245033264,0.6773751378059387,False,False
71c49c04-608f-4447-b198-bee0d11b5260,b98253d4-6591-4e49-b9b0-096a84f86cf0,2.739699661565323,0.0,10.399999618530273,2.9025238187710904,170.22780181186482,0.0,359.0,108.66255437684865,2597,2025-12-09 19:42:28+00:00,984.6402157164869,2.844632398757619,0.0,12.600000381469727,3.382138431281117,155.81986110456035,0.0,358.70001220703125,127.01733606715301,2897.0,2025-12-09 16:51:59+00:00,353.6930248618784,10229.0,48.0,1.85,1.66,0.88,fishing,fishing,fishing,fishing,0.987389087677002,0.9785970449447632,False,False
5eb613bb-366f-44e4-822e-4d55a8cb1f6b,0c45b8a5-c2ea-45c7-b7e5-57ee3595783f,2.8141922125996413,0.0,11.199999809265137,2.1025267242162626,178.1184981054082,0.0,359.0,112.31472412782892,2903,2025-12-08 17:56:33+00:00,565.5568573397657,2.787154962083501,0.0,10.0,1.975302388317953,177.40596245859405,0.0,359.0,106.84535440649927,2717.0,2025-12-09 03:55:00+00:00,261.5482326951399,-35907.0,52.0,1.79,1.91,0.93,fishing,fishing,transiting,transiting,0.9198112487792969,0.9385976791381836,True,True
6739404f-9c62-4b04-9590-5310fdcea8ae,cd46cf30-f443-4ec9-bc06-904c768c0b73,2.2699303825793575,0.0,10.800000190734863,3.4295022341936523,190.66542432383687,0.0,358.8999938964844,113.50229564263935,2298,2025-12-08 21:44:38+00:00,998.9394862864606,2.8246833514505076,0.0,10.800000190734863,3.6034919812328323,148.4364152976415,0.0,358.8999938964844,115.57530907522593,2921.0,2025-12-08 19:21:30+00:00,204.53561643835616,8588.0,51.0,2.22,1.75,0.99,fishing,fishing,fishing,fishing,0.9449324011802673,0.687835693359375,False,False
674cd8b1-7c17-410a-86b9-c748422fd60b,219a6913-16cb-4778-a72c-4d43396d9081,3.7031511908738635,0.0,11.0,1.5294614460492828,222.01807510159225,0.0,359.0,94.87406276194449,2983,2025-12-08 07:16:21+00:00,611.6207243460765,3.767360398182119,0.0,10.699999809265137,1.503869486524219,227.07904311396197,0.0,357.70001220703125,95.79683082926867,2883.0,2025-12-08 19:04:51+00:00,1015.9503816793894,-42510.0,108.0,3.62,3.75,1.88,fishing,fishing,moored,transiting,0.8744342923164368,0.9250865578651428,True,True
8c9ff356-ac4c-4d6e-a7a8-744075541180,,2.9493485265183916,0.0,9.399999618530273,2.2137324290832767,157.25220258628758,0.0,354.1000061035156,100.84945710206651,614,2025-12-09 21:59:07+00:00,3839.796084828711,,,,,,,,,,,,,,,,,fishing,fishing,missing,missing,0.9018980860710144,,True,True
0821ca34-d7b0-46d4-ae43-170b6a7cfa6f,176202de-e4ef-47ff-9ca8-cef6e9dabbff,5.602705688230706,0.0,12.600000381469727,3.714113501353529,144.3494730988477,0.0,359.0,105.01786072224296,1811,2025-12-09 15:08:22+00:00,580.8071823204419,5.837765787366352,0.0,12.600000381469727,3.8323582460100014,146.95069261195943,0.10000000149011612,359.0,101.01118916708069,2963.0,2025-12-09 13:42:03+00:00,183.160364618501,5179.0,62.0,3.42,2.09,1.32,fishing,fishing,fishing,fishing,0.76671302318573,0.8374901413917542,False,False
82f9a5fe-7945-41c4-b9ed-80da0ed7ae88,7c369c28-984b-4faf-8722-257f3f5723a5,5.193333348191597,0.4000000059604645,10.800000190734863,2.570432853079448,198.03700030446734,0.0,359.0,91.59101909215562,2640,2025-12-09 18:14:32+00:00,404.3959833270178,5.201738572188422,0.5,10.100000381469727,2.39740184848183,190.34460051431978,3.700000047683716,352.3999938964844,87.12266954736435,2991.0,2025-12-09 13:46:06+00:00,154.1314381270903,16106.0,25.0,0.95,0.84,0.45,fishing,fishing,fishing,transiting,0.9230569005012512,0.8781600594520569,True,False
91a968b4-fab9-4663-8d78-249283d2ee85,8b7bc59f-a8f8-4230-8f33-031ac9f09dcb,4.211030102458017,0.0,10.300000190734863,2.20438694177055,189.35036656596924,0.0,359.0,109.13405870678714,1097,2025-12-08 20:03:04+00:00,2614.4160583941607,3.9782051515643575,0.5,10.300000190734863,1.6108566047374608,163.4539984957767,0.0,359.0,99.94058815591086,1482.0,2025-12-08 07:26:51+00:00,1596.1465226198513,45373.0,294.0,26.8,19.84,12.87,fishing,fishing,fishing,fishing,0.894470751285553,0.8694073557853699,False,False
58e3094d-3a64-4e06-9b75-3c6370678cc1,,6.082851243931441,0.20000000298023224,9.800000190734863,2.066044071468852,211.2411843465523,0.30000001192092896,357.20001220703125,85.963542032738,2904,2025-12-09 07:19:17+00:00,110.31450223906303,,,,,,,,,,,,,,,,,fishing,fishing,missing,missing,0.5915784239768982,,True,True
f6f8d028-3624-4a49-a574-2ac208720865,74d6c63d-cf83-453a-ad6d-9a52fcf61cdf,4.186401113675866,0.0,11.800000190734863,1.7304516519055324,204.66868314595627,0.0,359.0,99.19608847948797,2912,2025-12-07 06:20:44+00:00,547.2476812092065,3.981278856483214,0.0,11.5,2.1030112580743396,204.17363771979353,0.30000001192092896,359.0,98.98870195663493,3034.0,2025-12-07 08:45:00+00:00,213.17903066271018,-8656.0,45.0,1.55,1.48,0.76,fishing,fishing,fishing,fishing,0.9871330261230469,0.8394874930381775,False,False
8017db83-156f-44bd-9af4-a56b26b92a92,74074810-6f14-4aca-a05c-464f99256f68,2.369296986708575,0.0,10.100000381469727,2.1734371727113335,159.35556762337941,0.30000001192092896,358.8999938964844,96.80580823196523,2788,2025-12-08 03:29:58+00:00,382.48941514172947,2.0102890660192787,0.0,9.100000381469727,1.8729676246661817,178.59145518791297,0.0,359.0,91.10729693818752,2906.0,2025-12-08 04:38:21+00:00,164.60068846815835,-4103.0,38.0,1.36,1.31,0.67,fishing,fishing,fishing,fishing,0.8977011442184448,0.8143350481987,False,False
9f7cd8ed-2e40-40b9-8f12-3e7d4298941f,50d9f5b6-3c6d-4705-84a1-18378a679c52,3.6270114983542614,0.0,9.399999618530273,2.086770860351277,194.53161345059817,0.0,359.0,112.43243905920394,2088,2025-12-09 04:45:57+00:00,3727.4561571633926,3.6543872799146446,0.0,9.399999618530273,2.1010103922897305,185.9800164772712,0.0,359.0,115.62996059105161,2701.0,2025-12-09 10:10:04+00:00,2846.7785185185185,-19447.0,892.0,42.72,33.02,22.89,transiting,transiting,fishing,fishing,0.6016514301300049,0.5380671620368958,True,True
75110758-3dd7-4e0f-8f9c-e0a7eac1d9ad,dc289844-09a5-439a-9483-03e74feed7f1,4.204949590042029,0.0,11.300000190734863,3.0432698566772713,150.46515013862555,0.0,359.0,112.35442901571149,3273,2025-12-09 23:48:04+00:00,800.4770782396088,3.143190788061015,0.0,11.399999618530273,3.3561345371951044,141.59600130999948,0.0,359.0,114.19150380589613,3040.0,2025-12-10 00:55:05+00:00,452.1266864100033,-4021.0,19.0,0.58,0.62,0.3,fishing,fishing,anchored,unknown,0.5235320925712585,0.7194637060165405,True,True
24bbc998-19df-45b9-a90e-6d5be98b0305,cabdd8b4-ca32-42b7-bd3a-4914aae38bc4,2.4071820506728496,0.0,102.30000305175781,3.3217946939533705,176.0052175239082,0.0,358.8999938964844,105.73464867921095,2005,2025-12-09 18:01:18+00:00,1290.9805389221558,2.6933003380230747,0.0,10.100000381469727,2.3241404774702255,177.62417967986065,0.0,358.79998779296875,109.67937838706916,3030.0,2025-12-09 16:25:18+00:00,220.55232750082536,5760.0,32.0,1.6,1.06,0.64,fishing,fishing,fishing,fishing,0.9887307286262512,0.7791977524757385,False,False
936f451b-4113-4404-948f-a90f89436c36,3d797610-02bf-48f1-9e6c-8164845e3378,3.3688054643749377,0.0,12.0,2.410130620128414,165.4243301221327,0.8999999761581421,358.6000061035156,92.54397669203611,2930,2025-12-09 03:38:48+00:00,604.4257425742575,3.4476076748122804,0.0,12.100000381469727,2.5306503232789477,166.18600542485325,0.0,358.70001220703125,93.26622999446296,2926.0,2025-12-08 18:15:46+00:00,225.6557264957265,33782.0,97.0,3.31,3.32,1.68,fishing,fishing,transiting,transiting,0.9081198573112488,0.9325994253158569,True,True
f450bb2e-90e3-4416-8434-70ce238d4b9c,e259859d-e96a-4c3c-80b8-0d9219748328,3.0095964772857298,0.0,9.399999618530273,1.7689944666300257,150.96867135295727,0.30000001192092896,359.0,97.97636851711968,2949,2025-12-08 12:02:43+00:00,572.3727951153325,3.7544032155315215,0.30000001192092896,8.600000381469727,2.0050232087427093,132.89072823641598,2.200000047683716,358.0,91.07352608222328,3259.0,2025-12-08 16:56:20+00:00,144.50920810313076,-17617.0,189.0,6.41,5.8,3.14,fishing,fishing,fishing,fishing,0.9017910957336426,0.9497103095054626,False,False
1f71b40d-9852-4109-b936-ba9aa59b8130,b7bd56bd-484b-487e-b6b1-d5353f3de386,2.0744514182840583,0.0,11.399999618530273,2.9686730688000966,169.2502358930904,0.0,357.20001220703125,111.79923858129364,638,2025-12-09 11:43:13+00:00,3215.883830455259,2.145633638839501,0.0,11.0,3.268312283245672,162.63098323913923,0.0,358.70001220703125,115.86467112685253,1523.0,2025-12-09 08:04:21+00:00,1361.7260183968463,13132.0,0.0,0.0,0.0,0.0,fishing,fishing,fishing,fishing,0.8147277235984802,0.7371811270713806,False,False
c3a1294b-42e1-4666-ac50-60116a38a12c,cda3f262-ee0c-48a8-908a-e499c0df8f0c,2.634814807496689,0.0,10.399999618530273,1.5933450773340672,197.62737432954697,0.0,358.0,109.23759822227247,540,2025-12-09 19:53:41+00:00,5016.460111317254,2.658652094435388,0.20000000298023224,10.100000381469727,1.6818326164808546,195.10492689831415,0.6000000238418579,358.79998779296875,108.72467127116458,549.0,2025-12-09 20:20:02+00:00,3015.1459854014597,-1581.0,1.0,0.19,0.18,0.09,fishing,fishing,fishing,moored,0.9862180352210999,0.9881900548934937,True,False
3214e7d6-7d2f-47f7-8812-8d53cd814463,719564e2-d881-4b84-b259-b4873f729019,2.4357142821360225,0.0,7.0,2.1475878926648906,184.44739405140731,0.0,359.0,105.66136575538268,1652,2025-12-09 23:30:32+00:00,3583.023016353725,2.166151946340357,0.0,7.5,2.110671736011889,170.95793141570527,0.0,358.6000061035156,104.45804965802546,1619.0,2025-12-09 19:55:04+00:00,2723.560568603214,12928.0,216.0,13.08,13.34,7.07,fishing,fishing,fishing,moored,0.895637571811676,0.8550325632095337,True,False
a3b0f18b-542d-4c25-ac3b-a98d5773497e,4e120678-08a6-46f5-be26-28167c20207e,4.4267611345902145,0.0,11.5,3.3803856785563786,151.36100725015243,0.0,358.6000061035156,106.35338598464111,2470,2025-12-06 19:20:58+00:00,588.1543134872418,4.811092879854248,0.0,11.600000381469727,4.276214393961132,202.98182116727847,0.0,358.8999938964844,77.1838819012534,3047.0,2025-12-06 19:18:42+00:00,52.10866710439921,136.0,5.0,0.2,0.16,0.09,fishing,fishing,fishing,fishing,0.6555905938148499,0.8644534349441528,False,False
121537b0-8b97-478d-9b7f-397f3eb23239,2d631634-8f8f-431f-888e-579a02a4c2e7,1.5868266016301331,0.0,10.399999618530273,2.5237113620087874,121.93809733780192,0.0,359.0,129.0285148492833,2376,2025-12-08 15:57:20+00:00,1156.4985263157894,1.8809923718676311,0.0,19.100000381469727,2.5422488502093996,133.25859601623276,0.0,359.0,127.80152793280544,2620.0,2025-12-09 01:48:08+00:00,303.11416571210384,-35448.0,60.0,2.53,2.29,1.22,fishing,fishing,fishing,fishing,0.9875780940055847,0.8288257122039795,False,False
dae81e65-624a-49f5-9686-d52b13be1e12,d4029603-6dec-4545-9a6a-2337a8cfeecd,3.9480933883078833,0.0,10.300000190734863,1.6734568435155222,166.60375312930722,0.0,359.0,102.79731858259896,1285,2025-12-07 23:08:16+00:00,2436.0295950155764,4.258414023864539,0.0,11.800000190734863,2.0652690605410835,171.72173958871716,0.0,359.0,96.4934805377476,2169.0,2025-12-08 02:45:02+00:00,1175.5036900369005,-13006.0,168.0,13.07,7.75,5.11,fishing,fishing,fishing,fishing,0.9338398575782776,0.9105258584022522,False,False
ceedda11-3764-4d14-91c8-9315b916b5c8,40b3770d-152a-42a0-b3b6-e63371193854,4.180232960328781,0.0,11.899999618530273,2.8286130747008316,248.4973865313253,0.0,359.0,100.3848254418966,2919,2025-12-08 21:07:37+00:00,395.3862234407128,4.557414446313242,0.0,11.899999618530273,2.4913761006097603,260.3864604416279,0.0,359.0,102.72869768754414,2893.0,2025-12-08 22:40:51+00:00,199.99412171507606,-5594.0,43.0,1.47,1.49,0.75,fishing,fishing,fishing,fishing,0.8671403527259827,0.8620975017547607,False,False
d7381401-8305-4b8e-8113-b5fb5e9c82d1,d4281f3c-a800-4ea4-badc-6714a33311d1,3.1558100982060635,0.0,15.199999809265137,3.967271422938867,161.27488544807738,0.0,358.8999938964844,111.39273123886055,2401,2025-12-07 12:32:07+00:00,1480.15,3.805505075042296,0.0,12.800000190734863,3.9177580301041943,155.65686143061782,0.0,359.0,104.12416315904557,1980.0,2025-12-07 10:20:05+00:00,1205.0813542193027,7922.0,369.0,15.37,18.64,9.2,fishing,fishing,fishing,fishing,0.8435859680175781,0.8170575499534607,False,False
69c58989-7304-4ea7-9b3f-deb14e320e6d,4ee80ff5-a7cc-4eaa-9aba-74a663c49b3a,4.459237547901119,0.10000000149011612,8.800000190734863,3.230542626506069,205.22292689639647,0.0,358.70001220703125,72.59547839676745,2387,2025-12-09 17:02:22+00:00,654.1881810561609,5.406492793082894,0.0,8.600000381469727,2.7989256955430513,186.4093673627106,3.5999999046325684,358.8999938964844,51.56433403000686,3604.0,2025-12-09 17:19:55+00:00,291.4021648626145,-1053.0,28.0,1.17,0.78,0.47,fishing,transiting,fishing,fishing,0.8885383605957031,0.8953447937965393,True,False
64e5e806-a193-400f-b33f-e6d9cc398651,f7618f57-9e55-4141-9b31-87f5b6975b59,1.9117684897694174,0.0,9.199999809265137,2.335556568703226,191.8207374302904,2.5999999046325684,357.3999938964844,107.08167086643634,3110,2025-12-09 08:47:34+00:00,317.55033772917335,3.9965535063793136,0.0,9.300000190734863,2.4181171552211165,172.9766742547683,0.10000000149011612,355.5,95.58411020244634,1973.0,2025-12-09 07:39:03+00:00,241.36663286004057,4111.0,122.0,3.92,6.18,2.46,fishing,fishing,fishing,fishing,0.886093020439148,0.8665788173675537,False,False
b0344f52-749a-4a0d-986b-1c24675c30af,597bca59-c11c-40e3-9850-1e78213a7075,5.917556715219641,0.0,10.800000190734863,2.7258094796107146,208.24054451909123,0.0,359.0,101.94360344960691,2865,2025-12-07 08:46:51+00:00,337.8620810055866,6.619899094309263,0.10000000149011612,10.699999809265137,2.957981823965096,213.48451072507143,0.0,359.0,82.45890580449627,4955.0,2025-12-07 08:00:04+00:00,138.2737182075091,2807.0,76.0,2.65,1.53,0.98,fishing,fishing,fishing,fishing,0.8575057983398438,0.8295778036117554,False,False
aff8dec1-009b-4b5c-80cb-ef5b98773cc6,e00ea42a-19c5-4545-bf42-a72e98461496,4.136796684101775,0.0,13.100000381469727,4.135181958829803,195.88517094265464,0.0,359.0,107.00675330664689,2897,2025-12-08 22:04:34+00:00,142.68093922651934,4.702917504750847,0.0,102.30000305175781,4.993310018627614,205.97085299665613,0.8999999761581421,358.3999938964844,98.87038778333212,2982.0,2025-12-08 22:14:15+00:00,31.460919154646092,-581.0,39.0,1.35,1.31,0.67,fishing,fishing,fishing,fishing,0.872695803642273,0.8546870350837708,False,False
32bc786a-1d10-4de7-95d3-6140357cd812,bbbf09e2-234d-463c-b364-0d258ea419ba,2.120689653228784,0.0,9.899999618530273,2.4286498377590893,152.3984917921673,0.0,357.70001220703125,130.82025954934625,667,2025-12-08 20:47:26+00:00,3506.490990990991,1.8561775332829895,0.0,16.399999618530273,2.345601594352933,141.2385265551415,0.0,359.0,130.33459023133554,2501.0,2025-12-08 23:25:24+00:00,584.1096,-9478.0,20.0,3.0,0.8,0.64,,,fishing,fishing,,0.7506709694862366,True,True
1d72d533-febf-4089-a330-00d8f7bdaf36,9368093d-864f-43ce-af88-663f86b86c3b,1.1990875338694258,0.0,13.199999809265137,2.584384343480679,171.2185912207753,0.0,358.70001220703125,102.50454655930068,2959,2025-12-09 14:50:58+00:00,70.89959432048681,0.8725738546830692,0.0,12.300000190734863,2.098676149770154,181.69391561152818,0.0,358.6000061035156,104.52115106619114,1185.0,2025-12-08 22:43:02+00:00,2882.0405405405404,58076.0,3.0,0.1,0.25,0.07,fishing,fishing,anchored,moored,0.8232417106628418,0.7353439331054688,True,True
45f7e60d-ee2e-4f79-b34f-aa5c5f25016c,,2.154146838277315,0.0,12.699999809265137,2.2337283773136587,179.55221285485433,0.0,359.0,103.51355537022201,2942,2025-12-09 08:03:06+00:00,329.53621217273036,,,,,,,,,,,,,,,,,fishing,fishing,missing,missing,0.8607968091964722,,True,True
65f9f7dd-c0a3-4e1e-a081-c2ab7b809161,94f958da-3c59-47dc-9590-cddc4847ce2e,3.8155844215684165,0.0,11.699999809265137,3.517442900660276,184.22317411228386,0.4000000059604645,358.79998779296875,79.17516613526188,2849,2025-12-07 09:36:08+00:00,241.37078651685394,3.289051099207596,0.0,11.699999809265137,2.9133337762586775,191.32343317571284,0.0,358.8999938964844,95.72335639313063,3014.0,2025-12-07 09:38:11+00:00,36.78692333222702,-123.0,57.0,2.0,1.89,0.98,fishing,fishing,fishing,fishing,0.8956949710845947,0.8657061457633972,False,False
30e72695-aafb-4df1-8d96-eaedd564231f,,4.91482696437662,0.0,12.800000190734863,4.500560649480683,155.22506397825373,0.0,359.0,98.90990560237458,2745,2025-12-06 23:09:55+00:00,158.1228134110787,,,,,,,,,,,,,,,,,fishing,fishing,missing,missing,0.8494958877563477,,True,True
0251f082-1e7b-42ba-a05b-74a766e9a112,,2.4276470667299104,0.30000001192092896,9.100000381469727,2.3337569738199813,184.54424813233734,0.0,358.79998779296875,102.77295562290146,680,2025-12-08 21:17:45+00:00,3975.814432989691,,,,,,,,,,,,,,,,,fishing,fishing,missing,missing,0.9599277377128601,,True,True
4024a0a6-af67-44f3-a3ab-235277b92672,342db41f-ae7d-4c22-981a-91f5719b318a,3.7216405866198197,0.20000000298023224,8.100000381469727,1.2079654299907108,137.89479674183255,0.10000000149011612,358.29998779296875,101.22129738508201,1853,2025-12-08 07:25:43+00:00,756.9422246220303,3.9399686055203067,0.30000001192092896,8.300000190734863,0.9571353530746972,130.50982019953716,0.5,358.6000061035156,97.11984240455143,2547.0,2025-12-08 07:05:09+00:00,231.29300864100549,1234.0,94.0,5.07,3.69,2.18,fishing,fishing,fishing,fishing,0.8216219544410706,0.8919034600257874,False,False
42a6dac9-c61c-4b6c-919c-a2324b305e02,0cd2d3e3-0d8f-40a2-905b-22f5050a3915,3.22000000025802,0.0,9.300000190734863,2.074914763348364,182.0271499338369,0.0,359.0,91.39878356561043,2235,2025-12-09 23:40:02+00:00,1804.1884512085944,2.848660714569546,0.0,9.0,2.1311327903404456,185.82908545727136,1.0,357.0,96.27079952121332,672.0,2025-12-09 12:03:13+00:00,5091.983606557377,41809.0,202.0,9.04,30.06,7.47,anchored,unknown,transiting,transiting,0.6019141674041748,0.8599026799201965,True,True
34ea125f-ab29-4eb2-bb18-bb5df4f6f0e8,9dd498cc-1ba4-4324-a70d-a293a72eaba7,3.9122492878385593,0.0,102.30000305175781,3.6951749999532626,174.8298027592084,0.0,358.8999938964844,109.48721702165784,2792,2025-12-08 00:03:32+00:00,474.66176997491937,3.9494202091863015,0.0,102.30000305175781,3.324506077873202,182.68598834833134,0.0,358.8999938964844,109.98809088198436,2932.0,2025-12-07 11:09:31+00:00,173.58103036506313,46441.0,138.0,4.94,4.71,2.47,fishing,fishing,fishing,fishing,0.7695785164833069,0.6721671223640442,False,False
6bd95b6c-fe3f-41b0-9c9c-654b123f6343,aa553b06-6fd5-468e-a512-544afefd0f7f,5.348676343643314,0.0,102.30000305175781,3.188410204640233,188.3866924362199,0.6000000238418579,359.0,103.50372150896037,2342,2025-12-07 03:27:00+00:00,776.2067492524562,5.374958707883014,0.0,8.399999618530273,2.3785851939631857,153.4771749696445,0.0,359.0,103.6894523250223,3027.0,2025-12-06 22:30:12+00:00,328.6321877065433,17808.0,25.0,1.07,0.83,0.47,fishing,fishing,fishing,fishing,0.9006943702697754,0.8511850833892822,False,False
3e0a0d7f-f7b1-4525-a9a8-21c98f0da6e5,963f66db-dd5d-49f5-877b-a301df3ed613,2.2607882413353693,0.0,9.600000381469727,1.42594097794709,166.33376030719808,0.0,359.0,114.73993013833679,1497,2025-12-09 07:05:22+00:00,1791.3389037433155,2.0800203957977526,0.0,80.69999694824219,2.118473081158189,164.1932245315577,0.0,359.0,114.64436607291819,2943.0,2025-12-08 19:47:29+00:00,292.57579877634265,40673.0,20.0,1.34,0.68,0.45,fishing,fishing,fishing,fishing,0.7632933259010315,0.972411036491394,False,False
0e076be5-bbf2-4651-8864-82acb1e7f558,,2.9639539539535966,0.0,10.699999809265137,3.153031439265966,143.80305346782822,0.0,359.0,115.09903447646701,2519,2025-12-09 22:23:27+00:00,354.51191421763303,,,,,,,,,,,,,,,,,fishing,fishing,missing,missing,0.8785454034805298,,True,True
7d9bf8c2-6588-4b71-a572-e36344bbd723,7dd3b69f-e7e4-4115-9781-8b909cc256f1,9.630316060265473,0.10000000149011612,12.699999809265137,3.427197802337573,254.03292271093508,0.30000001192092896,358.20001220703125,42.24574125725678,2342,2025-12-09 22:58:17+00:00,485.18154634771463,8.930521169151135,0.0,12.5,4.1716385781634875,237.78567430034596,1.2000000476837158,352.1000061035156,47.5970927423161,2821.0,2025-12-09 22:07:00+00:00,242.70212765957447,3077.0,17.0,0.73,0.6,0.33,fishing,fishing,fishing,fishing,0.7831904292106628,0.8184462785720825,False,False
9ad7b82a-44f1-417a-a94b-6606198d498d,1dbf6059-81e8-498a-bcce-bf8696981b24,5.85088638987131,0.20000000298023224,12.0,2.7898881151097967,180.53355150596954,0.0,359.0,101.67659545049816,2482,2025-12-08 12:38:32+00:00,564.893994357114,6.335794460967984,0.10000000149011612,11.0,2.7973854635344155,172.92359618732445,0.0,359.0,95.47999464909006,3386.0,2025-12-08 18:02:22+00:00,305.79350073855244,-19430.0,39.0,1.57,1.15,0.67,fishing,fishing,fishing,fishing,0.8567449450492859,0.8964340090751648,False,False
326ae2d7-b9a1-4c24-a840-0c9618cf3d5a,6333f691-96b7-4e6c-91a0-a79c72f7f018,2.8209494308206198,0.10000000149011612,7.300000190734863,1.5259276837509876,168.9791321479369,0.0,358.70001220703125,96.72744422906285,969,2025-12-09 19:48:53+00:00,3285.5237603305786,2.873734181228129,0.10000000149011612,7.300000190734863,1.5149783631761247,169.03284061025855,0.0,358.6000061035156,97.11730650973587,948.0,2025-12-09 19:48:52+00:00,3366.324181626188,1.0,414.0,42.72,43.67,27.54,fishing,fishing,fishing,fishing,0.6751137971878052,0.6588380336761475,False,False
d70a437e-91bc-47b2-8075-c1f559890c37,9c6d88f4-03bc-4c47-a8c3-14d75ac55041,5.8798191331961736,0.0,12.5,3.34081430246581,175.83983824706004,0.20000000298023224,357.3999938964844,63.54908603266196,2101,2025-12-08 06:30:45+00:00,400.6647619047619,4.54827467385317,0.0,42.79999923706055,3.273938486263078,155.24189091556602,0.4000000059604645,357.79998779296875,76.19309308232457,2898.0,2025-12-08 05:37:05+00:00,126.574387297204,3220.0,34.0,1.62,1.17,0.68,fishing,fishing,fishing,fishing,0.9456008076667786,0.8042517304420471,False,False
f7fddad5-214c-4ff4-91aa-ed1ad385a2f4,6fa82e8f-5b23-469a-9b65-fa38d888290a,3.6908368391654043,0.0,12.100000381469727,2.833629770983309,195.54054289184901,0.0,358.5,105.04743164321617,2139,2025-12-08 05:09:21+00:00,763.9050514499532,4.4228452186891225,0.0,12.0,2.472350692962517,172.74665650581525,0.0,358.8999938964844,104.75580654250346,1195.0,2025-12-07 13:32:19+00:00,1761.9547738693468,56222.0,2.0,0.09,0.17,0.06,fishing,fishing,transiting,transiting,0.900855302810669,0.9240752458572388,True,True
c35a9d46-25cb-4675-ba45-91860db08ad5,7cc0abff-b15e-488a-a87a-f747684f8f2e,6.053892011739847,0.0,12.100000381469727,3.590733372092129,205.02224635795625,0.0,359.0,76.09862360897046,2852,2025-12-08 10:56:40+00:00,377.3511048754823,8.29873818011032,0.10000000149011612,12.199999809265137,3.2410766288395365,233.75914953624547,0.0,359.0,70.40278028171615,2853.0,2025-12-08 08:23:54+00:00,168.74544179523141,9166.0,32.0,1.12,1.12,0.56,fishing,fishing,fishing,fishing,0.9127699732780457,0.8713659644126892,False,False
438b2c7d-480e-4d19-9e51-edc738427caf,d487a808-1290-469c-88f1-2afcc82f2e78,5.481590176353047,0.0,10.100000381469727,2.590841282140564,187.4575855499412,0.10000000149011612,358.79998779296875,100.64825738624396,1874,2025-12-08 16:46:51+00:00,1006.2349172450614,5.515764869435994,0.0,11.100000381469727,2.8134156675361623,166.14665766657993,0.0,359.0,91.75872714671448,2994.0,2025-12-08 23:32:50+00:00,305.85532910123624,-24359.0,20.0,1.07,0.67,0.41,fishing,fishing,fishing,fishing,0.897020161151886,0.8068503141403198,False,False
5d23e5a2-6c32-45f7-9d4a-41242dfecf03,c5972c4d-47be-4540-aae7-73a46d1aea79,3.861984798065325,0.0,9.199999809265137,1.9922898478014937,184.47879764078135,0.0,359.0,105.19581493031652,2499,2025-12-09 17:02:04+00:00,1003.4483586869495,3.7352715367124607,0.0,9.300000190734863,1.8427001721637741,185.24074182675872,0.0,359.0,98.51193171228572,2081.0,2025-12-09 16:33:58+00:00,812.8,1686.0,86.0,3.44,4.13,1.91,fishing,fishing,fishing,transiting,0.9185685515403748,0.8840227127075195,True,False
6e831519-6284-4c9e-9cd4-b0e4e17382fb,be98697f-9e5c-48ad-9150-e67d2cd6aaaa,1.504899626721347,0.0,9.399999618530273,2.51281599044788,208.1478370472733,0.8999999761581421,358.8999938964844,95.18818334122425,2939,2025-12-07 14:35:09+00:00,325.54594962559565,1.549748070282767,0.0,9.399999618530273,2.5547316892294987,196.15290719583254,0.5,358.1000061035156,92.96142265007724,2977.0,2025-12-07 14:45:19+00:00,255.24361559139786,-610.0,380.0,12.93,12.76,6.86,fishing,fishing,anchored,unknown,0.7750769853591919,0.6951814293861389,True,True
0ceee298-0a8c-4371-9f68-3a337fc3276e,d6199154-dd51-4832-af03-94f1cad34246,5.02044510563023,0.0,9.199999809265137,2.202582298750801,176.2482575279973,0.0,358.70001220703125,105.05132506997856,3370,2025-12-09 18:00:18+00:00,811.0240427426536,5.465336137406883,0.0,9.5,2.241631905552051,194.09712368234474,0.0,358.6000061035156,95.2415736707747,2856.0,2025-12-10 01:48:06+00:00,361.3649737302977,-28068.0,32.0,0.95,1.12,0.52,fishing,fishing,fishing,fishing,0.9538098573684692,0.7948791980743408,False,False
7184da5e-76ac-4a38-8dd2-1aa959116992,5b91dc08-06ec-4982-acff-8d0e5dba1d51,3.8336773629683245,0.0,11.399999618530273,3.7488079433935932,170.98498019915155,0.0,359.0,107.74336245560784,1841,2025-12-09 19:42:05+00:00,1344.9565217391305,3.394377795632649,0.0,12.399999618530273,3.7100578829391595,183.399216026551,0.0,359.0,107.80343918623272,2917.0,2025-12-09 22:02:28+00:00,262.70438957475994,-8423.0,62.0,3.37,2.13,1.32,fishing,fishing,transiting,transiting,0.5421580672264099,0.9335747361183167,True,True
b9dc4581-15c6-4eb7-a192-ebd1ca50e3b8,0b11e650-8b1a-46a4-93d7-4ee71f803b48,4.5097966677683115,0.0,15.699999809265137,3.45745627123304,162.9631187488777,0.0,358.79998779296875,102.73632276043304,1623,2025-12-09 23:48:37+00:00,2293.551787916153,4.625383133810884,0.0,11.100000381469727,3.5374209149350926,159.02033660053633,0.0,358.79998779296875,102.0702485148906,2088.0,2025-12-09 23:50:31+00:00,1499.0033540967897,-114.0,723.0,44.55,34.63,24.2,fishing,fishing,fishing,fishing,0.8101766705513,0.7617555260658264,False,False
81d478b7-91e4-4d54-afd0-a347720ab4e4,7df93698-aae4-4823-8e5b-d37534aa83df,2.0913096720596713,0.0,9.5,2.502895051079603,167.109730824983,0.0,359.0,113.97901555399028,2451,2025-12-07 23:34:12+00:00,874.738775510204,2.2425858094910907,0.0,9.5,2.4294401017460836,167.41178295632827,0.0,359.0,112.80798916298482,3001.0,2025-12-07 12:25:00+00:00,266.298,40152.0,65.0,2.65,2.17,1.21,fishing,fishing,fishing,fishing,0.8231569528579712,0.9403650164604187,False,False
e6838e93-cf0d-44a4-bbb1-5c146c854c3d,3c51ac2f-21ec-4b95-9f9b-4b7b40ee9a9f,4.909597157972966,0.5,9.399999618530273,2.8888051740516496,195.87968824988644,0.0,359.0,105.94296751849541,1688,2025-12-09 21:44:56+00:00,716.9413159454654,6.372653672021235,0.0,9.399999618530273,2.6947501329549532,187.00118121882124,0.0,359.0,101.0448203325041,2717.0,2025-12-09 20:24:19+00:00,164.23085419734903,4837.0,9.0,0.53,0.33,0.2,fishing,fishing,fishing,fishing,0.884874701499939,0.8944461345672607,False,False
b5403823-8a62-4341-9c3a-be2f7f318a87,8faec7f0-545a-486c-aafc-5057ea86b610,2.831313134222066,0.0,10.800000190734863,2.9451732629989262,172.05953049951307,0.0,359.0,99.1498100350365,1881,2025-12-08 01:15:00+00:00,2112.309574468085,2.7831078066629225,0.0,10.800000190734863,2.975327170545372,174.11370476869163,0.10000000149011612,359.0,99.48658716304459,2143.0,2025-12-08 00:26:14+00:00,1322.2698412698412,2926.0,531.0,28.23,24.78,15.2,fishing,fishing,fishing,fishing,0.9409047365188599,0.8340173363685608,False,False
e9ca792b-6725-47f1-8319-baf7fb5a1fd8,bdba184c-6003-4724-bc91-1faa3dcedfdc,1.5896979516136993,0.0,11.899999618530273,2.5639572025490085,152.0897837767609,0.0,358.8999938964844,118.54227172424844,1854,2025-12-09 22:07:59+00:00,1374.5547760388558,2.071238947338451,0.0,12.0,2.84547533784457,143.80535662176925,0.0,358.79998779296875,114.23320826927916,2486.0,2025-12-10 00:50:41+00:00,328.44989939637827,-9762.0,65.0,3.51,2.61,1.52,fishing,fishing,fishing,moored,0.7291298508644104,0.6713764071464539,True,False
040b88f7-00bf-49c3-b792-3a62ca1291be,451ec1d5-bb2f-45c0-b849-5a68cad2399c,3.0342921230595503,0.0,9.100000381469727,1.690790138856503,176.50885668570686,0.0,359.0,103.73018288813766,2677,2025-12-09 01:22:41+00:00,1124.296711509716,2.982661296557721,0.0,9.0,1.7408944853414936,169.3295104893896,0.0,357.79998779296875,97.86345459031023,1736.0,2025-12-08 10:00:07+00:00,1704.0743515850145,55354.0,1069.0,39.93,61.58,31.97,fishing,fishing,anchored,unknown,0.7289028763771057,0.6909677982330322,True,True
97b74ec8-920c-408d-9ce2-a7a7e52cf2db,7b268324-a62c-426b-9a2f-57fa06f841a8,3.5950745745790407,0.0,10.699999809265137,3.1418041614486762,171.43157663504277,0.10000000149011612,353.6000061035156,104.04611643106925,2883,2025-12-09 15:28:43+00:00,365.2234559333796,3.3446143159592334,0.0,10.199999809265137,3.440327579003138,187.58494562357578,6.0,358.1000061035156,87.98274482000092,2878.0,2025-12-09 09:50:05+00:00,222.8303788668752,20318.0,36.0,1.25,1.25,0.63,transiting,transiting,fishing,fishing,0.8036812543869019,0.5169315934181213,True,True
57c2c375-9863-4dd5-abdf-94c55960e51b,87479cba-6ccc-4f57-983b-c9b7a977f2bc,2.944670899325874,0.0,9.699999809265137,3.0914405247476076,139.6861817238698,0.0,358.8999938964844,109.22644348219198,2993,2025-12-08 16:41:37+00:00,417.4311497326203,3.9384749883557166,0.0,10.100000381469727,2.2516852978536614,175.4918217133167,0.10000000149011612,359.0,85.95582506473137,2859.0,2025-12-08 16:45:20+00:00,115.07137858642407,-223.0,36.0,1.2,1.26,0.62,fishing,fishing,fishing,fishing,0.7886722087860107,0.942153811454773,False,False
87ef62f0-8dc4-4b13-98c7-0174d965d4ee,f1b9830d-3e98-41e6-aba6-f1b288facfb8,2.0076323963647567,0.0,56.5,2.6188564753571315,149.94384398274607,0.0,358.6000061035156,114.49903639078788,1926,2025-12-09 23:45:57+00:00,9453.9387012987,1.9910070502901294,0.0,6.900000095367432,2.322297546275713,175.77964302200584,0.0,358.5,102.92816590153164,2413.0,2025-12-10 02:25:00+00:00,305.97014925373134,-9543.0,10.0,0.52,0.41,0.23,fishing,fishing,fishing,moored,0.989017128944397,0.6382224559783936,True,False
c48a942b-19cd-444f-800a-dabd6c01102f,c3111b07-bb1e-4400-a886-e7d7115439fb,2.5741979870586684,0.0,8.300000190734863,1.246169252449335,193.47914997494806,0.0,359.0,113.67297208107678,2182,2025-12-09 20:08:43+00:00,1218.7317744154059,2.5998415386415448,0.0,8.600000381469727,1.0293653405404575,202.10260970918674,0.0,359.0,105.1620262834244,1893.0,2025-12-09 21:14:32+00:00,702.049154334038,-3949.0,8.0,0.37,0.42,0.2,fishing,fishing,fishing,fishing,0.8382521271705627,0.8256980180740356,False,False
92c26b1b-70ed-4758-8e97-a76afd6401ee,b3f63d4c-344d-48ea-91d9-7acf3fbe7261,3.1126811582739085,0.0,10.5,2.0439005415044047,165.2767439914304,0.0,359.0,104.81718512187686,828,2025-12-08 19:27:14+00:00,2804.5562273276905,2.9740573404466404,0.0,9.300000190734863,1.2571869229416366,163.67020785732862,0.0,359.0,113.30479881599305,1326.0,2025-12-09 01:51:42+00:00,786.817358490566,-23068.0,2.0,0.24,0.15,0.09,fishing,fishing,fishing,fishing,0.8627048134803772,0.9113327264785767,False,False
bf3fe32e-8d82-4e09-a494-1a18a2dc93d5,fe22614e-e290-421c-8d29-5f57d4374bc1,4.891311088546567,0.0,15.199999809265137,4.376774051604919,178.82850478237316,0.10000000149011612,358.6000061035156,104.52092358261541,1289,2025-12-09 20:57:05+00:00,1428.6172360248447,5.765641029405797,0.0,14.600000381469727,4.52172658571141,173.6267514234245,0.0,359.0,102.17636580710713,2925.0,2025-12-09 03:00:57+00:00,301.3153214774282,64568.0,85.0,6.59,2.91,2.06,fishing,fishing,fishing,fishing,0.9065781235694885,0.8520247340202332,False,False
ecd5d658-286e-41b0-83ea-41caa00075db,c582deaa-aba0-4fa0-a96a-c1a277e8e62e,1.6507375639104516,0.20000000298023224,11.600000381469727,0.9465477317641547,106.22888514706753,0.0,340.1000061035156,86.7274263685257,2915,2025-12-07 16:52:47+00:00,965.254975978037,1.5358114522757766,0.30000001192092896,7.0,0.7852045853721987,95.86513756102906,0.0,359.0,87.81456351460797,3161.0,2025-12-07 23:10:54+00:00,334.8854430379747,-22687.0,387.0,13.28,12.24,6.8,fishing,fishing,fishing,moored,0.8558716177940369,0.8269872665405273,True,False
54ba0a01-8964-4204-8f87-9bc411ade325,d71a1d6c-c1e7-49af-9745-85f00ec81d5b,4.041444121214214,0.0,9.199999809265137,2.535430816683873,201.6226773573817,0.10000000149011612,359.0,98.02260797241499,1011,2025-12-09 23:14:05+00:00,2553.6960396039603,3.16171140544673,0.0,9.600000381469727,1.9808954163403811,226.89744293592238,0.0,358.79998779296875,93.44979832687058,1379.0,2025-12-09 23:04:23+00:00,1193.3062409288825,582.0,3.0,0.3,0.22,0.13,fishing,fishing,transiting,transiting,0.8842744827270508,0.7664064764976501,True,True
3b3af6bd-5183-4a71-9ec1-101c7aa495ab,6f777457-bc96-4762-866b-8d81c46a3ec9,3.12981927544103,0.0,10.699999809265137,2.23630052937898,172.54643409286535,0.30000001192092896,359.0,108.27963438136554,664,2025-12-09 15:04:51+00:00,3692.822021116139,3.3001087223787025,0.0,10.600000381469727,2.1866371568658804,158.6199129007847,0.0,359.0,115.01868072811833,920.0,2025-12-08 13:58:49+00:00,1826.6626768226333,90362.0,3.0,0.45,0.33,0.19,fishing,fishing,fishing,fishing,0.7349496483802795,0.8502671122550964,False,False
f084d043-113e-4592-ab44-27f3111524ad,8246cb49-2fac-4746-b4f6-49c7863df433,3.351673639897709,0.0,25.200000762939453,3.829172584839543,154.7272539571771,0.0,358.79998779296875,106.3805314303718,956,2025-12-09 08:56:57+00:00,2386.0607329842933,3.8423475570359424,0.0,17.700000762939453,4.040259666246201,161.9283422755704,0.0,358.70001220703125,107.26407050601307,1738.0,2025-12-09 14:10:01+00:00,1174.1836499712147,-18784.0,8.0,0.84,0.46,0.3,fishing,fishing,transiting,moored,0.6923486590385437,0.49944889545440674,True,True
693f4039-4619-482a-b8e1-51290140adf7,f3e05c3a-441f-4bcb-98c3-71dead8ae9d9,0.3364882507840507,0.0,4.5,0.8378416633909868,159.44209579730213,0.4000000059604645,358.3999938964844,107.6174749583088,3064,2025-12-09 21:56:26+00:00,791.564152791381,0.03467768652626305,0.0,2.200000047683716,0.09370446262543174,222.50820745210194,0.4000000059604645,356.8999938964844,97.58588992439782,3025.0,2025-12-09 18:35:50+00:00,156.0433201058201,12036.0,33.0,1.08,1.09,0.54,fishing,fishing,fishing,anchored,0.841381847858429,0.8271906971931458,True,False
270bf2e8-a3a3-49d1-8394-36964aae843f,e204182d-19fd-44ab-8c8a-42934129feab,2.3588873908894197,0.0,9.300000190734863,1.897611600008285,171.94755572012787,0.0,358.79998779296875,113.34077575894341,737,2025-12-09 09:33:30+00:00,3715.7608695652175,2.7653884102563824,0.0,9.0,2.1599116317107647,185.6439733006973,0.0,358.70001220703125,107.80622895239573,1017.0,2025-12-09 11:50:52+00:00,1794.642716535433,-8242.0,7.0,0.95,0.69,0.4,fishing,fishing,fishing,fishing,0.6610128283500671,0.9139519929885864,False,False
c2c82633-eb9d-4384-8017-a9f514cc520d,f863e332-10b6-4970-924c-addd282cb8db,2.443384296815051,0.0,11.300000190734863,1.7344303721657715,186.54546450655167,0.0,359.0,116.68434987647487,1897,2025-12-09 03:54:37+00:00,1407.8771097046413,2.0796728211555986,0.0,8.600000381469727,1.3712800978551591,182.30764332730962,0.0,359.0,118.556622281466,2445.0,2025-12-08 08:48:36+00:00,448.7639116202946,68761.0,7.0,0.37,0.29,0.16,fishing,fishing,fishing,fishing,0.9467876553535461,0.8602311015129089,False,False
66d0c084-6c44-459a-9e4e-9131492fdf22,1300412f-85b8-42c6-811d-e193e1b8eaff,6.739192642450455,0.0,12.399999618530273,4.883311378296632,204.80616323805629,0.10000000149011612,359.0,105.74822339219818,1957,2025-12-09 11:17:26+00:00,990.2842535787321,6.639917133826227,0.0,12.199999809265137,4.919662908551993,212.6665401604996,0.0,359.0,104.42753777442037,2896.0,2025-12-09 17:13:08+00:00,426.75544041450775,-21342.0,18.0,0.92,0.62,0.37,fishing,fishing,transiting,transiting,0.6023119688034058,0.7651408314704895,True,True
d3bb55a3-c5d8-4d51-9735-95b4bb7da1db,663802eb-933b-4ff2-8057-3d6c4dc9dce2,2.776947923506947,0.0,9.199999809265137,1.724244319552031,194.81530700154207,0.0,359.0,100.32100668280381,2477,2025-12-07 12:21:02+00:00,907.7964458804523,2.8503272520532863,0.0,8.100000381469727,1.6255219360292754,194.69258241425607,0.0,358.70001220703125,101.32607181841983,2903.0,2025-12-07 13:25:08+00:00,96.68194348725017,-3846.0,25.0,1.01,0.86,0.47,anchored,unknown,fishing,fishing,0.5309907793998718,0.8593258857727051,True,True
43cf4f68-7c8d-4231-ba72-dc0bf45f37b9,4440840d-ef10-4ab5-97a4-6be6685437e3,2.3444558910966697,0.0,8.699999809265137,2.1012647527555277,151.37548907540568,0.0,357.6000061035156,118.8921886958591,2913,2025-12-08 10:23:45+00:00,800.6133241758242,2.723272513020225,0.0,8.600000381469727,1.496821809891076,203.47154665234677,0.0,357.20001220703125,97.12506415379755,3068.0,2025-12-08 06:22:56+00:00,360.6807955656994,14449.0,76.0,2.61,2.48,1.29,transiting,transiting,fishing,fishing,0.7087530493736267,0.9861003756523132,True,True
e2ee9d13-f01e-4cd9-b2b8-4a92ecdac444,71acffb9-129b-4524-986c-6ba753c8a20b,3.3377461324664006,0.0,10.5,3.142191140398447,143.9481979872024,0.0,357.29998779296875,99.21271971594192,2387,2025-12-08 10:25:47+00:00,1276.018021793797,3.1035099929610124,0.0,10.5,2.9877526573279307,143.95410772825778,0.0,357.29998779296875,97.03679351796988,2906.0,2025-12-08 07:32:49+00:00,979.8729776247849,10378.0,1486.0,62.25,51.14,39.03,fishing,fishing,fishing,fishing,0.8670229315757751,0.8639663457870483,False,False
c974eacc-16fe-41ba-977e-abb85f699475,45d87284-6b55-4769-9e74-e1a2dcf7e502,3.43705280818794,0.0,8.399999618530273,1.4982280508292942,171.09505517292968,0.20000000298023224,358.3999938964844,99.97687918716743,1174,2025-12-08 04:03:44+00:00,2203.1935208866157,3.358648536065843,0.0,10.0,1.3033164297771664,189.79098217868136,0.699999988079071,358.6000061035156,86.93118057037884,2353.0,2025-12-08 06:35:16+00:00,799.3337585034013,-9092.0,19.0,1.62,0.81,0.54,fishing,fishing,fishing,fishing,0.9579653143882751,0.8450002074241638,False,False
16881a40-a280-4b51-8572-13eca0e1f233,c5811ea4-effd-4de2-9564-826dbe2b305e,3.2363943636795165,0.0,9.199999809265137,2.509347676716436,189.19678674841546,0.6000000238418579,358.79998779296875,99.34799086840914,1775,2025-12-09 11:57:47+00:00,640.7288613303269,2.989869280865574,0.0,9.899999618530273,2.2745604447755214,178.472483621937,1.600000023841858,358.8999938964844,95.6801654060438,1530.0,2025-12-09 10:53:01+00:00,510.5997383911053,3886.0,142.0,8.0,9.28,4.49,fishing,fishing,transiting,transiting,0.6650222539901733,0.8721644878387451,True,True
f6afd87c-8019-4a7a-b7d5-5f7e78efe85b,574312fb-90d3-46b3-ae3e-01ee0a9f3e64,3.4454028541796013,0.0,59.599998474121094,2.8808823327357342,171.9972361921696,0.0,358.79998779296875,115.16596686242237,1055,2025-12-09 20:50:28+00:00,2744.3529411764707,2.6450317240595145,0.0,10.300000190734863,1.420739112562986,170.85761141923825,0.0,359.0,115.24717028324092,1419.0,2025-12-09 13:47:11+00:00,956.1897038081805,25397.0,4.0,0.38,0.28,0.16,fishing,fishing,fishing,fishing,0.8843784332275391,0.9422377347946167,False,False
53a15d73-0377-4826-aa8d-356c7c36a8db,afc1928a-fe30-4cab-9f35-9468847255bd,2.5374690547659258,0.0,9.199999809265137,1.3116354837202269,148.17582789442554,0.699999988079071,358.3999938964844,93.67013854674663,3232,2025-12-08 17:28:52+00:00,385.82853605694834,2.403241300789946,0.0,7.5,0.7273333558490036,147.23576625934592,0.30000001192092896,358.20001220703125,94.01107436251677,3332.0,2025-12-09 19:51:32+00:00,116.35244671269889,-94960.0,104.0,3.22,3.12,1.61,fishing,fishing,fishing,fishing,0.6676390171051025,0.7930946946144104,False,False
1531f82a-209c-4809-bfa0-cb4056c7c670,d93a4ca6-0394-41ba-959b-3e16fd571f9a,2.227991322005804,0.0,10.600000381469727,2.5541370852373846,166.7833436213147,0.0,358.8999938964844,98.90345523501969,3226,2025-12-06 20:17:13+00:00,38.74387596899225,2.5113756897837924,0.0,11.100000381469727,2.874065104758015,170.64739336459434,0.6000000238418579,358.70001220703125,103.1205735315231,1134.0,2025-12-06 20:02:52+00:00,2105.5613415710504,861.0,8.0,0.25,0.71,0.18,fishing,fishing,fishing,moored,0.8325596451759338,0.6269215941429138,True,False
8146eb3b-79ce-4786-b85f-cfc10ac2808f,518463a3-969c-44f3-9b6a-34acaaf74c44,2.7526785648693997,0.0,8.600000381469727,1.3429175461215046,175.10000004626144,0.0,359.0,116.58556315061358,560,2025-12-09 08:46:21+00:00,3753.8676207513417,2.711612526345303,0.0,9.0,1.3948485978044094,171.1048968696244,0.0,359.0,117.1160581858534,1662.0,2025-12-09 17:21:03+00:00,947.7886815171584,-30882.0,3.0,0.54,0.18,0.14,fishing,fishing,fishing,fishing,0.886208713054657,0.8679118156433105,False,False
3dd7a34a-0d6b-4a20-a812-10c5edf9f627,ee0c4ec9-9601-4bec-9de1-82c369fbd3a4,2.840318215679259,0.0,10.0,2.8728211424040713,200.29796372583317,0.20000000298023224,359.0,84.34402304395593,2954,2025-12-08 09:44:13+00:00,451.17778530308163,4.170216486237777,0.0,10.300000190734863,2.3160490027370013,208.80335584277665,0.30000001192092896,358.79998779296875,101.61758769265461,2864.0,2025-12-07 16:14:34+00:00,263.35766678309466,62979.0,31.0,1.05,1.08,0.54,moored,unknown,fishing,fishing,0.5395485758781433,0.7916949987411499,True,True
298653e1-6afb-47bf-b901-b61526ab1aa4,b0168b50-a3ea-4c4f-a84c-5ae8fb3342aa,5.153189660917068,0.0,11.300000190734863,3.71700708897445,165.7548442328845,0.0,358.70001220703125,107.64097406194061,1160,2025-12-09 15:15:41+00:00,2120.8835202761,5.077241816442718,0.0,14.399999618530273,3.6267428864835907,172.16578880805938,0.0,359.0,115.43151752412078,1762.0,2025-12-09 16:47:17+00:00,613.1311754684838,-5496.0,16.0,1.38,0.91,0.55,fishing,fishing,fishing,fishing,0.6265281438827515,0.5700541734695435,False,False
227cc51a-7337-481d-80f6-c453fdd99733,359b4670-41ae-47c0-b5e5-3d27daffb706,3.3655961801421737,0.0,11.899999618530273,2.697713372337545,174.61136295991153,0.0,359.0,106.11375243504104,2927,2025-12-09 19:42:48+00:00,513.2747778537253,3.0749839131156054,0.0,12.0,2.2411498064951734,167.08273356948806,0.0,359.0,105.90142481939672,3106.0,2025-12-09 19:52:46+00:00,438.21384863123996,-598.0,116.0,3.96,3.73,1.96,fishing,fishing,fishing,fishing,0.8688071966171265,0.7534422874450684,False,False
f83092e1-8631-4b22-9098-e3d55bd17adf,7cd6b57a-b84b-4355-aeae-e2b7c9fda1a2,6.7176252925487185,0.0,11.399999618530273,2.9019437268313286,194.81542108248507,0.0,359.0,102.13388353038928,2973,2025-12-08 00:50:23+00:00,549.9862045760431,6.597171612253054,0.0,11.300000190734863,2.2586096398920894,192.16768773692925,0.10000000149011612,358.70001220703125,99.57988869750277,2687.0,2025-12-08 00:00:09+00:00,449.1001489203276,3014.0,41.0,1.38,1.53,0.73,fishing,fishing,fishing,fishing,0.5433171987533569,0.8003393411636353,False,False
22a4a2a5-36f5-4eb7-b0d8-ae9f8eb30151,c0ef7094-1e24-45a9-ba1a-f5446dc319aa,3.616336291759025,0.0,15.0,4.103653535606985,107.56162805802275,0.0,357.6000061035156,97.81259475601209,2926,2025-12-09 06:13:29+00:00,495.4512820512821,2.9780479764974093,0.0,13.100000381469727,2.371660365458548,93.96859342378595,0.0,359.0,92.69061193174991,3002.0,2025-12-09 06:16:59+00:00,179.27090969676775,-210.0,33.0,1.13,1.1,0.56,fishing,fishing,fishing,fishing,0.8564271330833435,0.8363053798675537,False,False
ecd654e6-98db-4343-b037-ccc953dc74cd,89b2aadd-7aa7-48cf-a3be-56e91423c272,1.033672429899132,0.0,9.600000381469727,2.07724689271339,201.79111563241776,0.0,359.0,133.81133984092529,2949,2025-12-07 20:34:01+00:00,236.3290366350068,0.9590325837892975,0.0,9.300000190734863,1.9797285503254647,208.2829878249424,0.0,359.0,132.72011246338835,3039.0,2025-12-07 23:19:37+00:00,184.45523370638577,-9936.0,64.0,2.17,2.11,1.08,fishing,fishing,fishing,fishing,0.6300455331802368,0.5579708218574524,False,False
675150d9-3c76-491c-ae31-675fbaf59db1,4f9165a3-5988-4bd2-b6ee-1661af2e3b0f,4.191958412941242,0.0,102.30000305175781,5.5875883557161234,192.74942737469593,0.0,359.0,107.61528604179877,2885,2025-12-08 00:27:54+00:00,285.66920943134534,3.9425532086742767,0.0,10.5,2.185534605773502,208.04517250572462,0.0,359.0,106.27938046572164,2914.0,2025-12-08 08:20:01+00:00,128.92138688637144,-28327.0,68.0,2.36,2.33,1.19,fishing,fishing,fishing,fishing,0.8866413831710815,0.8691547513008118,False,False
8e526183-c891-4ea4-be7e-22cfabc7aa56,4f8a7dc2-f80f-4ce2-90b6-98389e7f523c,3.8817090112982666,0.0,11.600000381469727,4.106233469614356,173.5567056776476,0.0,359.0,103.0458929538556,2165,2025-12-09 20:57:47+00:00,809.3687615526802,3.1902546126630953,0.0,12.0,3.8468282046950435,169.2481049957725,0.0,359.0,108.1158661544845,4556.0,2025-12-09 18:56:37+00:00,109.24083424807904,7270.0,17.0,0.79,0.37,0.25,fishing,fishing,fishing,transiting,0.9879446029663086,0.6110652685165405,True,False
31908d18-6d3d-4a57-ae19-594496f0836c,a8a9224b-b474-4f23-a741-7fc0363ad13e,4.5948778149382825,0.0,10.899999618530273,3.443619756002763,157.94664169144315,0.0,359.0,99.34878488534633,2987,2025-12-08 07:36:31+00:00,324.22304085733424,4.985755124184882,0.0,11.100000381469727,3.5058044851175216,162.37206369177693,0.0,359.0,101.10039884001402,2801.0,2025-12-08 07:42:57+00:00,204.7682142857143,-386.0,44.0,1.47,1.57,0.77,fishing,fishing,fishing,fishing,0.7273602485656738,0.8373114466667175,False,False
ec830ea9-7fda-4edb-85ee-fb8602b7b1ce,2da5ec2c-56fb-4b88-83d8-a783d85d0d92,2.546769243157827,0.0,10.399999618530273,3.1525170973013004,171.503077286436,0.0,357.70001220703125,101.13290057189857,650,2025-12-09 10:46:40+00:00,3601.252696456086,2.0966716104368928,0.0,79.0999984741211,3.652108176196662,159.83372912776304,0.0,359.0,109.66638930896953,1352.0,2025-12-09 07:23:00+00:00,1367.6173205033308,12220.0,5.0,0.77,0.37,0.25,fishing,fishing,fishing,fishing,0.7395151257514954,0.7896182537078857,False,False
2b4d33a1-96d4-4190-b176-181c8736a95e,,4.6167746380510035,0.0,10.100000381469727,2.9713338666011606,175.32389138047333,0.0,359.0,107.98890606928121,2933,2025-12-09 03:35:23+00:00,329.5900409276944,,,,,,,,,,,,,,,,,fishing,fishing,missing,missing,0.8958733677864075,,True,True
72ed6215-fe81-4929-9e96-4ee241687774,e2159d45-2987-4870-abc5-1429f69da57f,3.3275917102322814,0.0,9.899999618530273,1.943422060763043,187.21534756851506,0.0,359.0,107.4642483758604,627,2025-12-09 12:40:07+00:00,3843.3418530351437,2.848794270289623,0.0,11.600000381469727,2.155934659852153,137.10134715000424,0.0,359.0,122.38334008897121,1949.0,2025-12-09 15:35:09+00:00,793.4034907597536,-10502.0,4.0,0.64,0.21,0.16,fishing,fishing,transiting,moored,0.769302248954773,0.4995557367801666,True,True
f3bf9fa3-6037-4981-a49a-e5f52d45e0c3,9fc0286c-9c7a-43f9-a856-3e55d7fc296d,2.718844521000617,0.0,10.0,2.5339589834755234,174.4040096802133,0.0,359.0,96.46369452661942,2579,2025-12-08 16:06:51+00:00,2159.190457719162,2.42786422423502,0.0,9.699999809265137,2.2397369942364955,169.75818656351942,0.0,358.8999938964844,97.01261243420284,2828.0,2025-12-08 21:01:33+00:00,1335.548991864167,-17682.0,1085.0,42.07,38.37,25.1,fishing,fishing,fishing,fishing,0.9000787734985352,0.9350202679634094,False,False
d25a0523-d3b9-44ec-8230-01533be743bb,7abddab6-9146-4157-90f0-f17c733ad5cc,4.174562116156504,0.0,12.100000381469727,3.424294445952917,173.11560230609905,0.0,359.0,102.79822685647916,2512,2025-12-09 14:37:25+00:00,1873.0549581839905,5.632732748962916,0.0,11.399999618530273,2.9963846663948246,173.64155807645056,0.0,358.8999938964844,115.67028491710205,1665.0,2025-12-09 13:29:02+00:00,1584.8088942307693,4103.0,67.0,2.67,4.02,1.63,fishing,fishing,transiting,transiting,0.8634001016616821,0.6353706121444702,True,True
76c646bc-0e39-41a4-b1dc-fe683a8fb733,4f95eb4b-99e4-4080-865b-fbba7ea450f5,3.6509497967830464,0.0,11.0,1.5606663544971702,226.4524958873645,0.0,359.0,102.99145888942478,2948,2025-12-10 00:19:41+00:00,667.5252799457076,4.009898478396917,0.0,10.5,1.7848010139374795,233.80959339297863,0.0,358.5,100.2218604720801,1576.0,2025-12-09 22:40:37+00:00,1473.4812698412698,5944.0,227.0,7.7,14.4,5.28,fishing,fishing,fishing,fishing,0.6827031373977661,0.985958993434906,False,False
b201af4d-e100-400a-b418-17acb61b3362,,2.2297886013817627,0.0,13.0,3.5547698767409095,177.88319975385187,0.0,358.8999938964844,103.02021132214281,3122,2025-12-09 12:43:10+00:00,225.29317526433834,,,,,,,,,,,,,,,,,fishing,fishing,missing,missing,0.8340573906898499,,True,True
865e3491-40cd-491f-b560-4092549f8046,,4.7227353469472515,0.0,11.600000381469727,3.2866946870225786,197.86870512384877,0.0,358.79998779296875,103.0410661481634,1689,2025-12-07 08:55:20+00:00,463.3080568720379,,,,,,,,,,,,,,,,,fishing,fishing,missing,missing,0.7546558380126953,,True,True
86521d2d-ba42-4206-afe5-da0608cb4252,fd686464-14c2-4673-8fb2-d658592814b3,5.293095556674181,0.4000000059604645,14.399999618530273,3.175229038403384,166.53426870624187,0.0,359.0,122.05997558763487,2187,2025-12-09 21:36:41+00:00,254.44464775846293,5.632567700242543,0.10000000149011612,14.600000381469727,3.4495355623959516,167.23151928172044,0.0,359.0,130.72476709784544,2917.0,2025-12-09 19:56:29+00:00,112.46844993141289,6012.0,160.0,7.32,5.49,3.24,transiting,transiting,transiting,transiting,0.9066700339317322,0.7227376699447632,False,False
8c22ae58-7ab7-4d1f-b8ad-12101a8d166f,4b4cf8e4-dfc2-484a-89c8-29dcffa3725b,4.8173288237917555,0.30000001192092896,12.5,2.7580970242748712,191.09532393638807,0.0,359.0,90.07922994795535,2366,2025-12-07 22:04:40+00:00,525.3864693446088,5.376034242017314,0.10000000149011612,12.699999809265137,2.7830849392172197,179.10975506909637,0.0,359.0,94.40312374596532,2804.0,2025-12-07 22:18:20+00:00,187.47948626471637,-820.0,19.0,0.8,0.68,0.37,fishing,fishing,fishing,fishing,0.8302528858184814,0.7961944937705994,False,False
5f672a1a-d4c3-46e9-80c2-d64585de544f,176e3f59-160c-43fc-bf40-4bab5723c9d9,5.806547221576834,0.10000000149011612,9.899999618530273,2.347283537669271,178.52765078646954,0.0,359.0,113.89023045533195,2902,2025-12-07 05:17:12+00:00,442.40089624267495,4.562521186302836,0.0,9.899999618530273,2.105395404333233,171.15392233063383,0.0,359.0,110.61386916880913,2951.0,2025-12-07 09:15:00+00:00,241.32101694915255,-14268.0,27.0,0.93,0.91,0.46,fishing,fishing,fishing,fishing,0.9695428609848022,0.8517501354217529,False,False
49ba6076-54d4-4b4c-a7b0-6a3a9c8edfea,694b5184-2d96-47b0-a258-78579d6e7cbf,3.5172798706602832,0.0,11.899999618530273,2.327950582670073,166.4553807756512,0.699999988079071,358.79998779296875,99.13313907627263,2419,2025-12-09 23:00:29+00:00,840.9784946236559,3.5594840857979015,0.0,10.899999618530273,1.5786851752960163,160.17075716352755,0.20000000298023224,359.0,98.1499719865525,3295.0,2025-12-10 01:21:09+00:00,172.789313904068,-8440.0,24.0,0.99,0.73,0.42,moored,unknown,,,0.7859535217285156,,True,True
8f67f2fd-1c0a-4de2-b18e-f98584af83df,ad32b5c4-e8e0-40fe-a753-c263d87cbbbc,4.668106312726358,0.0,11.899999618530273,2.7230107328559168,188.2023420752175,0.0,359.0,104.7355506515654,2709,2025-12-06 21:55:22+00:00,534.7481536189069,5.4747720330988825,0.10000000149011612,12.100000381469727,2.877847913327024,184.84597944152057,0.0,359.0,111.88039504661741,2961.0,2025-12-06 19:00:24+00:00,217.3070945945946,10498.0,48.0,1.77,1.62,0.85,fishing,fishing,fishing,transiting,0.8435789346694946,0.842859148979187,True,False
31d798f4-629b-4199-a2c3-4cfe68fab1ad,5444186f-152f-4a3e-94a8-02a7ce4ef542,7.296062628747419,0.0,13.600000381469727,5.223534665009585,193.97416661592823,0.0,359.0,104.113337554809,2108,2025-12-09 20:54:00+00:00,721.1737066919791,7.309716895199227,0.0,13.699999809265137,5.318906443915316,200.12920621393067,0.0,359.0,99.48219158581242,2861.0,2025-12-09 14:39:46+00:00,333.4013986013986,22454.0,37.0,1.76,1.29,0.75,fishing,transiting,transiting,moored,0.6732326149940491,0.7864324450492859,True,True
83d29318-678b-4dc4-9c09-f29b9b985d64,fc0fea36-c84d-4eb6-8783-1d287f2b7945,1.766745129897038,0.0,9.699999809265137,2.9659941261380194,172.9070225944947,0.0,359.0,114.43606962656953,2974,2025-12-09 00:51:20+00:00,812.6932391523713,2.5403951132614218,0.0,102.30000305175781,3.7975222897916563,158.0650928523232,0.0,359.0,117.87203705834773,2936.0,2025-12-08 15:18:48+00:00,179.64872231686542,34352.0,38.0,1.28,1.29,0.65,fishing,fishing,fishing,fishing,0.5710006356239319,0.8284740447998047,False,False
341fe02c-aaaf-4e88-af3e-97de955e4177,51fc197b-c6e8-487f-b54b-796ce6096389,1.1210107636098892,0.0,10.100000381469727,2.4850853448286445,183.28847607997574,0.20000000298023224,359.0,110.89244421307025,2137,2025-12-08 06:12:29+00:00,810.1980337078652,0.8655964886116877,0.0,10.399999618530273,2.1280347862522078,180.46410472637822,0.0,359.0,107.8664888527,2959.0,2025-12-08 05:43:44+00:00,338.21467207572687,1725.0,115.0,5.38,3.89,2.31,fishing,fishing,fishing,fishing,0.8312665820121765,0.6794565916061401,False,False
ece18b80-422c-44e4-a8c6-ebe6d7ac886e,5c121d2c-d9f9-48fc-a9be-d882735df271,2.850070520765207,0.0,10.199999809265137,1.432400337158237,187.78525669013078,0.4000000059604645,358.79998779296875,98.20104929443187,2836,2025-12-10 00:57:49+00:00,648.384126984127,3.016773340433746,0.0,10.300000190734863,2.120362779337094,181.6335605977751,0.0,359.0,99.90710840114235,2969.0,2025-12-10 00:10:20+00:00,418.16509433962267,2849.0,113.0,3.98,3.81,1.99,transiting,transiting,transiting,transiting,0.8955419063568115,0.7987921237945557,False,False
4e0094b3-552a-4d89-ac10-c7db700a0f24,c21ad8f3-5fc6-42e0-9a9b-1b983db139f0,6.324096382894403,0.0,14.800000190734863,4.741403822251521,196.7433163098211,0.0,359.0,103.65177842687356,2241,2025-12-09 00:46:19+00:00,418.79017857142856,5.966289829150092,0.0,14.699999809265137,4.247195712478534,172.45618363666634,0.0,356.20001220703125,90.22261128323773,2919.0,2025-12-09 02:10:38+00:00,94.15695681973955,-5059.0,49.0,2.19,1.68,0.96,fishing,fishing,transiting,transiting,0.8603383898735046,0.5871423482894897,True,True
993f6744-82fe-408d-85ae-d5a86969b090,43736fdb-bf6c-40a4-bd68-dcbf01f685e7,3.2088799260423877,0.0,9.899999618530273,2.265911704747172,166.3504496632636,0.0,359.0,104.40137915231642,2973,2025-12-09 21:54:12+00:00,586.193472409152,3.195823033612295,0.0,10.0,2.3066194460327263,166.24699362957966,0.0,359.0,102.11294736326822,3232.0,2025-12-09 22:25:49+00:00,389.97121634168985,-1897.0,125.0,4.2,3.87,2.06,fishing,fishing,transiting,transiting,0.9818965196609497,0.9369129538536072,True,True
0ec172f1-32b9-4fef-bb61-98b0d4327edf,1ff2cabc-642e-44d8-ba4e-cb9ac5c2fb86,4.218410747289391,0.0,11.199999809265137,3.7476968913997815,151.22982639060984,0.699999988079071,357.1000061035156,98.34891761502234,1787,2025-12-06 12:51:52+00:00,293.44400895856666,4.323892465721863,0.0,10.800000190734863,3.7199084603791865,148.1595406436579,0.0,358.0,99.5681334373186,1264.0,2025-12-06 18:44:59+00:00,1363.2977038796516,-21187.0,36.0,2.01,2.85,1.19,fishing,fishing,fishing,fishing,0.8421908020973206,0.7827056050300598,False,False
24058eca-a1a5-4803-9650-6ecead6e6731,,3.4020442975415284,0.0,9.0,1.6569294137199673,202.2344122657581,0.0,359.0,106.48095208809559,2935,2025-12-09 08:37:01+00:00,1031.807089297887,,,,,,,,,,,,,,,,,fishing,fishing,missing,missing,0.5903481245040894,,True,True
bfb723c2-3e07-4230-888e-9319aac95715,baa6c5ba-9133-42da-bbbe-289bd00ca5be,3.810085170666546,0.0,9.5,1.678632047977025,215.61661503492945,0.0,359.0,100.54259715845704,2935,2025-12-09 12:21:25+00:00,664.3725289706884,3.592449874311308,0.0,9.5,1.5635713976401235,214.91915334931102,0.0,359.0,102.00257528187402,1894.0,2025-12-09 10:59:24+00:00,1210.9154780771262,4921.0,29.0,0.99,1.53,0.6,fishing,fishing,moored,moored,0.7336883544921875,0.8449539542198181,True,True
2cd3d757-6821-4e50-bf41-8e842a51d4f3,06745302-507e-4adf-977e-075095606d96,6.679456026383883,0.0,10.800000190734863,3.2135894877888247,187.22640765896386,0.0,359.0,98.96140988975189,1728,2025-12-08 11:24:57+00:00,1403.7492762015056,6.492878024733282,0.0,10.5,3.2202986291121634,188.9224697138009,0.0,358.8999938964844,98.03054007318636,1713.0,2025-12-08 14:29:43+00:00,1433.6372663551401,-11086.0,567.0,32.81,33.1,19.73,fishing,fishing,fishing,transiting,0.9056358933448792,0.8099881410598755,True,False
9d8236d2-1847-469f-96aa-71a9b88d9e4d,fe898d9d-05d1-4ccc-ac22-32a31cb9452c,3.357519538141787,0.0,11.899999618530273,2.066654820032704,142.73289218570198,0.0,359.0,113.78942282516032,2048,2025-12-08 13:28:21+00:00,1765.6868588177822,3.695862082514726,0.0,10.699999809265137,2.0887732467420776,139.66389609462624,0.0,359.0,111.6245759667164,1305.0,2025-12-08 09:24:48+00:00,2075.2078220858893,14613.0,128.0,6.25,9.81,3.97,transiting,transiting,fishing,fishing,0.8378851413726807,0.9824659824371338,True,True
8bd142e8-9a27-46d4-8611-2bcccc5d6bde,bd26ed08-a591-464b-891c-bcb331ffd509,0.14745931595573786,0.0,8.5,0.9601958661578451,70.59272430539131,0.0,358.20001220703125,100.05507647820822,3011,2025-12-09 14:52:18+00:00,677.8860465116279,0.15626450086967575,0.0,8.399999618530273,0.9123371503907937,74.14651185135509,0.0,358.29998779296875,105.60149479689464,862.0,2025-12-09 21:03:49+00:00,2055.945412311266,-22291.0,14.0,0.46,1.62,0.36,fishing,fishing,fishing,moored,0.6233733296394348,0.8881670236587524,True,False
3a14d3d3-65b6-466a-82e3-2277c9c1c62f,ded7c29c-da9c-42a8-bed2-bb15825d550e,4.222507606634077,0.0,12.600000381469727,1.7714302687840067,200.19017946618698,0.20000000298023224,359.0,97.1458327006416,2959,2025-12-07 01:35:22+00:00,510.3610547667343,4.018343201995491,0.0,12.800000190734863,2.5043070706512065,209.78024511756095,0.0,358.8999938964844,95.27717717735625,2704.0,2025-12-07 00:22:04+00:00,203.28597854236034,4398.0,32.0,1.08,1.18,0.57,fishing,fishing,fishing,fishing,0.8192065358161926,0.8634122014045715,False,False
e7fedd8f-2954-451b-a435-0d435082b28a,77092fe3-85d9-4d13-8d95-a6d0cc413169,2.1750992788292436,0.0,9.800000190734863,3.331175373197223,185.03024606713726,0.30000001192092896,358.20001220703125,90.79422794590951,1763,2025-12-08 20:37:31+00:00,1313.8745743473326,1.8618034579687648,0.0,10.0,3.1295836827000114,171.50602909128264,0.0,359.0,77.00277721376037,2961.0,2025-12-08 12:02:05+00:00,566.8175675675676,30926.0,15.0,0.85,0.51,0.32,fishing,fishing,fishing,fishing,0.8827082514762878,0.85254967212677,False,False
db679e78-147d-49f4-b250-e62b0ee04c29,3ff3623c-2050-471a-aa88-8e0e20accf3a,3.6223771112806333,0.0,14.300000190734863,4.768968308062985,195.63736677446826,0.10000000149011612,359.0,116.85484724596962,2726,2025-12-09 21:04:00+00:00,405.20330275229355,3.649140304033907,0.0,12.5,3.743085262022345,149.71356989514854,0.0,359.0,134.1988402607796,2908.0,2025-12-09 21:08:45+00:00,144.93016855865153,-285.0,17.0,0.62,0.58,0.3,anchored,unknown,fishing,fishing,0.684947669506073,0.8749549388885498,True,True
0d1d463d-3eaa-47a0-bc8b-7f5c40001222,,3.492264575028433,0.0,10.0,1.603908184000391,213.85369962924932,0.0,359.0,115.99054410155695,892,2025-12-08 05:58:53+00:00,8782.922558922559,,,,,,,,,,,,,,,,,transiting,transiting,missing,missing,0.5066555738449097,,True,True
c6b62177-2b73-40b2-86b2-51cf89be9cbb,7d6d476d-71c7-46e3-9870-664949a68559,4.213668074396489,0.0,84.0999984741211,3.9116474019024747,161.93142514549425,0.0,359.0,101.15130867202522,1434,2025-12-09 19:44:27+00:00,1763.877180739707,2.776931119689986,0.0,12.699999809265137,3.2937808774930386,143.58485692278057,0.0,358.1000061035156,113.95722389807287,1916.0,2025-12-09 18:47:38+00:00,362.73211488250655,3409.0,5.0,0.35,0.26,0.15,fishing,fishing,anchored,unknown,0.7009986042976379,0.5740153193473816,True,True
f16098b4-3179-47bf-be9e-9fe8a0fe9236,3da1bcda-ba55-4f5e-9e6b-6b7391570218,3.1901853133604066,0.0,102.30000305175781,2.8468627487532343,196.23143241987816,0.0,359.0,97.87043783109145,2914,2025-12-08 23:31:16+00:00,588.2914521112256,3.2329182416980027,0.0,10.300000190734863,2.5139180548202544,199.9469081754752,0.0,359.0,101.41387058658118,2409.0,2025-12-09 06:21:30+00:00,744.5556478405316,-24614.0,39.0,1.34,1.62,0.74,fishing,fishing,,,0.7735769152641296,,True,True
14396bea-f3d2-4a4a-a334-cba686ea91c5,4c2078e6-db3f-4df3-ba36-8e927cb6d426,3.318496146791131,0.0,9.199999809265137,1.6412753361024977,220.1071610693431,0.0,359.0,99.93849352420305,2979,2025-12-09 00:06:31+00:00,1221.7891202149094,3.2110656014684325,0.0,9.100000381469727,1.818154445111344,207.21322635031237,0.0,359.0,99.81925184310987,2928.0,2025-12-09 12:12:20+00:00,1451.3990433891356,-43549.0,959.0,32.19,32.75,19.38,fishing,fishing,fishing,fishing,0.8636033535003662,0.9710110425949097,False,False
d8018155-1c92-4f62-8351-70a43515a46a,37dcfef3-86b3-4152-bda1-fb886d77093e,2.294957987400664,0.0,12.399999618530273,2.6668115357405404,169.24149860526978,0.0,359.0,95.92263735306878,1190,2025-12-09 06:02:26+00:00,2639.6139613120267,1.5557649770210562,0.0,12.100000381469727,2.7100357958415,182.59996425376704,0.0,358.8999938964844,90.82205724726536,2706.0,2025-12-09 09:41:00+00:00,304.20813308687616,-13114.0,37.0,3.11,1.37,0.96,anchored,unknown,transiting,transiting,0.7308864593505859,0.8212229013442993,True,True
82ca7705-e436-4d38-839a-c3d346ab3f66,d75a92a1-e2c7-4cfb-b91f-a8af23f4fee0,5.730244523904345,0.20000000298023224,9.800000190734863,2.2880514526208438,212.49598404938848,0.0,359.0,97.556444993067,777,2025-12-07 11:55:48+00:00,1724.0038659793815,5.913559322772804,0.0,10.300000190734863,2.2858275056024535,183.2929761873671,0.0,359.0,105.2796778926152,2301.0,2025-12-06 21:56:13+00:00,787.0760869565217,50375.0,7.0,0.9,0.3,0.23,fishing,fishing,fishing,transiting,0.935438871383667,0.8613972067832947,True,False
ce8ffdb1-b0c5-4b18-9f3e-dfee5663e942,902463b1-a6c2-4fe5-b99d-e9334e0d1b0d,1.6377719195636975,0.0,8.600000381469727,2.2679675233030343,197.5208082409212,0.30000001192092896,358.8999938964844,107.54793066485541,3034,2025-12-09 18:46:01+00:00,266.6640290141774,2.3668241785022603,0.0,8.399999618530273,2.1177753946358044,162.67540263280316,0.0,359.0,130.43337746945502,2963.0,2025-12-09 18:43:45+00:00,115.52970965563809,136.0,85.0,2.8,2.87,1.44,fishing,fishing,fishing,fishing,0.9893581867218018,0.9889886975288391,False,False
a9016b02-9ec2-44a8-8e2a-7e18c9478483,36b93dce-490c-435b-a9db-f383b236c364,5.749519902584239,0.0,12.300000190734863,3.1304693617289057,182.23255221044195,0.20000000298023224,359.0,109.62432213748099,729,2025-12-09 19:35:10+00:00,3228.940934065934,5.4658714431388,0.0,13.300000190734863,2.682727004620851,175.91890165744095,0.10000000149011612,359.0,104.02367570566801,1509.0,2025-12-09 11:19:48+00:00,621.6167108753316,29722.0,15.0,2.06,0.99,0.67,fishing,fishing,fishing,transiting,0.9778398275375366,0.9761776328086853,True,False
97c262b9-cd86-4e69-a21e-251e3d81b219,0a81b109-4691-4772-bee8-8aec3e3f1549,5.418156780937925,0.10000000149011612,9.899999618530273,2.547158593188693,195.94972418523687,2.9000000953674316,358.5,100.63214095663336,727,2025-12-08 16:29:47+00:00,1722.125344352617,5.843245995031358,0.0,9.699999809265137,2.6937812058698887,189.7991040197966,0.0,358.70001220703125,93.84789847184402,2902.0,2025-12-08 07:20:53+00:00,481.9189934505343,32934.0,26.0,3.58,0.9,0.72,fishing,fishing,fishing,fishing,0.7938651442527771,0.8612452745437622,False,False
84f9a134-7885-4aec-9032-e8804a2d2914,03001359-0c47-46a5-97e8-8146c6a42be1,0.07434519904723817,0.0,2.5,0.15823596501545667,183.32454667434027,0.0,359.0,105.35799227200648,2978,2025-12-07 21:52:23+00:00,800.1884447430299,0.06612411080254826,0.0,2.5999999046325684,0.14041733626240926,188.29667683753695,0.0,359.0,105.05145415919769,2949.0,2025-12-08 02:47:23+00:00,575.0135685210312,-17700.0,33.0,1.11,1.12,0.56,fishing,fishing,fishing,moored,0.8800817131996155,0.8503167033195496,True,False
7c07d000-13b1-4de0-bb8a-66f62032b2a2,,3.433202375092476,0.0,11.600000381469727,3.485869483278537,157.56033520338926,0.0,359.0,98.34524586121285,1018,2025-12-09 21:55:03+00:00,3581.1553588987217,,,,,,,,,,,,,,,,,fishing,fishing,missing,missing,0.8212056756019592,,True,True
2b2cbe7a-7ba3-4a56-8d2e-9e61f96a1818,b669c56c-9105-4340-b3dc-a49a2fbe0980,2.8623346370539777,0.0,8.699999809265137,2.5847408987743106,199.64537021019115,1.100000023841858,357.8999938964844,103.08454486916571,1285,2025-12-09 22:50:03+00:00,4982.464174454829,2.644189860373004,0.0,8.899999618530273,2.5731769790329846,198.6093298416286,0.5,357.20001220703125,103.78066878040053,1222.0,2025-12-09 23:31:08+00:00,5479.527436527436,-2465.0,685.0,53.31,56.06,37.6,fishing,unknown,transiting,transiting,0.5811206698417664,0.9328566193580627,True,True
01750d7f-c1d7-4a9b-898d-e1739fb77293,82c52b67-d1b5-4102-8900-0b999f82fe3a,3.716574590015148,0.30000001192092896,11.300000190734863,3.6685306549832952,192.2264618822148,0.0,359.0,93.90858538100723,1991,2025-12-09 22:07:56+00:00,571.8819095477387,3.5352961064302546,0.0,10.600000381469727,3.6741534405501493,168.5594056082568,0.0,359.0,97.12977079681686,2972.0,2025-12-09 17:44:38+00:00,217.99899023897677,15798.0,14.0,0.7,0.47,0.28,fishing,fishing,fishing,fishing,0.8868558406829834,0.8454012274742126,False,False
fecb9e3b-15da-499e-969d-ce59e287db82,6ee3af31-88be-48da-9520-6f9798931318,3.388650585468642,0.0,9.699999809265137,2.9594767447324837,170.26535349475986,0.0,358.1000061035156,109.47663231946926,1119,2025-12-09 20:15:47+00:00,2215.3846153846152,2.9782835077373275,0.0,10.0,2.9351652535772104,160.64069161443817,0.0,358.70001220703125,107.25971392330742,1538.0,2025-12-09 08:29:42+00:00,1006.4756018217306,42365.0,14.0,1.25,0.91,0.53,fishing,fishing,transiting,transiting,0.8852956891059875,0.5375074148178101,True,True
eecfa39b-7d04-4af1-8ab1-846a75142047,8807cba2-a6d4-4e0b-b624-6d9033d8276e,2.308338768003624,0.0,9.399999618530273,3.235272498249102,213.4054519929651,0.0,359.0,98.59152841501621,3070,2025-12-09 22:10:56+00:00,120.44835451287064,2.178026555918441,0.0,9.5,2.6579510277209764,190.71661291179862,0.0,358.70001220703125,122.19884693240472,1206.0,2025-12-10 00:05:58+00:00,3047.1759336099585,-6902.0,11.0,0.36,0.91,0.26,fishing,fishing,transiting,unknown,0.7043131589889526,0.6518399715423584,True,True
87bf0d38-0f1c-44a4-9076-e98d73f90b18,829b9936-1e6e-4d2d-b10f-00fcdef27f1d,4.1030183826375195,0.0,9.800000190734863,2.2773712525135283,193.6383874952062,0.0,359.0,108.99034208179772,2286,2025-12-08 20:31:09+00:00,1489.383807439825,4.16266973328469,0.0,9.600000381469727,2.3251318525461033,202.35784306584603,0.0,358.20001220703125,115.43528636133756,884.0,2025-12-09 00:08:24+00:00,3868.943374858437,-13035.0,150.0,6.56,16.97,4.97,fishing,fishing,fishing,fishing,0.6611540913581848,0.8454164862632751,False,False
6e99741f-dce5-403f-87c0-801c7e63cbdf,4b12b73c-1db0-4859-a258-e861125b5aa9,2.9014964206950107,0.0,11.600000381469727,2.057694292719311,167.03357282192837,0.0,359.0,110.39863044717158,1537,2025-12-09 11:22:59+00:00,1855.7721354166667,3.033201146683004,0.0,11.0,1.7618491726406884,181.14994365954078,0.0,359.0,100.14726807907363,1765.0,2025-12-09 12:27:48+00:00,516.0289115646259,-3889.0,15.0,0.98,0.85,0.46,moored,moored,fishing,fishing,0.7471106648445129,0.8821949362754822,True,True
bb7766c6-66c5-4535-9485-bf835c70e3aa,c0a69f33-62ed-439d-9c92-c2879b02438f,3.5398823475837706,0.0,10.300000190734863,2.3099156232336004,165.13687935582502,0.10000000149011612,358.70001220703125,112.11731374717506,850,2025-12-10 00:15:08+00:00,3311.652532391048,3.5959627500602176,0.0,10.399999618530273,2.4261271820269172,161.84126222226186,0.0,358.79998779296875,117.43051730876466,1610.0,2025-12-10 00:03:55+00:00,781.9136109384712,673.0,11.0,1.29,0.68,0.45,transiting,transiting,fishing,moored,0.6228393912315369,0.8443106412887573,True,True
a06ce841-67c4-446d-9545-fc1618c2e463,7a9a1c9a-1742-42af-b6ca-db27d057a7eb,2.988121119504274,0.0,10.699999809265137,2.266508929818919,233.29515549029122,0.0,358.8999938964844,99.71503307436166,2576,2025-12-08 19:12:55+00:00,325.96155339805824,1.7565896819907483,0.0,9.699999809265137,2.3714573257307188,200.74027588011836,0.0,357.70001220703125,109.11222673279875,2944.0,2025-12-08 23:45:03+00:00,116.41114509004417,-16328.0,38.0,1.48,1.29,0.69,fishing,fishing,fishing,fishing,0.8172047138214111,0.5806787014007568,False,False
9db8221a-0ff0-4767-a35d-39d857cfdee5,40896d78-00b5-4944-a525-cd364c3113b4,2.793140798396959,0.0,8.300000190734863,1.4877491835751597,194.97460777032987,0.0,359.0,104.7006879071951,2216,2025-12-08 07:17:35+00:00,1640.0537246049662,2.930747028455025,0.0,8.600000381469727,1.5319651112308328,193.14230951426526,0.0,359.0,106.22215416225401,2771.0,2025-12-08 07:15:33+00:00,1248.814440433213,122.0,794.0,35.83,28.65,18.94,fishing,fishing,fishing,fishing,0.7320561408996582,0.984601616859436,False,False
7eb22e81-f254-4013-9e2e-08a409a26f11,32126c9b-d769-4afc-a01e-4e588c6e32e8,3.0226138635083,0.0,10.0,2.014708078183749,175.94067900955616,0.10000000149011612,359.0,111.54210178913382,2525,2025-12-09 17:48:03+00:00,1212.4496830427893,3.5101566520557674,0.10000000149011612,10.0,2.0015926312669876,180.6315660595643,0.0,359.0,104.8083466115604,1979.0,2025-12-09 14:10:07+00:00,263.1632962588473,13076.0,22.0,0.87,1.11,0.49,fishing,fishing,fishing,fishing,0.9415974617004395,0.8419362306594849,False,False
ee869810-0b88-47c2-99ef-cf9eb6d18282,169a2316-eab8-472e-9fbd-a4879cea0e84,1.7812229986576473,0.0,8.800000190734863,2.088522105083522,141.9023654606073,0.0,358.8999938964844,97.08702613553518,3009,2025-12-09 06:22:32+00:00,642.9175531914893,3.421080928003856,0.0,8.800000190734863,2.0808769045329587,112.37671944137804,0.0,358.29998779296875,85.65384064752095,3164.0,2025-12-09 21:20:07+00:00,92.15965855200758,-53855.0,59.0,1.96,1.86,0.96,fishing,fishing,transiting,transiting,0.8493412733078003,0.7414785027503967,True,True
82c2635e-698c-4bb2-b435-d3244ba4aabd,f5ea2f89-e66c-41ba-84ac-e8f617549304,2.266276878681735,0.0,14.199999809265137,4.072373800636554,157.84324300750313,0.10000000149011612,358.1000061035156,113.26981758371346,2651,2025-12-07 04:32:57+00:00,42.829433962264154,3.289788263679426,0.0,15.199999809265137,4.4752725705267835,176.9961330969649,0.0,359.0,102.90364958500842,2928.0,2025-12-07 12:58:41+00:00,396.4878715408268,-30344.0,46.0,1.74,1.57,0.83,fishing,fishing,fishing,moored,0.7065455913543701,0.7949492335319519,True,False
9a62dec1-cb23-46d5-8bc7-f0ca3c48314a,d0344529-ef12-42eb-986c-b933d7d68d23,4.090075342729565,0.0,102.30000305175781,4.514185126528158,188.11721440543678,0.0,359.0,100.99016038624843,3053,2025-12-09 23:34:23+00:00,94.09338138925295,2.0995514166764426,0.10000000149011612,102.30000305175781,3.5912201928112304,212.38971505000868,0.0,359.0,119.22501839615363,2898.0,2025-12-09 23:55:08+00:00,26.29064549534001,-1245.0,77.0,2.52,2.66,1.31,fishing,fishing,fishing,fishing,0.8714057207107544,0.8579286932945251,False,False
06f80305-26e5-468c-ad95-b695e9353dc8,b117224a-2aa7-4e16-9fb1-8656e76578c2,3.260252848361734,0.0,9.800000190734863,3.5828089034551542,195.00183955426138,0.10000000149011612,359.0,111.37958349962372,712,2025-12-09 04:55:39+00:00,4137.589310829817,3.2218294235133924,0.0,10.300000190734863,3.8643280718911184,194.55031174193877,0.10000000149011612,359.0,104.66231753459783,1301.0,2025-12-09 15:18:49+00:00,3745.4592307692305,-37390.0,190.0,26.69,14.6,10.42,moored,unknown,moored,unknown,0.7653841376304626,0.8013035655021667,False,False
b8b24ba4-0756-4a32-b385-4344d2c38c03,3baa064b-c992-47b7-af64-9a73c8cfa58e,3.2626096584333095,0.0,9.5,2.2579394981767567,206.7116334943252,0.30000001192092896,359.0,99.39308686761802,2736,2025-12-07 17:46:46+00:00,802.2811700182815,3.12716644983918,0.0,8.399999618530273,1.8782218301845146,204.2720524779357,0.20000000298023224,358.79998779296875,105.98262795804831,2908.0,2025-12-07 14:40:07+00:00,76.82387340901273,11199.0,27.0,0.99,0.93,0.48,fishing,fishing,fishing,fishing,0.9796636700630188,0.843031108379364,False,False
0f726db4-2f25-48f8-80d0-36df19c3bc98,78a28dac-c76e-42ab-95ab-bded46e5669b,3.2637880250987057,0.0,11.5,1.7470980112441825,184.57413274950622,0.0,359.0,108.10477651396161,1019,2025-12-09 08:41:13+00:00,2244.4155206286837,3.243755183781199,0.0,10.100000381469727,1.4274610895831996,183.44580663923148,0.0,359.0,121.76091383706532,1209.0,2025-12-09 12:06:21+00:00,1729.1208609271523,-12308.0,9.0,0.88,0.74,0.41,fishing,fishing,fishing,moored,0.8506312966346741,0.8788650035858154,True,False
45ccca87-2e83-4cc0-909f-956da549425c,ac7daf57-0d1d-45c3-ad11-43290462cdb2,2.05544620775801,0.0,10.800000190734863,3.038996382044302,135.69198457355293,0.0,358.29998779296875,119.83590200905026,1524,2025-12-08 11:13:52+00:00,1499.1792514773474,2.218867027796751,0.0,10.5,3.068038004237082,157.16914985617126,0.0,358.8999938964844,118.4104373874336,2083.0,2025-12-08 18:55:07+00:00,677.2185398655139,-27675.0,10.0,0.66,0.48,0.28,fishing,fishing,fishing,fishing,0.6848849654197693,0.7192329168319702,False,False
d28b970e-2828-4fa1-9895-4e0c1c66837a,befe904d-e1b9-4b2b-bfc2-d12e078e5948,6.865605699067444,0.0,12.300000190734863,4.62662517711597,209.82699998849915,0.0,359.0,108.66424352903215,2105,2025-12-09 18:38:01+00:00,770.9548479087453,5.537575991159039,0.0,12.399999618530273,4.687657914566446,196.04598101862555,0.10000000149011612,358.79998779296875,106.51187343548507,2632.0,2025-12-10 01:30:41+00:00,399.1809198023565,-24760.0,23.0,1.09,0.87,0.49,fishing,fishing,transiting,transiting,0.7672446966171265,0.9383583068847656,True,True
6f3ac074-d5c9-4803-aa36-c0027e0f2e2e,90cea1fc-c09e-4acc-91bc-f07436ae8678,0.7164831712312314,0.0,11.800000190734863,2.132932476742757,181.18256808861463,0.0,358.3999938964844,63.83712504589501,3179,2025-12-08 10:57:58+00:00,248.2879169288861,1.0798647596474762,0.0,11.800000190734863,2.7333152604612394,171.13305920954485,0.0,359.0,66.0917235877357,3253.0,2025-12-08 11:46:38+00:00,44.29335793357934,-2920.0,45.0,1.42,1.38,0.7,fishing,fishing,fishing,fishing,0.6720218062400818,0.8188714981079102,False,False
bbebdbd9-3c5b-447c-a1c1-6e0cdb45de2b,8038b17a-83c8-4ac0-8158-79d48a297ac6,6.220485642465741,0.0,10.0,2.5597654671863963,178.06732813590475,0.0,359.0,112.7769657520246,2924,2025-12-08 20:46:50+00:00,399.93191926103316,6.223065156587345,0.0,9.899999618530273,2.658252408360514,167.78831343516907,0.0,359.0,110.02340406085892,4574.0,2025-12-09 04:52:31+00:00,187.7675486551498,-29141.0,58.0,1.98,1.27,0.78,fishing,fishing,fishing,fishing,0.850469172000885,0.8103175163269043,False,False
12d0a1d0-5cbd-4198-a8b6-997fddd90414,a6a43614-f100-4ae8-a8f4-df0f456d24c9,3.8854041080854484,0.0,60.0,3.6660462925372093,180.43689342784396,0.0,358.3999938964844,106.95051873267006,829,2025-12-09 19:30:02+00:00,3008.153381642512,3.9539890122616552,0.0,11.399999618530273,2.707044151740486,184.94924313094745,0.0,358.70001220703125,100.30075127615544,1454.0,2025-12-09 22:22:18+00:00,775.143840330351,-10336.0,10.0,1.21,0.69,0.44,fishing,fishing,fishing,moored,0.6763702630996704,0.8261631727218628,True,False
a69f79c9-f5ad-4541-be51-8bd63197b00f,f6aae6eb-dfdd-46e2-8956-f93597d1514c,3.409964667455468,0.0,35.599998474121094,2.293137392519263,166.14347569180507,0.0,359.0,101.5572879580902,1415,2025-12-07 04:58:54+00:00,1704.375530410184,2.8793289388918892,0.0,35.599998474121094,2.113596042191062,172.22394748615318,0.0,358.8999938964844,99.25483580800366,1669.0,2025-12-07 03:10:18+00:00,1377.0941247002397,6516.0,309.0,21.84,18.51,11.14,fishing,fishing,transiting,transiting,0.7768890857696533,0.8088731169700623,True,True
70867c73-e6f3-41b7-bd26-c959629eb1b6,00ea7b61-8867-4ede-9149-dd7f3a159c14,3.569528338658959,0.0,9.5,2.728018602125525,173.5454025587934,0.0,359.0,108.99298937946135,2947,2025-12-09 17:46:38+00:00,771.6751527494908,3.0579181143244787,0.0,9.5,2.6151593278456873,176.97367509365847,0.0,359.0,104.5565124383225,2930.0,2025-12-10 00:08:02+00:00,702.7101399795152,-22884.0,66.0,2.24,2.25,1.14,fishing,fishing,transiting,transiting,0.5939436554908752,0.6089295744895935,True,True
84844212-af74-4f6b-ad09-781231a6a86a,ec888269-d122-4e56-a4d4-b77b93eca8e4,5.683521373238828,0.0,10.800000190734863,1.7382009627336226,183.38211557787838,0.0,359.0,103.34151452844517,2925,2025-12-08 00:51:44+00:00,594.2920656634747,5.657358212849418,0.0,10.800000190734863,1.8913867220730853,178.32223150300618,0.0,359.0,99.47004957093927,2521.0,2025-12-08 03:06:21+00:00,482.1746031746032,-8077.0,152.0,5.2,6.03,2.87,fishing,fishing,fishing,fishing,0.7143404483795166,0.5812746286392212,False,False
db6f9f70-c609-49cd-a6f5-9cefadf43151,4a3eccd7-0ccd-47ef-b54d-5863fcf45d01,3.2876074218718996,0.0,8.800000190734863,3.194093850076061,238.64931640370776,0.10000000149011612,358.5,102.17141185055264,2211,2025-12-09 14:13:45+00:00,263.172850678733,3.500711612534545,0.0,8.800000190734863,3.1572422478329614,231.22892115167147,0.10000000149011612,358.79998779296875,104.32997179529374,2670.0,2025-12-09 15:01:12+00:00,223.6759085799925,-2847.0,278.0,12.57,10.41,6.04,fishing,fishing,fishing,fishing,0.9187334775924683,0.9275378584861755,False,False
4d65821d-9e6d-4a21-a88c-a0a6d6a38ced,478d45c3-e25e-4063-8406-2535fb9e1089,3.061174247879535,0.0,9.800000190734863,1.9648654698145336,174.5601668130413,0.0,359.0,107.97040761139074,1584,2025-12-10 00:53:04+00:00,1771.928616550853,2.9195969564383275,0.0,9.600000381469727,2.094201437240967,179.55126912749674,0.0,359.0,97.79627582266775,1439.0,2025-12-09 17:55:46+00:00,510.72809457579973,25038.0,4.0,0.25,0.28,0.13,fishing,fishing,fishing,fishing,0.5606136918067932,0.8704366683959961,False,False
4ab61072-ecf4-4f36-8cbf-9c5c99df25b1,f0c6d306-5e08-4a82-b984-381384d11675,3.286873967799247,0.0,9.300000190734863,2.032396727515058,186.1045392107733,0.10000000149011612,359.0,101.9664048139279,3055,2025-12-08 18:09:58+00:00,240.97544204322202,3.1255003596438136,0.0,8.800000190734863,1.7372411527956957,190.36936239694376,0.0,358.79998779296875,99.62662832324482,2898.0,2025-12-08 17:45:17+00:00,132.52295478080774,1481.0,200.0,6.55,6.9,3.48,fishing,fishing,fishing,fishing,0.9662054181098938,0.6879286766052246,False,False
d68f9994-3ea0-456a-a547-252b9d35b430,,4.146239576862992,0.0,102.30000305175781,4.16942269975416,202.95769410286323,0.0,359.0,104.79925952479087,2154,2025-12-08 07:55:50+00:00,2125.144914073386,,,,,,,,,,,,,,,,,fishing,fishing,missing,missing,0.819513738155365,,True,True
95cbbb80-5578-478a-83ee-17de644e3559,5ecccd25-3ec7-4a3d-9747-836f750e8699,3.7139057434445166,0.0,7.5,1.9541769311950326,161.67526864862253,0.0,359.0,101.30185598501357,2143,2025-12-08 10:48:06+00:00,1116.0135387488328,4.444981169316735,0.0,11.699999809265137,1.7127394294453178,113.39314887816876,0.0,358.0,91.39500539985784,2919.0,2025-12-08 07:40:30+00:00,459.5633995887594,11256.0,46.0,2.15,1.58,0.92,anchored,unknown,fishing,fishing,0.5456042885780334,0.8991730809211731,True,True
45aff4b4-6e15-4694-b6c2-a97060d0f593,a9084d77-c708-4909-9f15-7b84d8f447e7,3.7133196766228704,0.0,10.100000381469727,2.8320667184120616,172.8560579609455,0.800000011920929,356.8999938964844,98.21249077106343,976,2025-12-08 02:08:36+00:00,4528.109743589744,2.586142135593038,0.0,8.5,2.4350279121128713,172.03660437123813,0.6000000238418579,358.5,96.76469431947719,1970.0,2025-12-08 05:55:20+00:00,986.9553072625698,-13604.0,9.0,0.92,0.46,0.31,transiting,transiting,transiting,transiting,0.9358933568000793,0.5532014966011047,False,False
2fe8a569-d098-49a8-96e9-202d98ce39e5,9da08d50-f62c-4319-990a-ca993983cf46,1.6233654506709645,0.0,6.800000190734863,1.1624745796695997,173.405139660935,0.0,359.0,105.46956135192579,2906,2025-12-07 19:20:24+00:00,551.4561101549053,1.5549493381580801,0.0,6.800000190734863,1.151101197983051,174.5683349634523,0.0,359.0,104.85259920728815,2566.0,2025-12-07 15:17:00+00:00,618.8608187134503,14604.0,479.0,16.48,18.67,9.59,fishing,fishing,fishing,fishing,0.80760657787323,0.8348559737205505,False,False
a128df7b-85d2-4f26-9f07-a8e5c22e7a97,0baa203c-73c4-4fef-8d04-dadf3c768819,3.8049459057269424,0.0,11.899999618530273,2.68396465739878,189.95730156294567,0.20000000298023224,358.79998779296875,110.78377919468528,1941,2025-12-07 22:33:32+00:00,676.969587628866,3.6531442406517916,0.0,11.199999809265137,2.721246965496546,189.7242114844317,0.0,359.0,107.35334305389937,2926.0,2025-12-07 19:20:00+00:00,144.2888888888889,11612.0,74.0,3.81,2.53,1.54,fishing,fishing,fishing,fishing,0.5918525457382202,0.9363911747932434,False,False
3111f960-50d9-40c8-a53b-a8efc32552db,e63ef721-fe1e-4bec-9e5c-4b17e1e59098,4.125103884665528,0.0,14.300000190734863,4.454740649688912,184.06120757592387,0.0,359.0,106.15499723073323,2888,2025-12-09 23:06:22+00:00,84.46103221337027,3.4066027322948047,0.0,12.5,4.111331323213992,179.99422499304583,0.0,359.0,101.24606704400136,1772.0,2025-12-09 09:04:20+00:00,1137.089779785432,50522.0,4.0,0.14,0.23,0.09,fishing,fishing,transiting,transiting,0.878553569316864,0.9296512603759766,True,True
dc3bbd75-2f9a-4671-9356-982d60eb3ffb,f9f13cf8-717d-41c5-8eaf-3996d1a23ee2,4.413852592533911,0.0,16.299999237060547,4.67130153196714,161.97387440479238,0.0,359.0,100.19219801293526,1913,2025-12-09 17:27:34+00:00,177.48483263598325,3.1134548732370604,0.0,15.5,3.917477184879582,177.79687108498055,0.0,358.8999938964844,102.39190940961389,2304.0,2025-12-10 00:32:07+00:00,763.1910551454624,-25473.0,19.0,0.99,0.82,0.45,fishing,fishing,fishing,transiting,0.8720693588256836,0.9474006295204163,True,False
71eddc41-49d9-4212-974a-707aafd5b15d,d5cbd32b-1879-49f5-96a8-ea91c0546202,4.110723186785964,0.0,59.70000076293945,3.2380362380986036,183.28391954675317,0.0,358.8999938964844,115.17461550463375,802,2025-12-09 16:58:21+00:00,3077.4007490636704,4.089229591296248,0.0,59.70000076293945,3.5952458749672442,142.57680210522474,0.0,359.0,120.6677931253203,1272.0,2025-12-09 09:15:04+00:00,1412.4343036978757,27797.0,4.0,0.5,0.31,0.19,fishing,fishing,fishing,fishing,0.8377439379692078,0.70241379737854,False,False
166f21f1-086b-4c50-8e9f-d0e34bb6459a,3b097dad-74f9-431b-8ccc-939d3c52860f,2.9130083933818947,0.0,11.300000190734863,2.7406014448989553,163.17239430535454,0.10000000149011612,358.20001220703125,94.83635139615807,3098,2025-12-07 04:42:44+00:00,34.80755569906361,3.270529840832317,0.0,12.300000190734863,3.355484244692957,179.6799798897278,0.0,358.79998779296875,97.6699064193014,906.0,2025-12-07 05:52:44+00:00,2393.1381215469614,-4200.0,1.0,0.03,0.11,0.02,fishing,fishing,fishing,transiting,0.7914883494377136,0.9499043226242065,True,False
a9e124f4-9de4-4c1a-b999-923fa0a6746c,fda47845-b7aa-45cc-a61a-ba3bcb861598,1.4502528765557827,0.0,6.099999904632568,1.3501128373330746,193.11840400904265,0.10000000149011612,358.79998779296875,92.52214184908094,2175,2025-12-08 19:20:27+00:00,303.03265869365225,1.7126766200699322,0.0,6.099999904632568,1.4289343554006237,189.82344474737997,0.30000001192092896,358.79998779296875,100.67005648985584,2548.0,2025-12-09 05:45:16+00:00,923.1009030231645,-37489.0,233.0,10.71,9.14,5.19,fishing,fishing,fishing,moored,0.7129709720611572,0.7694575786590576,True,False
21e3caa2-799b-43b8-9e94-db26434c024b,fc16a06d-9240-476f-bab8-781d18dffdaf,3.4553066692908603,0.0,11.100000381469727,2.5414718827743594,165.24042105413793,0.0,359.0,106.63433144006626,1875,2025-12-08 22:10:06+00:00,1350.4642475987193,2.9673959652608373,0.0,11.300000190734863,2.6001008563435595,161.55865801881143,0.0,359.0,108.13761361609436,2331.0,2025-12-08 22:10:07+00:00,703.2648068669528,-1.0,66.0,3.52,2.83,1.59,,,fishing,fishing,,0.8829705715179443,True,True
9077881a-0dde-4965-bae4-88d12b8db204,93add039-5e7e-43a2-b1b0-fe6cd15ed481,3.1231595179968816,0.0,10.0,2.061727835991081,219.61057238234278,0.0,359.0,111.22881428883828,1956,2025-12-10 00:00:32+00:00,1076.554475703325,2.8817586201639336,0.0,10.0,1.797869227067261,225.48787973837173,0.0,358.8999938964844,108.40272791606013,1831.0,2025-12-09 22:50:11+00:00,1809.51912568306,4221.0,84.0,4.29,4.59,2.27,fishing,fishing,fishing,transiting,0.7899882793426514,0.5919799208641052,True,False
7ebfce29-fcf6-4913-8731-f8820fd22722,dbba49f1-abf1-43de-9f60-76d6f132c717,1.6432093784676844,0.0,102.30000305175781,3.547435592808412,166.08626022438207,0.0,359.0,111.81817233185568,2474,2025-12-07 17:57:34+00:00,911.3756570966437,2.1695607483601766,0.0,9.5,2.242069607523954,144.7161992051785,0.0,359.0,114.98277074573468,2914.0,2025-12-07 15:57:35+00:00,218.7147270854789,7199.0,52.0,2.1,1.78,0.97,fishing,fishing,fishing,fishing,0.6006666421890259,0.8667276501655579,False,False
ce259ecb-8efd-4376-8d6e-a79ea631ebf9,b6cdb103-264e-4c45-a0f2-afd5e7a41768,1.7172997563732841,0.0,9.100000381469727,2.1245059441970953,168.5191061843873,0.0,358.79998779296875,114.79760812777002,2422,2025-12-08 21:49:11+00:00,1005.2271788517141,2.4250764654955,0.0,9.800000190734863,2.3050508762271593,185.43283127839405,0.0,358.29998779296875,104.57007773170196,2943.0,2025-12-08 14:11:23+00:00,292.88681169272604,27468.0,49.0,2.02,1.66,0.92,fishing,fishing,fishing,fishing,0.6147854328155518,0.8017259240150452,False,False
3b67bc27-768f-4dbb-af20-e8de59864237,dd9c5f18-4d91-4792-b3c9-7ba2313344b6,2.5723688601053483,0.10000000149011612,7.599999904632568,0.6814739330958206,178.86350861234652,0.20000000298023224,358.70001220703125,98.79980898489201,2993,2025-12-07 04:24:22+00:00,459.9608957219251,2.564329061036727,0.10000000149011612,8.0,0.6969182969482155,179.89516574835017,0.20000000298023224,358.70001220703125,97.55651274079916,2966.0,2025-12-07 04:23:28+00:00,260.30118043844857,54.0,253.0,8.45,8.53,4.43,fishing,fishing,fishing,fishing,0.8506826758384705,0.8516324162483215,False,False
5aefc3ab-4e4e-458e-9e04-032e4a657c18,95bbda60-2ad5-4761-bfc5-77ecb9cef245,4.444268597415883,0.0,12.300000190734863,3.4782229124302173,168.39861608121325,0.0,359.0,106.74421938419559,2085,2025-12-08 05:52:15+00:00,1043.9774472168906,4.756185369522156,0.0,12.0,3.276779017984411,168.47358707669136,0.0,359.0,103.91700474516475,2417.0,2025-12-08 08:25:52+00:00,277.55670529801324,-9217.0,28.0,1.34,1.16,0.63,fishing,fishing,fishing,fishing,0.8945725560188293,0.8643352389335632,False,False
acca3094-6d8b-470d-8c08-651e7a26a9d9,2b2c9d12-19a5-4f9c-af39-3d8fb5597ea2,2.6716409393332223,0.0,10.800000190734863,2.4737516133359194,170.9582477556403,0.0,358.8999938964844,95.41004801420178,1749,2025-12-09 16:52:29+00:00,2142.6270022883295,2.407245858842696,0.0,9.800000190734863,2.164649951534564,193.7435830403512,0.0,358.5,100.04257282421311,2705.0,2025-12-10 01:14:04+00:00,671.3265532544378,-30095.0,2.0,0.11,0.07,0.04,fishing,fishing,anchored,moored,0.9592207670211792,0.5988526344299316,True,True
e241b2ac-339a-4c77-9ba7-f56973a91395,a78f68e7-80e0-4210-acfb-d92d7453c8ed,3.2626731566797478,0.0,10.600000381469727,2.296916067675469,209.65558953083502,0.10000000149011612,358.8999938964844,98.43745101562082,2671,2025-12-09 11:49:53+00:00,840.0142322097379,3.2550017683652044,0.0,10.600000381469727,2.1597579966931844,214.28633411576192,0.0,358.5,92.47738547665747,2849.0,2025-12-08 18:25:01+00:00,92.77247191011236,62692.0,27.0,1.01,0.95,0.49,transiting,transiting,fishing,fishing,0.811903178691864,0.80695641040802,True,True
c77fb5f5-115c-4331-ac07-2053f0d43355,bfbd5e3f-023b-4c47-acd6-623dbdf2c524,4.18805621341627,0.0,11.399999618530273,2.726299480462448,165.31275434733743,0.0,358.79998779296875,105.3078113525154,1281,2025-12-09 20:16:03+00:00,1784.68203125,4.554594983199042,0.0,20.399999618530273,2.823977915180992,156.79262362072967,0.0,358.79998779296875,109.1688732471063,1469.0,2025-12-09 21:41:44+00:00,737.8092643051771,-5141.0,6.0,0.47,0.41,0.22,fishing,fishing,transiting,transiting,0.6552053093910217,0.8712295889854431,True,True
d309b48f-7320-48e9-ae81-adb8e4fdcd1f,ab3472c1-2cae-4854-bbd4-1eb44503c19d,3.9519256708891812,0.0,9.899999618530273,1.5145513689057244,222.75526485880127,0.0,359.0,108.74330067591494,2960,2025-12-09 22:16:56+00:00,812.8158161541061,4.08807975445855,0.20000000298023224,9.899999618530273,1.3314434439290364,223.38785501354357,0.0,359.0,103.85499274352188,2307.0,2025-12-09 10:44:22+00:00,1577.4479618386817,41554.0,205.0,6.93,8.89,4.05,fishing,fishing,fishing,fishing,0.88160240650177,0.6347783803939819,False,False
d2284bf4-01d6-4ee4-8caa-e61ce4b1e6ce,fd61f7b9-6811-4157-812f-af2569aa4bac,2.6553133524440984,0.0,9.100000381469727,2.278622890577292,177.17185092351,1.0,357.29998779296875,95.37455833970688,2569,2025-12-09 22:27:47+00:00,755.6503115264798,3.530379141454829,0.0,8.800000190734863,2.839334536280612,154.7091347302972,0.0,358.0,99.27807870459023,2031.0,2025-12-10 01:05:30+00:00,551.9827586206897,-9463.0,97.0,3.78,4.78,2.15,fishing,fishing,transiting,transiting,0.8334572315216064,0.8507038950920105,True,True
f169a6b0-0ba7-4bee-b8f2-cb9f22eb990d,cbf94476-d5bb-477f-a3b7-2d32c02aff7b,1.5277157346785775,0.10000000149011612,6.300000190734863,0.7256962814381458,91.69945864176185,0.0,350.79998779296875,82.8578652377549,2955,2025-12-08 00:46:11+00:00,806.9366960054164,1.4667463298186216,0.20000000298023224,8.600000381469727,0.719431955718192,92.2974053344331,0.0,348.5,85.75974356896809,2929.0,2025-12-07 19:36:18+00:00,372.1656420765027,18593.0,364.0,12.32,12.43,6.59,fishing,fishing,fishing,fishing,0.8894402384757996,0.8716762661933899,False,False
473f320b-43cc-46b9-928a-d131b2cde92b,3d5717bd-fce5-4aaa-8bda-f462ff1dc5b6,5.901446655823784,0.0,12.399999618530273,4.425181600197536,161.3278158685434,0.0,359.0,90.64605469241123,2212,2025-12-09 17:01:04+00:00,592.5020352781547,1.6548535446072021,0.0,10.100000381469727,2.486428868458547,188.5184671413938,0.0,359.0,118.03349664535645,1741.0,2025-12-09 23:00:52+00:00,930.1902298850574,-21588.0,6.0,0.27,0.34,0.15,transiting,transiting,fishing,fishing,0.7057598233222961,0.9412521123886108,True,True
6403df2f-c47c-41d9-be45-d7dbfa3cc508,dcdab422-b10d-4ec1-a414-37e611a30a26,2.65816839962088,0.20000000298023224,8.0,0.6517332576744546,167.26291945320648,0.0,359.0,96.81946416322988,2981,2025-12-08 20:41:15+00:00,264.30402684563757,2.6250000062545897,0.0,8.0,0.7893333445874975,174.53001191394802,0.0,359.0,98.53505575388901,3364.0,2025-12-08 23:15:00+00:00,139.96402022004162,-9225.0,149.0,5.0,4.43,2.4,fishing,fishing,fishing,fishing,0.6696965098381042,0.7090926766395569,False,False
d4af2866-59ab-48df-a245-4356e2e332e7,703bd3ce-27ab-4d24-9da0-05afac2262e9,2.9591220928195083,0.0,10.0,1.8400506590022234,204.33688193260886,0.20000000298023224,358.8999938964844,98.97555248308602,2916,2025-12-09 09:44:02+00:00,799.4789022298456,2.9604285439874842,0.0,9.100000381469727,1.6592393876256888,223.33192330308418,0.30000001192092896,358.6000061035156,96.47414494225663,2987.0,2025-12-08 12:07:26+00:00,114.6443402545211,77796.0,31.0,1.06,1.04,0.53,fishing,fishing,fishing,fishing,0.8323752880096436,0.8463873863220215,False,False
ba74b81b-8b1d-4335-902d-078fd3f9b1b7,9c3ce6d5-85bb-4d5c-8e0d-8add118f92d8,3.724720609667022,0.0,9.899999618530273,2.680078144380531,209.28576535634502,0.0,358.8999938964844,98.9245351760112,2237,2025-12-06 23:33:59+00:00,1079.4440966010734,3.8637619025615,0.0,9.899999618530273,2.5616563040628666,213.1932664658757,0.0,358.8999938964844,100.085990608006,2100.0,2025-12-07 03:30:21+00:00,350.0262029537875,-14182.0,153.0,6.84,7.29,3.66,fishing,fishing,fishing,fishing,0.7353633642196655,0.7791416049003601,False,False
5c2a0c12-1373-4f4c-811e-5f2980c139bf,54e36031-aab0-4029-8598-d3b27ce1b924,2.8179864373260357,0.0,10.699999809265137,3.129287384002349,163.77120252179992,2.0,359.0,100.97560055090923,884,2025-12-09 09:49:04+00:00,3576.144960362401,3.430186189423771,0.0,11.100000381469727,3.2725119566538647,168.18597461398716,0.0,359.0,99.50406424045248,1504.0,2025-12-09 09:59:43+00:00,1869.5874916833,-639.0,506.0,57.24,33.64,26.89,fishing,fishing,moored,moored,0.7383735775947571,0.8805173635482788,True,True
77bd4b2d-0d81-4126-b585-6fbffb768e0e,208c7d97-f02f-4003-9543-b6425d9c883a,3.9277966149866916,0.0,10.800000190734863,2.641501403400226,161.37902492974925,0.0,359.0,104.45294518425999,885,2025-12-09 17:45:28+00:00,2001.0101809954751,3.9323162512231136,0.0,100.0999984741211,4.2566952519359225,159.79463139956238,0.0,358.79998779296875,106.50292877961597,1442.0,2025-12-09 03:30:10+00:00,1007.7897293546149,51318.0,3.0,0.34,0.21,0.13,fishing,fishing,fishing,fishing,0.8069063425064087,0.8727902770042419,False,False
a14ff3ef-5c34-48fd-8c59-44f3500cba41,,2.4539562292986545,0.0,9.300000190734863,1.8311659722923945,176.8998311855913,0.20000000298023224,358.8999938964844,102.08549705387743,1188,2025-12-09 09:04:05+00:00,3487.7784330244313,,,,,,,,,,,,,,,,,fishing,fishing,missing,missing,0.8749022483825684,,True,True
3a5adc14-6a75-44a1-9100-c7b49d96777a,ad9fb784-bb9d-4f62-b3f9-2f11da4ba8c1,4.877658507238395,0.0,11.5,3.683205678335611,154.8656030596829,0.0,358.8999938964844,95.1642462805862,2981,2025-12-09 15:43:31+00:00,229.39261744966444,4.61518618573203,0.0,11.600000381469727,3.8324861407840953,179.40118932474277,0.0,358.79998779296875,101.62955464126176,2364.0,2025-12-09 21:26:04+00:00,343.5556495979687,-20553.0,82.0,2.75,3.47,1.56,fishing,fishing,anchored,transiting,0.7545462846755981,0.7052903175354004,True,True
4fd98e22-0809-41f6-86b4-44fb5ec2d9ea,5ce5dba1-e141-4e1c-b5e3-b6b531d5459a,1.4120653689772886,0.0,10.800000190734863,2.6115390317956706,167.4236956197683,0.0,359.0,98.69233196074558,2876,2025-12-09 13:34:28+00:00,838.2994782608696,1.4812561700470313,0.0,11.100000381469727,2.579408065474566,120.86615098000915,0.0,359.0,108.58372032374439,3041.0,2025-12-09 14:10:38+00:00,460.0529605263158,-2170.0,186.0,6.47,6.12,3.25,fishing,fishing,transiting,transiting,0.9698381423950195,0.6539558172225952,True,True
df59ce3b-726a-43d7-9a69-f24be0dfd428,,2.143523319382124,0.0,9.800000190734863,2.6044830571348787,180.74713911090538,0.10000000149011612,358.79998779296875,111.8733364009357,965,2025-12-09 19:28:23+00:00,3558.352697095436,,,,,,,,,,,,,,,,,fishing,fishing,missing,missing,0.9792245030403137,,True,True
416f162c-0e37-4b32-afd6-956e50c26099,bfef4aad-eac1-499f-9891-ce7323ff64fb,4.104197534146132,0.0,10.899999618530273,2.9294138836042367,174.06312532896175,0.0,359.0,109.42517295406533,810,2025-12-09 08:26:42+00:00,3045.540173053152,3.8842500187968834,0.0,10.899999618530273,2.624017508513433,164.27457508033947,0.0,358.70001220703125,96.9564323753516,1600.0,2025-12-09 16:00:15+00:00,1549.8767979987492,-27213.0,71.0,8.77,4.44,3.04,fishing,fishing,fishing,fishing,0.8773428797721863,0.8030852675437927,False,False
88fd831b-78b5-46ef-aab3-3b23d281bca2,1ed074a9-33c1-490f-a845-4ad1671d880e,2.3225213118723125,0.0,9.600000381469727,2.3166605867877874,176.00008968537196,0.0,358.79998779296875,92.63882921889939,2229,2025-12-09 02:21:34+00:00,183.35098743267505,1.9943953030097097,0.0,9.600000381469727,2.6591132974798866,209.63675690203914,0.0,359.0,92.93079254529434,3051.0,2025-12-09 07:01:49+00:00,120.0672131147541,-16815.0,81.0,3.63,2.65,1.56,fishing,fishing,fishing,fishing,0.8526294827461243,0.9894366264343262,False,False
848f3042-8d40-4293-8065-46fd6d1f6d59,ca8e6782-9113-4eff-84f0-f125017d8bc8,5.841017485929384,0.0,10.5,2.5813220308070055,175.39952265979687,0.20000000298023224,358.6000061035156,99.07477662240017,2516,2025-12-09 23:58:57+00:00,603.5161033797217,5.901331058386141,0.0,10.5,2.7932651326623885,175.481892865379,0.0,358.79998779296875,100.42406905937649,2930.0,2025-12-09 13:33:27+00:00,363.4445203141004,37530.0,54.0,2.15,1.84,1.0,fishing,fishing,fishing,transiting,0.8150675892829895,0.8655426502227783,True,False
1beef034-f3fa-47e4-af56-6a11a2a2db64,c4e3ca58-3e58-49c2-b6fc-fedb349710f3,5.116126852255823,0.0,15.100000381469727,3.9151397086095474,159.75746645901543,0.10000000149011612,359.0,98.87298952961211,2964,2025-12-06 16:31:42+00:00,298.5926425919676,5.742524796980234,0.0,15.0,4.235954123470661,168.2972219248618,0.0,359.0,103.12508481883314,2923.0,2025-12-06 17:41:55+00:00,161.84154688569473,-4213.0,187.0,6.31,6.4,3.28,fishing,fishing,fishing,fishing,0.8286517262458801,0.7383531332015991,False,False
cf439f70-7c94-4306-bfa3-e20cfb65246f,f6f8c725-acb2-427e-8cf0-e63e1bc61edd,5.47857142666542,0.0,8.899999618530273,2.1259521757791506,214.75331567097405,0.30000001192092896,358.79998779296875,99.28091436651427,756,2025-12-09 21:39:54+00:00,1729.1496688741722,5.705609755295909,0.0,9.0,1.9651334909051439,208.6894791520447,0.10000000149011612,358.8999938964844,95.88941821878088,2870.0,2025-12-09 20:01:59+00:00,445.6375043569188,5875.0,8.0,1.06,0.28,0.22,fishing,fishing,fishing,fishing,0.8569441437721252,0.8583290576934814,False,False
fb26c359-84c4-45d8-b9eb-89caa6a77647,318d197c-b130-4d7c-983a-fb6710f1d506,3.7634050841677134,0.0,10.199999809265137,1.4356740394140122,160.204986992231,0.0,359.0,107.2285915341643,1533,2025-12-09 02:04:15+00:00,2249.545039164491,3.7951812075369156,0.0,9.800000190734863,1.4151254292461863,155.80733899261213,0.0,359.0,104.10714348733165,2594.0,2025-12-08 09:48:42+00:00,376.66640956421134,58533.0,21.0,1.37,0.81,0.51,fishing,fishing,fishing,fishing,0.8270387053489685,0.810538113117218,False,False
6aa3730a-3a38-46c7-92a0-6de1f5110c5e,9a138bac-f9ce-42f1-ad18-d4a8beddb06f,2.7751923055602954,0.0,8.0,1.7974773517796823,170.2279072725611,0.4000000059604645,358.6000061035156,95.24550492140652,520,2025-12-08 09:13:01+00:00,2504.955684007707,3.074435447257379,0.0,7.5,1.972490488467924,176.930158044683,0.0,358.8999938964844,101.51735319376986,2347.0,2025-12-08 09:44:15+00:00,821.2838874680307,-1874.0,8.0,1.54,0.34,0.28,fishing,fishing,fishing,fishing,0.8690503835678101,0.8955658078193665,False,False
da726dd7-3e4c-495e-98a7-690da61641e5,4a4f5245-c3e9-48ba-bb44-e5cad4d1a655,1.2769983144423611,0.0,15.699999809265137,2.9079774852554534,161.10731051221555,0.0,359.0,121.54449331426417,2965,2025-12-09 20:28:35+00:00,919.0384615384615,0.9559327792420107,0.0,16.299999237060547,2.716043210571072,134.21820371714506,0.0,359.0,127.8180308840883,2975.0,2025-12-09 14:50:01+00:00,259.5975117686617,20314.0,45.0,1.52,1.51,0.76,fishing,fishing,moored,moored,0.9832696914672852,0.8983041644096375,True,True
8b161c10-a3dc-4b43-a96a-5469f066e95d,8f7abcf5-2570-44da-a295-6e575644c328,3.568857428908127,0.0,10.199999809265137,1.938969565685238,181.13219536778743,0.10000000149011612,359.0,101.5730794030732,2967,2025-12-08 09:21:30+00:00,488.93088334457184,3.971621185754601,0.0,9.899999618530273,1.4681365745822506,172.18948522877585,0.20000000298023224,358.79998779296875,95.58636215297527,2967.0,2025-12-07 16:30:41+00:00,180.15542818610925,60649.0,49.0,1.65,1.65,0.83,transiting,transiting,fishing,fishing,0.8375128507614136,0.8522065877914429,True,True
d20e4e2c-0952-47e3-9089-2bdd248e89fb,56e4b6f6-5c20-4a9b-92ed-dda58a33b1b0,4.4422723707138445,0.0,10.399999618530273,2.772288562618201,169.45180883289638,0.0,359.0,110.75838055374,2394,2025-12-09 01:56:39+00:00,1064.5315503552026,5.1371112597441995,0.0,11.0,3.044583336992028,166.41496268176152,0.0,359.0,111.65337838752785,2347.0,2025-12-09 08:57:58+00:00,396.4658994032396,-25279.0,7.0,0.29,0.3,0.15,transiting,transiting,fishing,fishing,0.7758951783180237,0.586211621761322,True,True
